pmid,source,ling_score
32070994,linguistic,3.5
33237866,linguistic,5.0
34297061,linguistic,4.0
34320637,linguistic,5.0
34322854,linguistic,3.0
34387689,linguistic,4.0
34396391,linguistic,4.0
34403477,linguistic,4.5
34415321,linguistic,5.5
34432052,linguistic,4.0
34459872,linguistic,5.0
34469532,linguistic,4.5
34469540,linguistic,4.5
34500458,linguistic,4.5
34500460,linguistic,4.5
34500462,linguistic,4.5
34508353,linguistic,4.5
34508354,linguistic,4.5
34529036,linguistic,4.5
34530446,linguistic,5.0
34534336,linguistic,3.0
34534340,linguistic,3.0
34534350,linguistic,5.5
34546290,linguistic,4.0
34551437,linguistic,4.0
34551440,linguistic,5.0
34554251,linguistic,4.5
34554254,linguistic,3.0
34554255,linguistic,4.5
34570216,linguistic,4.0
34570217,linguistic,3.5
34570219,linguistic,4.5
34570220,linguistic,4.0
34570230,linguistic,5.0
34570235,linguistic,5.0
34570238,linguistic,4.5
34581824,linguistic,4.0
34585247,linguistic,3.5
34586352,linguistic,5.0
34586379,linguistic,4.5
34586393,linguistic,4.0
34591957,linguistic,4.5
34591960,linguistic,4.5
34606614,linguistic,5.5
34606615,linguistic,3.0
34606616,linguistic,5.5
34614159,linguistic,4.0
34634793,linguistic,4.5
34634794,linguistic,4.5
34634795,linguistic,4.0
34634797,linguistic,5.0
34634800,linguistic,4.0
34634807,linguistic,4.5
34634810,linguistic,5.0
34634815,linguistic,4.5
34634820,linguistic,3.5
34636883,linguistic,4.0
34643704,linguistic,5.0
34643709,linguistic,5.0
34643715,linguistic,4.0
34643725,linguistic,5.0
34643729,linguistic,5.0
34647978,linguistic,4.0
34648031,linguistic,4.5
34657153,linguistic,3.0
34664660,linguistic,3.5
34664666,linguistic,4.0
34664671,linguistic,4.0
34669946,linguistic,5.0
34669962,linguistic,5.0
34671807,linguistic,3.5
34672337,linguistic,4.0
34677586,linguistic,4.5
34679174,linguistic,3.5
34694372,linguistic,3.0
34709630,linguistic,3.0
34718406,linguistic,3.0
34718410,linguistic,4.0
34718689,linguistic,5.0
34718696,linguistic,4.5
34718710,linguistic,3.0
34718712,linguistic,4.0
34718713,linguistic,4.5
34718715,linguistic,3.0
34718719,linguistic,4.0
34718720,linguistic,3.0
34718726,linguistic,3.0
34718728,linguistic,3.0
34718734,linguistic,4.5
34718738,linguistic,4.5
34718740,linguistic,4.0
34718741,linguistic,4.0
34718745,linguistic,4.0
34718746,linguistic,4.5
34718747,linguistic,4.5
34718752,linguistic,3.5
34718760,linguistic,5.5
34723317,linguistic,5.0
34723320,linguistic,4.0
34723326,linguistic,4.5
34734974,linguistic,4.0
34747466,linguistic,4.0
34747470,linguistic,4.0
34747477,linguistic,4.5
34747480,linguistic,4.5
34747489,linguistic,4.5
34751388,linguistic,3.0
34751395,linguistic,5.0
34751399,linguistic,4.0
34751403,linguistic,5.5
34755867,linguistic,3.5
34755877,linguistic,4.0
34755879,linguistic,3.5
34755880,linguistic,3.0
34761257,linguistic,4.5
34761274,linguistic,4.0
34762062,linguistic,3.0
34773623,linguistic,4.5
34788791,linguistic,5.0
34788838,linguistic,4.5
34788852,linguistic,5.0
34791029,linguistic,4.0
34791067,linguistic,5.0
34791375,linguistic,4.0
34791415,linguistic,4.5
34791419,linguistic,3.0
34791421,linguistic,5.5
34791429,linguistic,5.0
34791440,linguistic,3.5
34792145,linguistic,5.0
34792158,linguistic,3.5
34792163,linguistic,3.5
34792166,linguistic,4.5
34792170,linguistic,3.5
34792587,linguistic,4.0
34840306,linguistic,3.5
34849578,linguistic,4.0
34849594,linguistic,3.5
34849976,linguistic,3.5
34850103,linguistic,3.5
34850110,linguistic,4.0
34850112,linguistic,4.0
34850116,linguistic,4.5
34850118,linguistic,4.0
34850121,linguistic,4.5
34850125,linguistic,4.5
34850127,linguistic,4.0
34850130,linguistic,4.5
34850133,linguistic,3.5
34850139,linguistic,5.0
34850155,linguistic,4.5
34850161,linguistic,4.5
34850907,linguistic,4.5
34850920,linguistic,3.0
34864853,linguistic,3.5
34864898,linguistic,4.0
34864908,linguistic,3.5
34864918,linguistic,3.5
34871441,linguistic,4.5
34875010,linguistic,5.0
34879732,linguistic,5.0
34888618,linguistic,4.0
34888624,linguistic,4.0
34893819,linguistic,4.5
34893873,linguistic,5.0
34897464,linguistic,3.0
34904638,linguistic,4.0
34914170,linguistic,3.0
34918130,linguistic,3.5
34918453,linguistic,3.0
34918744,linguistic,4.0
34921678,linguistic,3.0
34927666,linguistic,4.0
34927675,linguistic,3.5
34928524,linguistic,4.5
34933331,linguistic,3.0
34935889,linguistic,5.5
34935911,linguistic,4.0
34941991,linguistic,4.5
34951622,linguistic,4.5
34951848,linguistic,3.0
34954787,linguistic,4.5
34954795,linguistic,5.5
34962976,linguistic,4.5
34965209,linguistic,3.5
34977976,linguistic,4.0
34978816,linguistic,3.5
34983060,linguistic,5.5
34985769,linguistic,4.5
34986598,linguistic,3.5
34986599,linguistic,3.0
34986600,linguistic,5.5
34986601,linguistic,4.0
34986603,linguistic,4.5
34986604,linguistic,4.5
34991446,linguistic,4.5
34991450,linguistic,3.5
34991454,linguistic,3.0
34991484,linguistic,5.0
34996498,linguistic,3.0
34996997,linguistic,4.5
34997301,linguistic,3.0
34999748,linguistic,5.0
34999761,linguistic,4.5
35007196,linguistic,3.0
35007753,linguistic,5.0
35013825,linguistic,4.0
35014260,linguistic,3.5
35015132,linguistic,4.5
35015377,linguistic,4.0
35016262,linguistic,3.0
35020074,linguistic,3.0
35020790,linguistic,5.5
35020925,linguistic,4.5
35021191,linguistic,3.5
35024864,linguistic,4.5
35025997,linguistic,6.0
35031629,linguistic,3.0
35032286,linguistic,3.0
35037202,linguistic,3.5
35037942,linguistic,3.0
35039090,linguistic,3.5
35039845,linguistic,3.0
35040929,linguistic,3.0
35040932,linguistic,4.0
35042860,linguistic,3.0
35044164,linguistic,3.5
35044822,linguistic,3.0
35047815,linguistic,3.0
35055368,linguistic,3.5
35057621,linguistic,4.0
35058533,linguistic,3.0
35061087,linguistic,5.0
35064124,linguistic,3.5
35066208,linguistic,3.5
35068457,linguistic,5.0
35069469,linguistic,4.5
35072601,linguistic,4.5
35073313,linguistic,4.0
35073880,linguistic,3.0
35077539,linguistic,3.5
35078134,linguistic,3.5
35082835,linguistic,3.0
35094056,linguistic,5.0
35095484,linguistic,3.0
35099519,linguistic,3.5
35102160,linguistic,3.0
35104033,linguistic,3.5
35104317,linguistic,6.0
35104413,linguistic,3.5
35111182,linguistic,4.0
35112706,linguistic,4.5
35124170,linguistic,5.0
35124290,linguistic,3.5
35130035,linguistic,3.0
35132134,linguistic,3.5
35133949,linguistic,4.0
35134830,linguistic,4.0
35134833,linguistic,4.0
35134858,linguistic,3.0
35134877,linguistic,4.0
35138128,linguistic,5.0
35139152,linguistic,4.5
35141219,linguistic,3.5
35143074,linguistic,3.0
35143999,linguistic,4.0
35147037,linguistic,4.5
35148171,linguistic,4.5
35149212,linguistic,5.0
35150127,linguistic,4.5
35152286,linguistic,3.0
35154266,linguistic,3.0
35157015,linguistic,4.0
35159786,linguistic,3.0
35163948,linguistic,3.0
35164668,linguistic,3.5
35165358,linguistic,3.5
35168570,linguistic,3.0
35169150,linguistic,3.0
35174520,linguistic,4.5
35176143,linguistic,5.5
35179562,linguistic,4.5
35179566,linguistic,5.0
35180879,linguistic,3.0
35181599,linguistic,4.0
35181636,linguistic,3.0
35181971,linguistic,3.0
35182034,linguistic,3.5
35183129,linguistic,3.0
35186035,linguistic,4.5
35186498,linguistic,3.0
35187026,linguistic,4.0
35189131,linguistic,4.5
35193494,linguistic,4.5
35193498,linguistic,3.5
35193506,linguistic,4.0
35194141,linguistic,3.5
35196325,linguistic,3.0
35199146,linguistic,3.5
35199148,linguistic,4.5
35199151,linguistic,5.5
35201291,linguistic,5.0
35202091,linguistic,3.0
35207753,linguistic,3.5
35208748,linguistic,4.5
35208885,linguistic,3.0
35209912,linguistic,3.5
35213533,linguistic,3.0
35217168,linguistic,3.0
35217206,linguistic,3.5
35221333,linguistic,3.5
35222846,linguistic,4.0
35222847,linguistic,5.0
35226074,linguistic,3.0
35227289,linguistic,5.5
35229639,linguistic,3.0
35230424,linguistic,5.0
35234034,linguistic,3.5
35234849,linguistic,3.0
35234850,linguistic,4.0
35234904,linguistic,3.5
35234913,linguistic,3.0
35238331,linguistic,4.0
35242021,linguistic,3.5
35242914,linguistic,3.0
35253844,linguistic,4.5
35254998,linguistic,4.5
35255958,linguistic,3.5
35263335,linguistic,3.0
35266505,linguistic,4.5
35266524,linguistic,4.5
35273156,linguistic,3.0
35274672,linguistic,4.5
35274679,linguistic,4.5
35274687,linguistic,4.0
35275211,linguistic,5.0
35277513,linguistic,3.0
35277958,linguistic,4.0
35281798,linguistic,3.0
35281847,linguistic,4.0
35283898,linguistic,3.5
35284049,linguistic,4.5
35285150,linguistic,3.5
35285473,linguistic,3.5
35286768,linguistic,3.5
35286803,linguistic,3.0
35289353,linguistic,3.5
35289616,linguistic,3.5
35289834,linguistic,4.0
35289871,linguistic,4.0
35290901,linguistic,4.0
35294761,linguistic,3.5
35295213,linguistic,4.0
35297013,linguistic,3.0
35297015,linguistic,3.0
35298480,linguistic,4.0
35298515,linguistic,3.0
35301752,linguistic,3.5
35303059,linguistic,3.0
35305011,linguistic,4.0
35306049,linguistic,4.5
35306140,linguistic,4.5
35309132,linguistic,3.5
35311639,linguistic,3.0
35315058,linguistic,3.5
35317233,linguistic,3.5
35318332,linguistic,4.0
35322350,linguistic,3.0
35325039,linguistic,4.0
35325185,linguistic,3.0
35325188,linguistic,3.5
35328546,linguistic,3.0
35331624,linguistic,3.0
35337333,linguistic,3.0
35337346,linguistic,3.0
35337352,linguistic,3.0
35337353,linguistic,3.0
35337355,linguistic,3.0
35337357,linguistic,3.0
35337358,linguistic,3.5
35337359,linguistic,3.0
35337363,linguistic,3.0
35337366,linguistic,3.0
35345455,linguistic,3.0
35346022,linguistic,3.5
35348582,linguistic,3.5
35348639,linguistic,4.5
35348640,linguistic,5.0
35348648,linguistic,5.5
35348649,linguistic,4.0
35350773,linguistic,4.0
35351987,linguistic,3.0
35352997,linguistic,4.0
35353316,linguistic,3.0
35354826,linguistic,4.5
35356545,linguistic,3.0
35358235,linguistic,3.5
35359334,linguistic,3.5
35361119,linguistic,3.5
35362561,linguistic,3.0
35365069,linguistic,4.5
35365666,linguistic,3.0
35365676,linguistic,3.5
35366467,linguistic,3.0
35368077,linguistic,4.0
35368340,linguistic,4.0
35368672,linguistic,3.5
35370187,linguistic,3.0
35372652,linguistic,3.0
35378437,linguistic,3.5
35380657,linguistic,5.0
35380658,linguistic,3.0
35381376,linguistic,4.0
35382564,linguistic,3.5
35383183,linguistic,4.0
35385099,linguistic,3.0
35386103,linguistic,3.5
35387734,linguistic,3.0
35388171,linguistic,5.5
35388368,linguistic,3.5
35389344,linguistic,3.5
35390003,linguistic,3.0
35390717,linguistic,3.5
35395275,linguistic,3.0
35396615,linguistic,3.0
35401459,linguistic,3.0
35401578,linguistic,3.5
35411045,linguistic,4.0
35411388,linguistic,4.0
35411389,linguistic,3.0
35411390,linguistic,4.0
35412635,linguistic,3.5
35412637,linguistic,4.5
35413965,linguistic,3.5
35414795,linguistic,4.0
35417352,linguistic,3.5
35418686,linguistic,3.0
35426945,linguistic,4.0
35430561,linguistic,3.5
35430947,linguistic,4.0
35435220,linguistic,5.0
35436292,linguistic,3.0
35436998,linguistic,4.0
35437394,linguistic,3.0
35437474,linguistic,3.0
35438150,linguistic,6.0
35438783,linguistic,3.0
35441360,linguistic,4.0
35441674,linguistic,3.0
35443040,linguistic,3.5
35445695,linguistic,5.0
35445712,linguistic,3.0
35446421,linguistic,3.0
35446579,linguistic,4.0
35446912,linguistic,3.5
35448733,linguistic,3.0
35451453,linguistic,4.0
35452518,linguistic,4.5
35452708,linguistic,3.0
35453146,linguistic,4.0
35454168,linguistic,4.0
35459273,linguistic,3.5
35460467,linguistic,4.5
35461097,linguistic,4.5
35462956,linguistic,3.0
35464838,linguistic,3.5
35468810,linguistic,3.5
35469024,linguistic,4.0
35469349,linguistic,3.0
35470070,linguistic,4.0
35472084,linguistic,3.0
35474383,linguistic,5.0
35474393,linguistic,3.5
35474880,linguistic,3.0
35475145,linguistic,4.0
35480326,linguistic,4.5
35481632,linguistic,4.5
35482537,linguistic,4.0
35487995,linguistic,4.0
35489057,linguistic,3.0
35489067,linguistic,3.5
35498549,linguistic,3.0
35500907,linguistic,3.0
35501320,linguistic,5.0
35501677,linguistic,3.5
35504357,linguistic,4.5
35508507,linguistic,3.5
35508828,linguistic,4.5
35508965,linguistic,4.5
35512388,linguistic,3.5
35512708,linguistic,3.0
35518360,linguistic,4.5
35523906,linguistic,4.0
35524165,linguistic,4.0
35524174,linguistic,5.0
35524557,linguistic,5.5
35524563,linguistic,4.0
35524568,linguistic,3.0
35524571,linguistic,3.5
35524573,linguistic,4.0
35526357,linguistic,4.0
35532083,linguistic,4.5
35533187,linguistic,3.5
35536198,linguistic,4.0
35536252,linguistic,5.0
35536289,linguistic,5.0
35536846,linguistic,4.0
35544233,linguistic,4.5
35544234,linguistic,4.0
35547119,linguistic,3.5
35549894,linguistic,4.5
35550647,linguistic,3.0
35551216,linguistic,3.0
35552372,linguistic,4.5
35552418,linguistic,3.0
35552640,linguistic,5.5
35556129,linguistic,3.5
35560008,linguistic,4.0
35560102,linguistic,3.0
35561164,linguistic,4.0
35561166,linguistic,4.0
35561179,linguistic,4.5
35561185,linguistic,4.0
35561186,linguistic,3.0
35561201,linguistic,4.0
35561293,linguistic,3.0
35562653,linguistic,3.5
35562840,linguistic,5.5
35567946,linguistic,5.0
35568950,linguistic,3.0
35575379,linguistic,4.5
35577067,linguistic,3.0
35577300,linguistic,3.0
35579453,linguistic,3.0
35580044,linguistic,3.0
35580047,linguistic,3.5
35580059,linguistic,4.5
35580077,linguistic,3.0
35584008,linguistic,3.0
35586036,linguistic,3.0
35586731,linguistic,4.0
35592546,linguistic,4.5
35594415,linguistic,3.0
35595213,linguistic,5.0
35595235,linguistic,4.0
35595612,linguistic,3.0
35595749,linguistic,4.5
35599136,linguistic,3.0
35599823,linguistic,3.0
35609982,linguistic,3.5
35609986,linguistic,5.5
35609987,linguistic,4.0
35609995,linguistic,4.0
35610035,linguistic,4.0
35610052,linguistic,4.0
35610055,linguistic,4.5
35610235,linguistic,3.0
35612084,linguistic,3.0
35612222,linguistic,3.5
35614082,linguistic,4.0
35614210,linguistic,3.0
35616100,linguistic,3.0
35617175,linguistic,5.0
35617323,linguistic,4.0
35625024,linguistic,4.5
35625412,linguistic,4.0
35627130,linguistic,3.0
35637632,linguistic,4.0
35637887,linguistic,3.5
35638426,linguistic,4.0
35639514,linguistic,4.5
35639517,linguistic,4.5
35639618,linguistic,3.5
35639735,linguistic,4.5
35639770,linguistic,4.0
35639928,linguistic,3.5
35639952,linguistic,4.0
35640384,linguistic,3.5
35640594,linguistic,4.5
35641095,linguistic,5.0
35641547,linguistic,4.5
35641682,linguistic,4.5
35642895,linguistic,4.0
35643087,linguistic,3.0
35643189,linguistic,4.5
35643191,linguistic,3.5
35643512,linguistic,3.5
35649390,linguistic,3.0
35650204,linguistic,4.0
35650262,linguistic,3.0
35652722,linguistic,4.0
35654801,linguistic,4.0
35654905,linguistic,3.0
35655307,linguistic,4.0
35657113,linguistic,3.0
35657588,linguistic,3.5
35659285,linguistic,5.0
35659449,linguistic,3.0
35660007,linguistic,4.0
35662455,linguistic,4.5
35662458,linguistic,5.0
35662459,linguistic,4.0
35662462,linguistic,4.5
35662469,linguistic,3.5
35664227,linguistic,4.0
35664339,linguistic,3.5
35664677,linguistic,4.0
35668357,linguistic,3.0
35669450,linguistic,3.5
35670335,linguistic,3.5
35670730,linguistic,4.0
35670735,linguistic,4.5
35671383,linguistic,3.5
35672420,linguistic,3.0
35672769,linguistic,4.0
35673010,linguistic,5.0
35674373,linguistic,5.5
35675101,linguistic,3.0
35676297,linguistic,4.5
35680916,linguistic,3.0
35685362,linguistic,3.0
35685370,linguistic,4.5
35685437,linguistic,3.5
35687095,linguistic,5.0
35688892,linguistic,3.5
35690280,linguistic,5.0
35692690,linguistic,4.0
35693187,linguistic,4.5
35695374,linguistic,3.5
35695435,linguistic,4.5
35696018,linguistic,4.0
35696079,linguistic,3.0
35697698,linguistic,4.5
35698617,linguistic,3.0
35699774,linguistic,4.0
35701407,linguistic,4.0
35701419,linguistic,3.5
35701420,linguistic,3.0
35703370,linguistic,3.0
35703577,linguistic,4.5
35705797,linguistic,3.5
35710683,linguistic,3.0
35711912,linguistic,3.5
35713500,linguistic,4.5
35713513,linguistic,4.0
35713762,linguistic,4.0
35714875,linguistic,3.5
35723975,linguistic,4.0
35724561,linguistic,3.0
35725848,linguistic,3.0
35729167,linguistic,3.0
35731570,linguistic,3.0
35732783,linguistic,3.5
35735230,linguistic,4.0
35738723,linguistic,3.0
35743803,linguistic,3.0
35748708,linguistic,5.0
35748710,linguistic,4.0
35749381,linguistic,3.5
35751824,linguistic,3.5
35752639,linguistic,3.5
35752654,linguistic,3.5
35753693,linguistic,4.0
35753697,linguistic,3.5
35754095,linguistic,4.5
35756250,linguistic,3.0
35758788,linguistic,4.5
35758806,linguistic,4.0
35758810,linguistic,4.0
35758881,linguistic,3.0
35758882,linguistic,4.5
35760231,linguistic,4.0
35761793,linguistic,3.5
35762265,linguistic,4.5
35762804,linguistic,3.0
35764639,linguistic,3.5
35771165,linguistic,3.0
35771624,linguistic,5.5
35774515,linguistic,3.0
35775902,linguistic,4.5
35776068,linguistic,3.5
35776384,linguistic,3.0
35776534,linguistic,3.0
35776535,linguistic,5.0
35778384,linguistic,4.0
35779245,linguistic,4.5
35780383,linguistic,3.5
35782725,linguistic,5.0
35785665,linguistic,3.5
35787295,linguistic,4.5
35788654,linguistic,4.0
35792893,linguistic,3.0
35794151,linguistic,3.0
35796594,linguistic,4.0
35799352,linguistic,5.5
35799364,linguistic,5.0
35801909,linguistic,3.0
35801940,linguistic,4.0
35804309,linguistic,4.0
35804320,linguistic,4.5
35805101,linguistic,3.5
35806459,linguistic,4.0
35809063,linguistic,5.5
35809855,linguistic,3.0
35810958,linguistic,3.5
35815793,linguistic,3.0
35816925,linguistic,3.0
35818996,linguistic,3.5
35820040,linguistic,3.0
35821017,linguistic,3.5
35833709,linguistic,4.5
35839778,linguistic,3.5
35842742,linguistic,4.5
35844834,linguistic,4.0
35849014,linguistic,3.0
35849028,linguistic,4.0
35849818,linguistic,3.0
35853340,linguistic,3.0
35856889,linguistic,3.0
35857265,linguistic,3.0
35857541,linguistic,3.5
35858960,linguistic,3.0
35859338,linguistic,4.5
35863045,linguistic,4.0
35864133,linguistic,3.0
35869511,linguistic,4.0
35870894,linguistic,3.0
35871305,linguistic,4.5
35872412,linguistic,3.5
35876159,linguistic,4.0
35876977,linguistic,5.0
35879321,linguistic,3.5
35881019,linguistic,4.0
35881481,linguistic,5.0
35881922,linguistic,3.0
35882976,linguistic,4.0
35883018,linguistic,4.5
35883523,linguistic,3.0
35886221,linguistic,3.0
35891795,linguistic,5.0
35891797,linguistic,4.0
35896020,linguistic,4.0
35898309,linguistic,4.5
35900159,linguistic,3.5
35900347,linguistic,3.0
35904542,linguistic,5.0
35906703,linguistic,3.5
35908389,linguistic,4.0
35910653,linguistic,3.5
35913188,linguistic,3.5
35916725,linguistic,5.0
35920772,linguistic,4.0
35924984,linguistic,3.5
35927555,linguistic,3.0
35927614,linguistic,3.5
35928124,linguistic,3.0
35930941,linguistic,4.5
35931981,linguistic,3.0
35932227,linguistic,5.0
35933489,linguistic,3.5
35936325,linguistic,3.5
35938023,linguistic,3.5
35941762,linguistic,3.0
35945222,linguistic,3.0
35947748,linguistic,5.0
35950764,linguistic,3.0
35951566,linguistic,3.5
35952423,linguistic,4.0
35953524,linguistic,3.0
35953768,linguistic,3.0
35961607,linguistic,3.5
35962028,linguistic,3.0
35962763,linguistic,4.5
35962986,linguistic,3.5
35971335,linguistic,3.0
35971612,linguistic,5.0
35971647,linguistic,4.5
35972351,linguistic,3.5
35974061,linguistic,3.5
35976846,linguistic,3.5
35977827,linguistic,3.5
35977841,linguistic,3.0
35980167,linguistic,4.5
35980286,linguistic,4.0
35980571,linguistic,3.0
35987763,linguistic,3.0
35994130,linguistic,4.5
35994309,linguistic,4.5
36002623,linguistic,3.5
36003902,linguistic,4.5
36005855,linguistic,4.5
36005997,linguistic,3.5
36006843,linguistic,3.5
36006844,linguistic,4.0
36008829,linguistic,3.0
36011344,linguistic,3.0
36016573,linguistic,3.0
36016718,linguistic,4.0
36018484,linguistic,3.0
36028515,linguistic,4.5
36029479,linguistic,4.0
36029977,linguistic,3.5
36035123,linguistic,3.5
36036594,linguistic,3.5
36036832,linguistic,3.0
36039757,linguistic,3.5
36040109,linguistic,4.5
36040790,linguistic,3.0
36043401,linguistic,4.0
36043442,linguistic,4.5
36047841,linguistic,5.0
36049666,linguistic,4.5
36053554,linguistic,5.0
36053857,linguistic,3.0
36054653,linguistic,3.5
36056235,linguistic,4.5
36058206,linguistic,3.0
36059922,linguistic,3.0
36062570,linguistic,4.5
36064320,linguistic,3.5
36066416,linguistic,3.5
36066494,linguistic,3.0
36069866,linguistic,3.5
36069936,linguistic,6.0
36070129,linguistic,3.0
36070252,linguistic,4.0
36070863,linguistic,4.0
36073491,linguistic,6.0
36074804,linguistic,4.5
36081550,linguistic,4.5
36083008,linguistic,4.0
36084081,linguistic,3.0
36086045,linguistic,3.0
36087207,linguistic,3.0
36088355,linguistic,3.5
36090812,linguistic,3.5
36091046,linguistic,5.5
36092435,linguistic,3.0
36094905,linguistic,3.0
36094924,linguistic,3.5
36095221,linguistic,4.5
36098562,linguistic,3.0
36099978,linguistic,3.0
36108739,linguistic,3.5
36109405,linguistic,3.5
36109487,linguistic,3.5
36111870,linguistic,5.5
36114445,linguistic,3.0
36123328,linguistic,3.0
36123626,linguistic,3.0
36124670,linguistic,4.5
36124785,linguistic,4.5
36124798,linguistic,5.0
36124800,linguistic,4.5
36124958,linguistic,4.0
36130056,linguistic,4.5
36130266,linguistic,4.0
36131199,linguistic,3.5
36134710,linguistic,4.0
36134713,linguistic,3.5
36134718,linguistic,4.0
36135348,linguistic,3.5
36137552,linguistic,3.0
36146935,linguistic,4.5
36147666,linguistic,4.0
36151114,linguistic,3.5
36151130,linguistic,3.5
36159991,linguistic,4.5
36161321,linguistic,4.0
36162041,linguistic,5.0
36162726,linguistic,4.5
36162821,linguistic,4.5
36164975,linguistic,5.0
36164976,linguistic,4.5
36165892,linguistic,4.5
36165955,linguistic,4.5
36169223,linguistic,4.5
36169225,linguistic,4.0
36169226,linguistic,4.0
36169237,linguistic,4.0
36169329,linguistic,4.0
36169978,linguistic,3.0
36170113,linguistic,4.0
36173168,linguistic,3.5
36175767,linguistic,3.0
36177882,linguistic,4.5
36178800,linguistic,4.5
36178955,linguistic,3.0
36179089,linguistic,6.0
36189883,linguistic,3.5
36189892,linguistic,3.0
36189903,linguistic,3.5
36194209,linguistic,3.0
36196656,linguistic,4.0
36200814,linguistic,4.0
36200824,linguistic,5.0
36200827,linguistic,3.5
36200836,linguistic,5.0
36200838,linguistic,3.0
36203144,linguistic,3.5
36205845,linguistic,3.5
36206157,linguistic,3.0
36206273,linguistic,3.0
36207341,linguistic,3.0
36207453,linguistic,3.5
36207780,linguistic,3.0
36209954,linguistic,4.5
36215029,linguistic,5.0
36215037,linguistic,4.5
36217102,linguistic,3.0
36217386,linguistic,4.5
36220886,linguistic,3.5
36222201,linguistic,4.5
36222566,linguistic,5.0
36225653,linguistic,3.0
36239113,linguistic,3.5
36239391,linguistic,3.0
36243772,linguistic,3.0
36243775,linguistic,3.0
36243817,linguistic,3.5
36243959,linguistic,5.5
36243960,linguistic,3.0
36243961,linguistic,5.0
36243962,linguistic,4.0
36243963,linguistic,4.5
36243964,linguistic,4.0
36243967,linguistic,5.0
36243970,linguistic,3.5
36243971,linguistic,3.5
36243972,linguistic,4.5
36243973,linguistic,4.0
36243976,linguistic,4.0
36243982,linguistic,4.5
36243984,linguistic,4.5
36243987,linguistic,3.0
36243988,linguistic,4.0
36243989,linguistic,4.0
36245702,linguistic,5.0
36247691,linguistic,3.0
36251279,linguistic,3.0
36251776,linguistic,3.5
36254161,linguistic,4.0
36255293,linguistic,4.5
36257484,linguistic,4.5
36259946,linguistic,5.5
36263784,linguistic,4.5
36263826,linguistic,4.5
36264141,linguistic,5.0
36265769,linguistic,3.0
36266547,linguistic,3.0
36266726,linguistic,4.5
36268860,linguistic,4.0
36268869,linguistic,4.0
36270998,linguistic,3.0
36271369,linguistic,4.0
36271790,linguistic,4.0
36271792,linguistic,4.5
36271793,linguistic,3.0
36271794,linguistic,4.5
36271795,linguistic,4.0
36271888,linguistic,4.5
36274234,linguistic,4.5
36279873,linguistic,3.5
36280237,linguistic,4.5
36280721,linguistic,3.0
36281025,linguistic,3.0
36282546,linguistic,5.0
36283679,linguistic,3.5
36286319,linguistic,4.0
36287286,linguistic,4.5
36288371,linguistic,3.0
36293349,linguistic,3.5
36293549,linguistic,3.0
36300617,linguistic,4.0
36300618,linguistic,4.5
36300619,linguistic,4.0
36300630,linguistic,4.0
36300631,linguistic,4.0
36300680,linguistic,4.5
36304304,linguistic,4.5
36305460,linguistic,4.0
36305818,linguistic,5.0
36305822,linguistic,4.5
36305824,linguistic,4.5
36305828,linguistic,3.5
36305834,linguistic,5.0
36305870,linguistic,4.5
36307625,linguistic,3.0
36307762,linguistic,3.5
36307977,linguistic,3.5
36309134,linguistic,4.5
36311644,linguistic,4.0
36312370,linguistic,3.5
36312463,linguistic,4.0
36312521,linguistic,4.0
36312837,linguistic,4.0
36316489,linguistic,4.5
36318236,linguistic,4.5
36318239,linguistic,4.5
36318242,linguistic,5.0
36318246,linguistic,4.5
36318248,linguistic,3.5
36318250,linguistic,5.0
36318251,linguistic,4.0
36318256,linguistic,4.5
36318257,linguistic,4.5
36318258,linguistic,4.5
36318260,linguistic,3.0
36318261,linguistic,4.0
36320030,linguistic,3.0
36321651,linguistic,5.0
36321659,linguistic,4.5
36321662,linguistic,3.5
36321663,linguistic,3.0
36321857,linguistic,3.5
36321886,linguistic,4.0
36322519,linguistic,4.5
36328151,linguistic,4.5
36328766,linguistic,3.5
36329825,linguistic,4.5
36330496,linguistic,3.0
36330950,linguistic,3.0
36333579,linguistic,3.0
36340350,linguistic,4.0
36344773,linguistic,3.0
36346548,linguistic,4.5
36347537,linguistic,3.0
36347894,linguistic,3.5
36350608,linguistic,3.0
36350625,linguistic,3.0
36350627,linguistic,4.0
36350631,linguistic,4.5
36350638,linguistic,4.5
36350644,linguistic,5.0
36350646,linguistic,4.5
36350659,linguistic,5.0
36350662,linguistic,5.0
36350663,linguistic,4.0
36350671,linguistic,4.5
36350676,linguistic,3.0
36350677,linguistic,5.0
36351928,linguistic,3.5
36352543,linguistic,3.0
36353986,linguistic,5.0
36355452,linguistic,3.5
36357404,linguistic,3.5
36361870,linguistic,3.5
36364843,linguistic,3.0
36365786,linguistic,3.0
36367311,linguistic,4.5
36367312,linguistic,3.0
36367313,linguistic,4.0
36370097,linguistic,5.0
36370105,linguistic,3.0
36371515,linguistic,3.0
36373969,linguistic,6.0
36376589,linguistic,3.0
36376761,linguistic,3.5
36377787,linguistic,4.0
36377945,linguistic,4.0
36382402,linguistic,4.5
36382407,linguistic,3.5
36382409,linguistic,4.5
36384083,linguistic,3.0
36388568,linguistic,4.0
36394265,linguistic,4.0
36394419,linguistic,4.0
36394420,linguistic,5.0
36395823,linguistic,4.0
36399413,linguistic,3.5
36399452,linguistic,4.0
36399478,linguistic,4.0
36399486,linguistic,4.5
36399488,linguistic,4.0
36399495,linguistic,3.0
36399496,linguistic,3.0
36399497,linguistic,5.0
36399502,linguistic,5.5
36399505,linguistic,3.5
36400569,linguistic,5.0
36401306,linguistic,3.0
36401317,linguistic,5.5
36402034,linguistic,3.0
36402891,linguistic,3.5
36403184,linguistic,3.0
36407792,linguistic,3.0
36408900,linguistic,3.5
36408909,linguistic,3.0
36409390,linguistic,4.5
36411285,linguistic,3.0
36412325,linguistic,4.0
36416193,linguistic,3.5
36416261,linguistic,4.0
36416266,linguistic,3.5
36416273,linguistic,5.0
36418335,linguistic,4.0
36419334,linguistic,4.0
36420165,linguistic,4.0
36420167,linguistic,3.0
36420168,linguistic,3.5
36420896,linguistic,3.0
36421454,linguistic,3.0
36423555,linguistic,3.5
36426870,linguistic,4.0
36427009,linguistic,3.0
36433993,linguistic,4.0
36436153,linguistic,3.0
36436489,linguistic,3.5
36437603,linguistic,3.5
36440758,linguistic,4.5
36443666,linguistic,4.5
36444142,linguistic,3.0
36448715,linguistic,3.5
36453831,linguistic,4.5
36453861,linguistic,3.0
36453866,linguistic,6.0
36453872,linguistic,4.5
36453996,linguistic,4.0
36454018,linguistic,4.0
36454444,linguistic,3.0
36456919,linguistic,3.5
36458437,linguistic,4.0
36459116,linguistic,3.5
36460623,linguistic,3.5
36463386,linguistic,3.5
36464489,linguistic,3.5
36464731,linguistic,3.0
36464767,linguistic,3.5
36467575,linguistic,4.0
36467581,linguistic,5.0
36469362,linguistic,3.5
36473868,linguistic,3.0
36474016,linguistic,3.5
36474140,linguistic,3.5
36474475,linguistic,3.5
36476851,linguistic,3.0
36477791,linguistic,5.0
36477806,linguistic,5.0
36477976,linguistic,4.5
36478271,linguistic,3.5
36479579,linguistic,4.5
36480100,linguistic,3.0
36480578,linguistic,3.5
36483087,linguistic,3.0
36483202,linguistic,5.0
36484697,linguistic,5.0
36494486,linguistic,4.5
36494623,linguistic,5.0
36495218,linguistic,4.0
36495883,linguistic,3.5
36495921,linguistic,5.5
36496501,linguistic,3.0
36499269,linguistic,3.0
36499696,linguistic,3.0
36503126,linguistic,4.5
36503436,linguistic,3.0
36509753,linguistic,4.0
36509942,linguistic,3.5
36512929,linguistic,4.5
36513375,linguistic,3.5
36515263,linguistic,3.0
36515985,linguistic,4.0
36518292,linguistic,3.0
36518520,linguistic,3.5
36519267,linguistic,4.0
36519835,linguistic,5.0
36520398,linguistic,3.0
36522346,linguistic,3.0
36525367,linguistic,5.5
36526638,linguistic,3.0
36526881,linguistic,3.5
36526955,linguistic,3.5
36532379,linguistic,3.0
36532870,linguistic,3.0
36533143,linguistic,3.5
36537804,linguistic,3.0
36539202,linguistic,4.0
36542312,linguistic,3.0
36542404,linguistic,3.0
36544722,linguistic,4.0
36545703,linguistic,3.5
36548389,linguistic,5.5
36548962,linguistic,4.0
36549175,linguistic,4.5
36549590,linguistic,3.0
36558536,linguistic,3.0
36562325,linguistic,3.0
36564505,linguistic,3.0
36565302,linguistic,3.5
36567525,linguistic,3.0
36568962,linguistic,3.5
36571479,linguistic,5.0
36572655,linguistic,3.0
36572678,linguistic,3.0
36576353,linguistic,3.0
36579886,linguistic,4.0
36581374,linguistic,3.5
36582435,linguistic,3.5
36587232,linguistic,4.5
36592044,linguistic,4.5
36596370,linguistic,3.0
36598340,linguistic,3.5
36601119,linguistic,3.0
36602030,linguistic,3.0
36604610,linguistic,3.5
36607068,linguistic,3.5
36608843,linguistic,3.5
36609142,linguistic,3.0
36609461,linguistic,3.0
36610216,linguistic,3.0
36617168,linguistic,3.0
36620582,linguistic,3.0
36621552,linguistic,3.5
36622559,linguistic,3.0
36624664,linguistic,4.5
36624667,linguistic,4.5
36627305,linguistic,3.5
36630461,linguistic,4.0
36630702,linguistic,3.5
36634041,linguistic,3.0
36635305,linguistic,3.0
36637201,linguistic,4.0
36639093,linguistic,3.0
36640825,linguistic,5.0
36640942,linguistic,3.0
36641216,linguistic,3.5
36644825,linguistic,3.5
36646374,linguistic,5.0
36650904,linguistic,3.0
36652461,linguistic,4.0
36653322,linguistic,4.0
36655375,linguistic,3.0
36655761,linguistic,5.0
36656075,linguistic,5.0
36658229,linguistic,3.0
36662691,linguistic,3.0
36675199,linguistic,3.5
36675905,linguistic,4.0
36676869,linguistic,3.0
36680080,linguistic,3.0
36688502,linguistic,3.0
36688700,linguistic,5.5
36688702,linguistic,4.0
36688705,linguistic,4.0
36693629,linguistic,4.5
36693874,linguistic,3.0
36693896,linguistic,4.5
36694725,linguistic,3.0
36696595,linguistic,4.5
36698975,linguistic,4.0
36699350,linguistic,4.5
36700083,linguistic,4.0
36702456,linguistic,4.0
36703003,linguistic,3.0
36704562,linguistic,3.0
36707765,linguistic,3.0
36707995,linguistic,5.0
36710629,linguistic,3.0
36710661,linguistic,4.0
36713195,linguistic,4.0
36713829,linguistic,4.5
36715855,linguistic,3.0
36717789,linguistic,4.0
36719094,linguistic,3.0
36723167,linguistic,5.0
36723815,linguistic,3.5
36724634,linguistic,4.5
36727945,linguistic,3.0
36728891,linguistic,4.0
36732606,linguistic,3.5
36736370,linguistic,3.5
36736440,linguistic,5.5
36737439,linguistic,3.0
36739282,linguistic,3.0
36744907,linguistic,4.0
36747011,linguistic,3.5
36747479,linguistic,4.0
36750521,linguistic,4.0
36750720,linguistic,3.0
36751910,linguistic,3.0
36755570,linguistic,4.5
36757087,linguistic,4.0
36758122,linguistic,3.0
36758962,linguistic,3.0
36759590,linguistic,3.5
36760999,linguistic,3.5
36761627,linguistic,3.0
36761658,linguistic,3.0
36761837,linguistic,3.5
36764355,linguistic,4.0
36772292,linguistic,3.5
36772980,linguistic,3.5
36773775,linguistic,3.0
36774895,linguistic,3.5
36775056,linguistic,3.5
36776141,linguistic,3.0
36776991,linguistic,3.0
36777178,linguistic,3.5
36779038,linguistic,3.5
36787439,linguistic,3.0
36789226,linguistic,3.0
36790055,linguistic,3.5
36790087,linguistic,3.5
36792372,linguistic,3.0
36796796,linguistic,3.5
36797409,linguistic,3.5
36799723,linguistic,3.5
36799778,linguistic,4.0
36803795,linguistic,4.0
36804047,linguistic,5.0
36806329,linguistic,3.0
36806692,linguistic,5.0
36806894,linguistic,3.0
36817105,linguistic,4.5
36822264,linguistic,3.0
36823221,linguistic,3.0
36823331,linguistic,3.0
36824504,linguistic,3.0
36828269,linguistic,4.5
36830638,linguistic,3.0
36835976,linguistic,3.0
36840404,linguistic,3.5
36840614,linguistic,3.5
36846778,linguistic,3.0
36847334,linguistic,3.0
36847398,linguistic,3.5
36847450,linguistic,4.0
36847544,linguistic,3.0
36847572,linguistic,3.0
36847716,linguistic,4.0
36848718,linguistic,3.0
36849471,linguistic,3.5
36850877,linguistic,3.0
36851706,linguistic,3.0
36852842,linguistic,3.5
36856688,linguistic,4.0
36857197,linguistic,3.5
36857575,linguistic,4.0
36862304,linguistic,3.5
36862460,linguistic,3.5
36864613,linguistic,4.5
36864624,linguistic,4.5
36864926,linguistic,3.0
36869285,linguistic,3.0
36869836,linguistic,4.0
36869839,linguistic,3.5
36871033,linguistic,3.0
36871844,linguistic,3.0
36874981,linguistic,3.5
36875146,linguistic,3.5
36879236,linguistic,3.5
36882164,linguistic,4.5
36882166,linguistic,4.0
36882183,linguistic,5.0
36883717,linguistic,3.0
36884076,linguistic,3.5
36890446,linguistic,3.5
36890882,linguistic,3.5
36892166,linguistic,3.0
36894999,linguistic,5.0
36895025,linguistic,3.5
36896476,linguistic,5.0
36910986,linguistic,4.5
36912077,linguistic,3.0
36912284,linguistic,3.5
36913438,linguistic,3.5
36916756,linguistic,3.5
36917599,linguistic,4.0
36918221,linguistic,3.0
36918816,linguistic,3.0
36922546,linguistic,4.0
36924495,linguistic,3.0
36927193,linguistic,3.5
36928108,linguistic,3.0
36928528,linguistic,3.0
36929177,linguistic,4.0
36929933,linguistic,5.5
36930729,linguistic,4.0
36930969,linguistic,4.0
36932341,linguistic,4.0
36933822,linguistic,4.0
36934110,linguistic,3.0
36934538,linguistic,6.0
36941275,linguistic,3.0
36941620,linguistic,3.0
36941625,linguistic,3.0
36941644,linguistic,3.0
36941659,linguistic,3.0
36941668,linguistic,3.0
36941681,linguistic,3.0
36941694,linguistic,3.0
36941711,linguistic,3.0
36941722,linguistic,3.0
36941729,linguistic,3.0
36944655,linguistic,4.5
36944675,linguistic,3.5
36947346,linguistic,4.0
36949095,linguistic,3.5
36949401,linguistic,3.0
36950105,linguistic,3.5
36950143,linguistic,3.0
36950350,linguistic,4.0
36960290,linguistic,3.5
36961332,linguistic,4.0
36961337,linguistic,3.5
36964722,linguistic,3.5
36965899,linguistic,3.0
36968016,linguistic,4.5
36969452,linguistic,4.0
36971243,linguistic,4.5
36973309,linguistic,4.0
36973698,linguistic,3.5
36978122,linguistic,3.5
36978419,linguistic,3.5
36980819,linguistic,3.5
36986961,linguistic,3.5
36988831,linguistic,3.5
36991341,linguistic,4.5
36993866,linguistic,4.0
36993970,linguistic,5.5
36995916,linguistic,4.5
36999902,linguistic,5.5
37000408,linguistic,5.0
37001349,linguistic,4.0
37001506,linguistic,3.0
37002681,linguistic,4.5
37003963,linguistic,3.5
37004080,linguistic,3.0
37004189,linguistic,4.0
37005691,linguistic,5.0
37010519,linguistic,4.5
37010521,linguistic,4.0
37012284,linguistic,3.5
37014365,linguistic,5.0
37014908,linguistic,3.0
37016293,linguistic,3.5
37018146,linguistic,5.0
37018393,linguistic,3.0
37019916,linguistic,3.0
37023843,linguistic,3.0
37024650,linguistic,3.0
37026389,linguistic,4.0
37030102,linguistic,3.5
37033061,linguistic,3.0
37039735,linguistic,3.0
37042467,linguistic,4.0
37042720,linguistic,5.5
37052519,linguistic,5.5
37054878,linguistic,5.0
37055538,linguistic,3.0
37055660,linguistic,3.0
37067413,linguistic,3.5
37069540,linguistic,3.5
37069545,linguistic,4.0
37069644,linguistic,3.5
37070190,linguistic,4.0
37076509,linguistic,5.0
37079066,linguistic,3.0
37079979,linguistic,3.0
37080771,linguistic,3.5
37080987,linguistic,3.5
37081024,linguistic,3.0
37082111,linguistic,3.0
37084387,linguistic,4.5
37086947,linguistic,4.5
37091248,linguistic,4.0
37092604,linguistic,3.0
37093804,linguistic,3.0
37093824,linguistic,3.0
37093842,linguistic,4.0
37099369,linguistic,3.5
37099501,linguistic,3.0
37101150,linguistic,4.5
37106367,linguistic,4.0
37112801,linguistic,5.5
37112988,linguistic,3.0
37114214,linguistic,3.0
37114803,linguistic,3.0
37114804,linguistic,3.0
37114999,linguistic,3.0
37119813,linguistic,4.5
37123454,linguistic,5.0
37124321,linguistic,4.0
37125646,linguistic,4.0
37127596,linguistic,4.0
37127601,linguistic,3.5
37129543,linguistic,4.0
37130083,linguistic,3.0
37130913,linguistic,4.5
37131131,linguistic,3.5
37137934,linguistic,3.0
37139553,linguistic,3.5
37140053,linguistic,3.0
37140058,linguistic,3.5
37142846,linguistic,3.0
37143483,linguistic,3.0
37143876,linguistic,4.5
37144459,linguistic,4.0
37145977,linguistic,4.0
37149650,linguistic,3.5
37149676,linguistic,3.0
37151295,linguistic,3.0
37154702,linguistic,6.0
37158271,linguistic,3.5
37158278,linguistic,4.5
37158829,linguistic,3.0
37159238,linguistic,4.0
37159240,linguistic,4.0
37159241,linguistic,3.5
37161375,linguistic,3.5
37162382,linguistic,4.0
37162753,linguistic,4.0
37165197,linguistic,4.0
37166951,linguistic,3.5
37166973,linguistic,3.5
37167092,linguistic,4.5
37167319,linguistic,3.0
37167423,linguistic,3.0
37167657,linguistic,3.5
37168598,linguistic,3.5
37169224,linguistic,4.5
37170752,linguistic,3.5
37171844,linguistic,4.0
37171896,linguistic,5.5
37171899,linguistic,4.0
37173739,linguistic,3.5
37173796,linguistic,3.0
37177997,linguistic,3.0
37177999,linguistic,3.5
37178003,linguistic,4.0
37178209,linguistic,3.0
37180131,linguistic,3.0
37181287,linguistic,3.5
37181487,linguistic,3.0
37181657,linguistic,4.5
37183449,linguistic,4.5
37183478,linguistic,4.0
37184204,linguistic,3.0
37184712,linguistic,3.0
37184881,linguistic,3.5
37184925,linguistic,3.5
37191557,linguistic,3.0
37194023,linguistic,4.5
37194693,linguistic,3.5
37194699,linguistic,3.0
37194944,linguistic,3.0
37195696,linguistic,3.0
37196000,linguistic,3.5
37202560,linguistic,3.0
37202885,linguistic,3.0
37203577,linguistic,3.0
37204441,linguistic,3.0
37204950,linguistic,3.5
37205123,linguistic,4.0
37207327,linguistic,4.0
37207333,linguistic,3.5
37207338,linguistic,4.0
37207341,linguistic,3.5
37207350,linguistic,4.5
37207351,linguistic,3.5
37208467,linguistic,3.0
37208471,linguistic,3.0
37208611,linguistic,3.0
37210383,linguistic,3.5
37214420,linguistic,3.0
37216588,linguistic,4.0
37216609,linguistic,5.0
37218990,linguistic,3.0
37221042,linguistic,3.5
37221043,linguistic,4.5
37221343,linguistic,4.0
37222748,linguistic,3.0
37223317,linguistic,5.0
37224178,linguistic,3.0
37224727,linguistic,3.0
37225696,linguistic,4.5
37227514,linguistic,4.5
37229202,linguistic,4.5
37230405,linguistic,3.5
37233759,linguistic,3.0
37236629,linguistic,4.5
37237065,linguistic,3.0
37237416,linguistic,3.0
37238122,linguistic,3.5
37244568,linguistic,5.0
37244984,linguistic,4.5
37245087,linguistic,3.0
37246642,linguistic,5.0
37246709,linguistic,3.5
37248202,linguistic,4.5
37248747,linguistic,3.0
37249645,linguistic,3.0
37253405,linguistic,4.0
37253748,linguistic,3.0
37254048,linguistic,4.0
37254060,linguistic,4.5
37258913,linguistic,4.5
37258914,linguistic,4.0
37258923,linguistic,3.5
37259264,linguistic,3.5
37260077,linguistic,4.5
37261838,linguistic,3.0
37264011,linguistic,3.0
37266406,linguistic,3.5
37267208,linguistic,4.0
37267256,linguistic,4.5
37268643,linguistic,3.0
37269845,linguistic,3.5
37270525,linguistic,3.5
37270659,linguistic,3.0
37275273,linguistic,4.5
37276105,linguistic,3.5
37279138,linguistic,5.0
37279743,linguistic,5.5
37279783,linguistic,5.0
37285317,linguistic,6.0
37289843,linguistic,4.0
37290059,linguistic,4.0
37291174,linguistic,4.5
37291214,linguistic,3.5
37291365,linguistic,4.5
37293503,linguistic,3.0
37294786,linguistic,3.5
37294807,linguistic,4.0
37296383,linguistic,4.5
37296454,linguistic,3.5
37308034,linguistic,4.5
37308855,linguistic,3.0
37310261,linguistic,4.5
37311148,linguistic,4.0
37311149,linguistic,4.0
37312031,linguistic,3.0
37312940,linguistic,3.5
37316673,linguistic,3.5
37317043,linguistic,4.5
37319212,linguistic,3.0
37322495,linguistic,5.0
37328705,linguistic,3.5
37329484,linguistic,4.5
37331049,linguistic,3.5
37332502,linguistic,3.5
37332681,linguistic,4.0
37337236,linguistic,4.5
37340239,linguistic,3.5
37340940,linguistic,4.0
37343324,linguistic,3.0
37344699,linguistic,3.0
37347557,linguistic,4.0
37350907,linguistic,3.0
37351774,linguistic,4.0
37352252,linguistic,3.0
37356898,linguistic,5.5
37356899,linguistic,3.0
37356903,linguistic,4.5
37356904,linguistic,4.5
37356905,linguistic,4.0
37356913,linguistic,3.0
37360262,linguistic,3.0
37363274,linguistic,3.0
37367491,linguistic,3.5
37368656,linguistic,3.5
37372118,linguistic,3.0
37377956,linguistic,4.0
37378342,linguistic,3.0
37382560,linguistic,5.5
37384809,linguistic,3.5
37386732,linguistic,5.5
37387129,linguistic,4.0
37387139,linguistic,3.5
37387142,linguistic,4.0
37387152,linguistic,4.5
37387170,linguistic,5.0
37387524,linguistic,4.0
37389723,linguistic,4.5
37391755,linguistic,4.0
37395631,linguistic,4.0
37396399,linguistic,3.5
37399096,linguistic,4.0
37399102,linguistic,5.5
37401008,linguistic,3.5
37402625,linguistic,3.5
37402718,linguistic,3.0
37407670,linguistic,3.0
37410916,linguistic,4.0
37410917,linguistic,3.0
37415108,linguistic,3.5
37415807,linguistic,3.5
37425046,linguistic,4.0
37427797,linguistic,4.5
37427977,linguistic,3.5
37428248,linguistic,4.5
37429152,linguistic,4.0
37433304,linguistic,3.5
37435612,linguistic,4.0
37438390,linguistic,3.0
37440307,linguistic,3.5
37440581,linguistic,3.0
37441893,linguistic,3.5
37443790,linguistic,3.5
37448726,linguistic,4.0
37448872,linguistic,4.0
37449459,linguistic,3.0
37449883,linguistic,4.0
37450287,linguistic,3.0
37450416,linguistic,5.0
37454191,linguistic,4.0
37457340,linguistic,3.5
37458416,linguistic,3.0
37459339,linguistic,3.5
37459573,linguistic,3.5
37460827,linguistic,3.0
37462540,linguistic,4.0
37463622,linguistic,3.0
37463925,linguistic,4.0
37464277,linguistic,3.0
37464285,linguistic,3.0
37464885,linguistic,3.0
37465397,linguistic,5.0
37465917,linguistic,4.0
37467208,linguistic,3.5
37468182,linguistic,4.5
37468455,linguistic,3.0
37476211,linguistic,3.0
37478157,linguistic,3.0
37478350,linguistic,4.5
37483082,linguistic,3.5
37484460,linguistic,4.5
37486750,linguistic,4.5
37489036,linguistic,4.0
37489459,linguistic,3.0
37497545,linguistic,3.5
37498561,linguistic,4.0
37499897,linguistic,4.5
37503835,linguistic,3.0
37507417,linguistic,3.5
37508506,linguistic,3.0
37510385,linguistic,4.5
37516737,linguistic,3.5
37520074,linguistic,3.0
37522378,linguistic,4.5
37523674,linguistic,4.5
37524436,linguistic,3.0
37526283,linguistic,5.0
37526995,linguistic,5.5
37527005,linguistic,4.0
37527270,linguistic,3.5
37527763,linguistic,3.0
37528293,linguistic,4.5
37528331,linguistic,4.0
37529934,linguistic,3.0
37530436,linguistic,4.0
37531635,linguistic,4.5
37535671,linguistic,4.0
37539027,linguistic,3.0
37540201,linguistic,4.0
37542408,linguistic,4.0
37543663,linguistic,3.0
37544661,linguistic,4.5
37547083,linguistic,5.5
37549162,linguistic,4.0
37550316,linguistic,3.5
37550757,linguistic,3.0
37550758,linguistic,3.0
37551617,linguistic,3.0
37551911,linguistic,3.0
37552222,linguistic,3.5
37554180,linguistic,3.0
37555633,linguistic,4.0
37556115,linguistic,3.0
37556324,linguistic,3.5
37561047,linguistic,3.0
37561107,linguistic,3.5
37562062,linguistic,3.0
37566336,linguistic,4.0
37569821,linguistic,3.0
37572440,linguistic,4.0
37572442,linguistic,3.0
37580331,linguistic,4.5
37581491,linguistic,3.5
37584946,linguistic,3.5
37587443,linguistic,3.5
37587836,linguistic,4.0
37589022,linguistic,4.5
37589496,linguistic,4.0
37589594,linguistic,3.5
37590163,linguistic,3.0
37594311,linguistic,3.0
37594855,linguistic,3.0
37596696,linguistic,3.0
37596918,linguistic,3.5
37599593,linguistic,4.5
37600845,linguistic,6.0
37602392,linguistic,4.0
37602408,linguistic,4.5
37602697,linguistic,3.0
37602732,linguistic,3.0
37605747,linguistic,5.5
37605971,linguistic,4.5
37609633,linguistic,3.5
37610325,linguistic,5.0
37610350,linguistic,4.0
37620325,linguistic,3.0
37620744,linguistic,3.5
37620754,linguistic,5.5
37623730,linguistic,3.0
37623798,linguistic,3.0
37624781,linguistic,3.5
37624922,linguistic,4.0
37624923,linguistic,6.0
37624924,linguistic,4.0
37624931,linguistic,3.0
37625584,linguistic,4.0
37636128,linguistic,3.5
37637211,linguistic,3.5
37638765,linguistic,4.5
37639797,linguistic,4.0
37644119,linguistic,3.0
37646935,linguistic,3.5
37646936,linguistic,4.5
37646937,linguistic,4.0
37646939,linguistic,3.0
37646941,linguistic,3.0
37646949,linguistic,4.0
37646950,linguistic,3.0
37647638,linguistic,3.5
37649366,linguistic,4.0
37649967,linguistic,3.5
37650649,linguistic,4.0
37651445,linguistic,4.5
37651464,linguistic,5.0
37657924,linguistic,4.0
37658122,linguistic,3.0
37665017,linguistic,5.0
37666818,linguistic,4.0
37668527,linguistic,3.0
37669275,linguistic,4.5
37670009,linguistic,3.0
37672022,linguistic,4.5
37673902,linguistic,3.5
37676328,linguistic,3.0
37676599,linguistic,4.5
37678708,linguistic,5.0
37681739,linguistic,5.5
37682478,linguistic,3.5
37682529,linguistic,3.0
37682956,linguistic,3.5
37684259,linguistic,3.0
37684260,linguistic,4.0
37686313,linguistic,3.5
37689762,linguistic,3.5
37695921,linguistic,4.5
37697055,linguistic,3.0
37697439,linguistic,4.0
37699323,linguistic,4.5
37710163,linguistic,4.5
37712601,linguistic,3.0
37713619,linguistic,3.0
37715141,linguistic,3.5
37715195,linguistic,3.5
37716955,linguistic,3.0
37717042,linguistic,3.5
37725369,linguistic,3.5
37725485,linguistic,3.0
37727687,linguistic,3.0
37730114,linguistic,4.5
37731725,linguistic,3.0
37732505,linguistic,4.0
37733481,linguistic,3.5
37733731,linguistic,4.0
37735266,linguistic,3.5
37735613,linguistic,4.0
37737859,linguistic,3.0
37738401,linguistic,4.5
37739405,linguistic,3.5
37739414,linguistic,3.5
37743473,linguistic,4.0
37749421,linguistic,3.5
37750380,linguistic,3.5
37757861,linguistic,4.0
37759106,linguistic,4.0
37768281,linguistic,3.5
37769048,linguistic,3.0
37769837,linguistic,3.0
37770956,linguistic,3.5
37773106,linguistic,3.0
37776561,linguistic,4.0
37778093,linguistic,3.0
37779250,linguistic,3.5
37781674,linguistic,3.5
37789571,linguistic,4.5
37791426,linguistic,3.5
37791879,linguistic,4.0
37791883,linguistic,4.5
37791884,linguistic,5.0
37791887,linguistic,4.0
37797858,linguistic,3.0
37802917,linguistic,3.5
37805704,linguistic,4.0
37806555,linguistic,5.0
37810343,linguistic,3.5
37811141,linguistic,3.5
37811478,linguistic,3.0
37811871,linguistic,4.5
37811874,linguistic,4.0
37811890,linguistic,4.0
37811892,linguistic,4.0
37812255,linguistic,4.0
37812646,linguistic,3.0
37815256,linguistic,4.5
37815872,linguistic,4.0
37816770,linguistic,3.5
37817115,linguistic,3.0
37818860,linguistic,4.5
37819033,linguistic,4.0
37819042,linguistic,4.5
37819683,linguistic,3.0
37820365,linguistic,5.0
37821750,linguistic,3.0
37823596,linguistic,3.5
37823598,linguistic,4.5
37823705,linguistic,4.5
37828369,linguistic,3.5
37828501,linguistic,4.5
37829020,linguistic,3.5
37831073,linguistic,5.0
37831083,linguistic,4.0
37831087,linguistic,5.0
37831097,linguistic,4.5
37831118,linguistic,4.5
37831137,linguistic,5.0
37833498,linguistic,3.0
37833838,linguistic,3.5
37838689,linguistic,3.0
37839865,linguistic,3.5
37840639,linguistic,3.0
37840988,linguistic,3.5
37841327,linguistic,4.0
37843103,linguistic,5.0
37843123,linguistic,4.5
37843152,linguistic,4.5
37845361,linguistic,3.5
37845745,linguistic,4.0
37846039,linguistic,4.5
37846051,linguistic,4.5
37846545,linguistic,3.5
37847663,linguistic,3.5
37848601,linguistic,3.0
37848896,linguistic,3.0
37849251,linguistic,3.0
37850400,linguistic,4.0
37850635,linguistic,5.5
37850638,linguistic,4.5
37850641,linguistic,4.0
37850642,linguistic,4.0
37850649,linguistic,3.0
37850657,linguistic,4.0
37851409,linguistic,3.5
37851613,linguistic,3.0
37853076,linguistic,3.0
37855663,linguistic,4.5
37855672,linguistic,4.0
37855686,linguistic,4.0
37855690,linguistic,3.0
37856524,linguistic,3.0
37856620,linguistic,4.0
37859652,linguistic,3.5
37860104,linguistic,5.5
37860605,linguistic,4.5
37861121,linguistic,4.5
37863915,linguistic,4.0
37864911,linguistic,3.5
37867380,linguistic,4.5
37867975,linguistic,3.5
37869681,linguistic,4.0
37870433,linguistic,5.0
37870437,linguistic,4.5
37870452,linguistic,5.0
37870454,linguistic,5.0
37870462,linguistic,3.5
37870463,linguistic,4.0
37870473,linguistic,3.5
37870478,linguistic,4.0
37870486,linguistic,4.0
37871106,linguistic,3.5
37871298,linguistic,4.5
37871773,linguistic,5.0
37872185,linguistic,3.0
37875136,linguistic,3.5
37876351,linguistic,4.5
37876810,linguistic,3.0
37878411,linguistic,3.0
37878789,linguistic,3.5
37878810,linguistic,4.0
37880351,linguistic,3.0
37881887,linguistic,3.5
37883436,linguistic,3.0
37887673,linguistic,3.0
37888340,linguistic,3.0
37889020,linguistic,3.0
37889038,linguistic,5.5
37889041,linguistic,4.0
37889051,linguistic,4.5
37889053,linguistic,4.0
37889074,linguistic,5.5
37889076,linguistic,4.0
37889077,linguistic,4.0
37890424,linguistic,4.0
37891423,linguistic,3.5
37891497,linguistic,3.5
37891644,linguistic,3.5
37895859,linguistic,3.5
37896470,linguistic,3.0
37897338,linguistic,4.0
37897341,linguistic,3.0
37897342,linguistic,4.0
37897352,linguistic,4.0
37897355,linguistic,4.0
37897356,linguistic,4.5
37897357,linguistic,4.0
37897359,linguistic,4.5
37897364,linguistic,3.5
37902900,linguistic,3.5
37904256,linguistic,3.5
37904585,linguistic,3.0
37904589,linguistic,4.5
37904591,linguistic,4.5
37904598,linguistic,4.0
37904608,linguistic,3.5
37904617,linguistic,5.0
37907498,linguistic,4.5
37910423,linguistic,4.5
37919434,linguistic,4.0
37919660,linguistic,4.0
37924118,linguistic,4.5
37925080,linguistic,3.0
37925911,linguistic,4.5
37929927,linguistic,3.0
37930022,linguistic,3.0
37930838,linguistic,4.0
37930842,linguistic,4.5
37930866,linguistic,5.5
37931111,linguistic,3.0
37933854,linguistic,3.0
37933855,linguistic,3.0
37933857,linguistic,4.0
37933860,linguistic,4.5
37935582,linguistic,4.0
37935583,linguistic,3.0
37935585,linguistic,4.0
37935586,linguistic,4.5
37940882,linguistic,4.0
37941143,linguistic,4.0
37941147,linguistic,4.0
37941148,linguistic,5.0
37941154,linguistic,4.0
37941657,linguistic,3.5
37943830,linguistic,4.0
37947313,linguistic,5.0
37947320,linguistic,4.5
37950115,linguistic,4.0
37951712,linguistic,4.0
37951713,linguistic,4.5
37952162,linguistic,4.0
37952182,linguistic,4.0
37952226,linguistic,5.0
37953313,linguistic,4.5
37953323,linguistic,4.5
37953328,linguistic,5.0
37953337,linguistic,3.5
37953341,linguistic,4.5
37953349,linguistic,5.0
37953362,linguistic,5.5
37953365,linguistic,4.0
37953380,linguistic,4.0
37953384,linguistic,5.0
37956310,linguistic,3.0
37956313,linguistic,4.5
37956315,linguistic,3.5
37956324,linguistic,4.0
37956338,linguistic,4.5
37956888,linguistic,3.0
37957256,linguistic,3.0
37957291,linguistic,3.0
37962356,linguistic,3.5
37962376,linguistic,3.0
37962385,linguistic,4.5
37971293,linguistic,3.5
37971305,linguistic,5.0
37971316,linguistic,4.0
37971328,linguistic,4.0
37971353,linguistic,4.5
37974081,linguistic,4.0
37975878,linguistic,4.5
37975879,linguistic,4.0
37977136,linguistic,3.5
37979962,linguistic,3.5
37981176,linguistic,3.5
37981656,linguistic,3.5
37981856,linguistic,5.0
37982688,linguistic,3.5
37983749,linguistic,4.5
37985457,linguistic,3.0
37986215,linguistic,4.5
37986218,linguistic,4.5
37988145,linguistic,3.5
37988212,linguistic,3.5
37990302,linguistic,3.5
37991246,linguistic,3.5
37993672,linguistic,3.5
37994699,linguistic,4.5
37994706,linguistic,4.0
37995293,linguistic,5.0
37995844,linguistic,3.5
37996697,linguistic,3.0
38000324,linguistic,3.0
38000385,linguistic,4.5
38000386,linguistic,4.5
38000392,linguistic,5.0
38006335,linguistic,3.0
38007482,linguistic,3.0
38010338,linguistic,3.0
38010728,linguistic,3.5
38011649,linguistic,4.5
38011719,linguistic,4.5
38011720,linguistic,4.0
38015436,linguistic,4.5
38016694,linguistic,4.0
38017550,linguistic,5.0
38018256,linguistic,3.0
38018911,linguistic,4.0
38022524,linguistic,4.5
38025697,linguistic,4.0
38028612,linguistic,4.0
38029199,linguistic,3.5
38030339,linguistic,3.0
38030629,linguistic,3.0
38035367,linguistic,4.5
38038272,linguistic,4.5
38040713,linguistic,3.0
38041202,linguistic,3.5
38041858,linguistic,3.0
38042076,linguistic,3.0
38043216,linguistic,4.5
38045645,linguistic,3.0
38049850,linguistic,3.5
38050352,linguistic,4.5
38050974,linguistic,3.0
38052819,linguistic,3.0
38054369,linguistic,3.0
38054441,linguistic,3.5
38055832,linguistic,3.0
38057322,linguistic,3.0
38057380,linguistic,3.0
38057859,linguistic,5.5
38058186,linguistic,4.0
38059067,linguistic,3.0
38060257,linguistic,4.0
38060994,linguistic,3.5
38062357,linguistic,4.5
38063081,linguistic,4.0
38063370,linguistic,3.0
38064200,linguistic,3.5
38064432,linguistic,3.0
38066065,linguistic,3.0
38066222,linguistic,3.0
38066439,linguistic,3.0
38066711,linguistic,5.0
38069801,linguistic,3.0
38074466,linguistic,3.5
38077442,linguistic,3.5
38078902,linguistic,3.0
38084919,linguistic,4.0
38085058,linguistic,3.0
38085234,linguistic,3.0
38088904,linguistic,3.5
38091269,linguistic,3.0
38091511,linguistic,3.5
38091963,linguistic,3.5
38092048,linguistic,3.5
38092767,linguistic,3.5
38093376,linguistic,3.0
38095856,linguistic,4.5
38096184,linguistic,3.0
38097182,linguistic,3.5
38097650,linguistic,3.0
38097955,linguistic,3.0
38100461,linguistic,4.0
38102040,linguistic,3.0
38106962,linguistic,3.0
38109500,linguistic,4.5
38111059,linguistic,3.0
38112004,linguistic,3.0
38113416,linguistic,3.5
38113679,linguistic,4.0
38114921,linguistic,3.5
38123152,linguistic,3.0
38123153,linguistic,3.0
38123154,linguistic,3.0
38123557,linguistic,3.5
38128543,linguistic,4.5
38129112,linguistic,3.0
38129478,linguistic,3.5
38129777,linguistic,4.5
38134877,linguistic,3.5
38135744,linguistic,3.0
38143020,linguistic,4.5
38148272,linguistic,4.0
38148439,linguistic,3.0
38148585,linguistic,3.0
38150626,linguistic,4.5
38155573,linguistic,3.0
38156953,linguistic,5.0
38157107,linguistic,4.0
38157777,linguistic,3.0
38160311,linguistic,3.5
38162307,linguistic,3.0
38162465,linguistic,3.5
38163502,linguistic,3.0
38164624,linguistic,4.0
38172116,linguistic,3.0
38172657,linguistic,4.5
38173318,linguistic,3.5
38175665,linguistic,3.0
38176651,linguistic,4.0
38179668,linguistic,4.5
38181047,linguistic,4.5
38181293,linguistic,3.0
38181611,linguistic,4.0
38181731,linguistic,3.5
38182666,linguistic,3.0
38185001,linguistic,3.0
38189540,linguistic,4.0
38190831,linguistic,3.0
38191934,linguistic,3.0
38192372,linguistic,4.0
38193774,linguistic,3.0
38195165,linguistic,3.0
38202870,linguistic,3.0
38203654,linguistic,3.0
38204359,linguistic,4.5
38204360,linguistic,5.0
38204924,linguistic,3.5
38205245,linguistic,3.5
38206277,linguistic,4.5
38206320,linguistic,3.5
38212124,linguistic,3.5
38213027,linguistic,4.0
38213899,linguistic,3.5
38213995,linguistic,4.0
38213997,linguistic,3.5
38216562,linguistic,3.0
38218937,linguistic,4.5
38218959,linguistic,3.5
38221536,linguistic,3.0
38227799,linguistic,4.5
38228642,linguistic,3.0
38230566,linguistic,3.0
38233444,linguistic,3.0
38233793,linguistic,3.5
38233808,linguistic,3.0
38234122,linguistic,4.5
38236818,linguistic,3.5
38237024,linguistic,3.0
38238330,linguistic,3.0
38238407,linguistic,3.0
38238687,linguistic,3.5
38239810,linguistic,4.5
38241143,linguistic,4.0
38242593,linguistic,3.0
38242596,linguistic,3.5
38242684,linguistic,4.0
38243693,linguistic,3.0
38244111,linguistic,3.0
38244574,linguistic,3.5
38245654,linguistic,4.0
38246798,linguistic,4.0
38247521,linguistic,4.0
38250720,linguistic,4.5
38253529,linguistic,3.0
38254225,linguistic,3.5
38254411,linguistic,3.0
38256255,linguistic,3.0
38261648,linguistic,4.0
38262680,linguistic,4.0
38263521,linguistic,4.0
38265251,linguistic,3.5
38267314,linguistic,4.0
38267891,linguistic,4.0
38268451,linguistic,3.5
38271818,linguistic,3.0
38272936,linguistic,4.5
38273507,linguistic,3.5
38273657,linguistic,3.0
38274998,linguistic,3.5
38277370,linguistic,4.0
38277912,linguistic,3.0
38279110,linguistic,4.5
38279653,linguistic,4.0
38281377,linguistic,3.0
38282890,linguistic,4.0
38284225,linguistic,3.0
38284937,linguistic,3.5
38286947,linguistic,3.0
38291430,linguistic,3.0
38303023,linguistic,3.5
38305800,linguistic,3.0
38306039,linguistic,4.5
38307869,linguistic,3.0
38309384,linguistic,4.0
38310330,linguistic,4.0
38310531,linguistic,3.0
38310806,linguistic,3.0
38312334,linguistic,3.0
38312338,linguistic,3.5
38312948,linguistic,5.0
38319109,linguistic,4.0
38319296,linguistic,3.0
38323044,linguistic,3.0
38323623,linguistic,3.5
38327356,linguistic,4.0
38327368,linguistic,3.0
38330451,linguistic,3.0
38330823,linguistic,4.0
38331722,linguistic,4.5
38333059,linguistic,3.0
38335225,linguistic,3.5
38335248,linguistic,4.5
38335311,linguistic,3.5
38336614,linguistic,3.5
38337024,linguistic,5.0
38337062,linguistic,4.0
38341646,linguistic,4.0
38345567,linguistic,4.5
38346683,linguistic,4.0
38346982,linguistic,4.0
38347596,linguistic,3.0
38351208,linguistic,3.0
38352916,linguistic,4.0
38355413,linguistic,4.0
38360815,linguistic,3.0
38365724,linguistic,4.0
38366803,linguistic,3.5
38367445,linguistic,3.5
38367620,linguistic,3.0
38371639,linguistic,4.0
38371933,linguistic,3.0
38373745,linguistic,3.5
38376382,linguistic,3.5
38377393,linguistic,3.0
38383060,linguistic,3.5
38384789,linguistic,3.5
38385872,linguistic,3.0
38385879,linguistic,4.0
38388681,linguistic,4.0
38389029,linguistic,5.0
38390545,linguistic,3.0
38393149,linguistic,3.0
38395961,linguistic,3.5
38406264,linguistic,3.0
38411627,linguistic,4.5
38412834,linguistic,3.0
38416793,linguistic,3.0
38419327,linguistic,3.0
38422081,linguistic,3.0
38422108,linguistic,3.0
38422352,linguistic,3.5
38425493,linguistic,3.0
38426331,linguistic,5.0
38426351,linguistic,4.5
38428272,linguistic,3.0
38428997,linguistic,4.0
38430745,linguistic,4.0
38431179,linguistic,3.0
38434751,linguistic,3.0
38436570,linguistic,3.0
38437151,linguistic,3.5
38437173,linguistic,3.0
38440907,linguistic,5.0
38443468,linguistic,3.0
38443821,linguistic,4.0
38444537,linguistic,3.0
38448141,linguistic,3.0
38449024,linguistic,4.5
38452801,linguistic,3.0
38453963,linguistic,3.0
38458603,linguistic,3.5
38459036,linguistic,3.0
38459946,linguistic,4.0
38462130,linguistic,5.0
38468111,linguistic,3.5
38470439,linguistic,3.0
38470883,linguistic,5.0
38471316,linguistic,4.0
38472305,linguistic,3.0
38478395,linguistic,5.0
38481028,linguistic,4.5
38483315,linguistic,4.5
38483583,linguistic,3.0
38487848,linguistic,4.5
38488251,linguistic,3.5
38489299,linguistic,3.5
38489989,linguistic,4.0
38490248,linguistic,3.5
38490256,linguistic,3.5
38491157,linguistic,3.0
38491248,linguistic,3.5
38491365,linguistic,5.0
38491529,linguistic,5.0
38491990,linguistic,4.5
38492232,linguistic,4.0
38497637,linguistic,3.5
38498357,linguistic,3.5
38498764,linguistic,3.0
38498847,linguistic,4.0
38500042,linguistic,3.0
38500146,linguistic,4.0
38502608,linguistic,5.0
38502609,linguistic,5.0
38504112,linguistic,3.5
38506570,linguistic,4.0
38507015,linguistic,3.0
38507648,linguistic,3.5
38508935,linguistic,3.0
38512053,linguistic,3.0
38514661,linguistic,3.0
38514693,linguistic,3.0
38516019,linguistic,3.5
38518981,linguistic,4.5
38519883,linguistic,5.0
38520921,linguistic,3.5
38522645,linguistic,4.5
38522772,linguistic,3.0
38523647,linguistic,3.0
38524309,linguistic,3.0
38525301,linguistic,3.0
38530613,linguistic,5.0
38531069,linguistic,4.0
38531599,linguistic,4.5
38532024,linguistic,3.0
38532295,linguistic,3.5
38532297,linguistic,4.0
38532317,linguistic,5.0
38537198,linguistic,4.0
38537199,linguistic,4.0
38543656,linguistic,3.0
38547405,linguistic,5.0
38548745,linguistic,3.0
38548995,linguistic,3.0
38549946,linguistic,5.0
38552170,linguistic,3.5
38552307,linguistic,4.0
38552327,linguistic,5.0
38552697,linguistic,3.5
38555474,linguistic,3.0
38556628,linguistic,3.0
38557635,linguistic,4.5
38557673,linguistic,3.0
38559304,linguistic,3.5
38560451,linguistic,3.0
38561149,linguistic,3.0
38561180,linguistic,3.5
38564425,linguistic,4.5
38565273,linguistic,4.5
38569548,linguistic,3.0
38571312,linguistic,3.0
38575591,linguistic,3.0
38579261,linguistic,3.5
38580076,linguistic,5.0
38580907,linguistic,4.5
38581360,linguistic,3.0
38581420,linguistic,3.5
38581840,linguistic,4.5
38582080,linguistic,3.0
38584701,linguistic,3.5
38585015,linguistic,3.0
38587201,linguistic,3.5
38587202,linguistic,4.5
38587206,linguistic,4.5
38588573,linguistic,5.0
38593165,linguistic,4.5
38596315,linguistic,4.5
38597890,linguistic,3.5
38597895,linguistic,3.0
38598470,linguistic,3.0
38601265,linguistic,4.0
38602506,linguistic,4.0
38603611,linguistic,4.0
38605060,linguistic,3.0
38607411,linguistic,3.5
38609331,linguistic,3.0
38609714,linguistic,3.0
38613325,linguistic,3.5
38613393,linguistic,4.5
38613826,linguistic,4.0
38614094,linguistic,3.0
38614285,linguistic,3.5
38616961,linguistic,4.5
38617561,linguistic,3.0
38619046,linguistic,5.0
38622098,linguistic,5.0
38622746,linguistic,3.5
38623560,linguistic,3.0
38625809,linguistic,3.0
38628370,linguistic,4.5
38629131,linguistic,3.0
38629186,linguistic,4.5
38632050,linguistic,3.5
38632086,linguistic,4.0
38640488,linguistic,4.0
38641811,linguistic,4.0
38643090,linguistic,5.5
38643247,linguistic,3.5
38643272,linguistic,3.5
38643910,linguistic,3.0
38644519,linguistic,5.5
38646468,linguistic,3.5
38653491,linguistic,4.5
38656142,linguistic,3.0
38658835,linguistic,4.5
38659008,linguistic,4.0
38659057,linguistic,3.0
38660008,linguistic,3.0
38660300,linguistic,3.5
38660610,linguistic,4.0
38661218,linguistic,4.5
38662570,linguistic,5.5
38671360,linguistic,3.0
38678388,linguistic,3.0
38679729,linguistic,3.0
38680873,linguistic,4.5
38685101,linguistic,4.0
38686803,linguistic,4.0
38686808,linguistic,5.0
38688285,linguistic,3.0
38688470,linguistic,3.0
38688567,linguistic,3.5
38690527,linguistic,3.5
38695120,linguistic,3.0
38696757,linguistic,4.0
38698340,linguistic,4.0
38698803,linguistic,3.0
38700279,linguistic,3.0
38701592,linguistic,5.0
38703894,linguistic,3.5
38707542,linguistic,4.5
38709825,linguistic,4.0
38709873,linguistic,3.5
38709877,linguistic,4.0
38709879,linguistic,4.5
38709889,linguistic,4.5
38711369,linguistic,4.0
38711584,linguistic,3.0
38711760,linguistic,5.0
38713861,linguistic,5.0
38714913,linguistic,4.5
38715008,linguistic,4.5
38717988,linguistic,4.0
38718922,linguistic,4.0
38719747,linguistic,5.0
38720552,linguistic,3.0
38724027,linguistic,3.5
38724521,linguistic,3.0
38724911,linguistic,3.5
38725076,linguistic,3.5
38726678,linguistic,3.0
38728310,linguistic,3.5
38734825,linguistic,3.0
38736683,linguistic,4.5
38738618,linguistic,4.0
38738624,linguistic,5.0
38741151,linguistic,3.0
38742521,linguistic,3.5
38742639,linguistic,3.5
38745111,linguistic,3.0
38745271,linguistic,3.5
38747283,linguistic,3.5
38747369,linguistic,3.0
38747440,linguistic,4.0
38748636,linguistic,4.5
38752292,linguistic,4.0
38752486,linguistic,4.5
38753714,linguistic,3.0
38754097,linguistic,4.5
38754474,linguistic,3.0
38754711,linguistic,4.5
38755321,linguistic,3.5
38759114,linguistic,4.0
38761499,linguistic,3.5
38762876,linguistic,3.0
38765608,linguistic,4.0
38769057,linguistic,4.0
38775680,linguistic,4.0
38775729,linguistic,3.5
38776380,linguistic,3.5
38781078,linguistic,3.0
38781500,linguistic,4.0
38783035,linguistic,5.0
38783079,linguistic,3.0
38783102,linguistic,4.5
38783158,linguistic,3.5
38783339,linguistic,4.0
38788333,linguistic,3.0
38789577,linguistic,3.0
38795067,linguistic,4.0
38795552,linguistic,3.0
38797232,linguistic,3.0
38800073,linguistic,3.0
38801081,linguistic,4.5
38802746,linguistic,5.0
38803273,linguistic,4.0
38803518,linguistic,4.5
38805752,linguistic,4.5
38805753,linguistic,3.0
38806182,linguistic,4.0
38806483,linguistic,3.5
38808315,linguistic,3.5
38808472,linguistic,4.0
38809899,linguistic,3.5
38810104,linguistic,3.5
38814564,linguistic,3.0
38814806,linguistic,4.0
38816410,linguistic,5.5
38816550,linguistic,4.0
38818975,linguistic,4.5
38819571,linguistic,3.5
38820774,linguistic,4.0
38821404,linguistic,3.0
38822152,linguistic,4.0
38825257,linguistic,3.5
38829853,linguistic,4.0
38829878,linguistic,3.0
38830083,linguistic,3.5
38832465,linguistic,3.5
38832633,linguistic,3.0
38835776,linguistic,4.5
38837557,linguistic,5.5
38837788,linguistic,5.0
38838674,linguistic,3.0
38840833,linguistic,4.0
38840924,linguistic,3.5
38841284,linguistic,4.0
38842945,linguistic,5.0
38843230,linguistic,4.5
38843311,linguistic,4.0
38844475,linguistic,4.5
38844871,linguistic,3.0
38845051,linguistic,4.0
38846350,linguistic,3.0
38847800,linguistic,3.0
38855877,linguistic,3.5
38860571,linguistic,4.0
38860632,linguistic,3.5
38860884,linguistic,3.0
38862028,linguistic,3.5
38862425,linguistic,5.0
38862427,linguistic,4.5
38862433,linguistic,5.0
38862483,linguistic,3.5
38864430,linguistic,4.0
38865431,linguistic,4.0
38865432,linguistic,5.0
38867901,linguistic,4.0
38867910,linguistic,3.0
38867915,linguistic,3.0
38868205,linguistic,4.5
38868513,linguistic,5.0
38869158,linguistic,4.5
38870722,linguistic,3.5
38870743,linguistic,3.0
38871809,linguistic,3.0
38872097,linguistic,3.5
38872231,linguistic,4.5
38872612,linguistic,5.0
38875181,linguistic,4.0
38877144,linguistic,3.0
38878851,linguistic,3.0
38878855,linguistic,4.5
38882162,linguistic,4.0
38882374,linguistic,4.0
38885636,linguistic,5.0
38886186,linguistic,4.0
38886530,linguistic,4.5
38886537,linguistic,4.5
38888456,linguistic,3.5
38888585,linguistic,4.5
38889117,linguistic,3.5
38894604,linguistic,5.0
38898151,linguistic,3.0
38898737,linguistic,3.5
38902374,linguistic,3.0
38902953,linguistic,4.0
38904920,linguistic,3.0
38905214,linguistic,3.0
38905257,linguistic,3.5
38905502,linguistic,3.5
38907890,linguistic,3.0
38907897,linguistic,3.0
38907901,linguistic,4.0
38907989,linguistic,3.5
38909049,linguistic,3.0
38911529,linguistic,3.0
38912214,linguistic,3.5
38912260,linguistic,4.0
38912828,linguistic,3.5
38913844,linguistic,3.0
38913850,linguistic,4.0
38913867,linguistic,4.5
38914571,linguistic,3.5
38914788,linguistic,3.5
38917409,linguistic,4.0
38917415,linguistic,5.0
38923903,linguistic,3.0
38924517,linguistic,4.5
38926513,linguistic,4.5
38926852,linguistic,4.0
38933486,linguistic,5.0
38933532,linguistic,5.0
38936693,linguistic,3.5
38939556,linguistic,4.0
38940127,linguistic,4.0
38940141,linguistic,3.0
38940166,linguistic,3.0
38941113,linguistic,3.0
38944368,linguistic,4.5
38953375,linguistic,3.0
38954836,linguistic,4.0
38957398,linguistic,3.0
38958433,linguistic,4.5
38963888,linguistic,3.0
38965703,linguistic,4.5
38966006,linguistic,3.5
38967205,linguistic,4.5
38969708,linguistic,4.5
38970503,linguistic,4.0
38971557,linguistic,3.0
38971820,linguistic,4.5
38974887,linguistic,4.0
38975336,linguistic,3.0
38975839,linguistic,3.5
38978014,linguistic,3.5
38979651,linguistic,3.5
38979784,linguistic,3.0
38980370,linguistic,4.5
38982129,linguistic,3.0
38982288,linguistic,3.0
38983118,linguistic,3.0
38984796,linguistic,5.0
38990885,linguistic,4.0
38991851,linguistic,4.5
38994794,linguistic,4.5
38994795,linguistic,3.5
38994817,linguistic,3.0
38995144,linguistic,3.0
38995535,linguistic,4.5
38995543,linguistic,3.0
38995706,linguistic,3.0
38996043,linguistic,3.0
38997128,linguistic,3.5
38997300,linguistic,3.5
39003315,linguistic,3.0
39005953,linguistic,4.0
39009439,linguistic,3.0
39014503,linguistic,3.0
39018027,linguistic,3.5
39018187,linguistic,3.5
39018385,linguistic,3.0
39019041,linguistic,4.5
39028752,linguistic,3.5
39029917,linguistic,3.5
39030186,linguistic,3.0
39030592,linguistic,3.5
39031379,linguistic,3.0
39033257,linguistic,3.0
39033506,linguistic,3.0
39035910,linguistic,3.0
39036713,linguistic,3.0
39037262,linguistic,3.5
39037960,linguistic,4.0
39041910,linguistic,3.0
39041914,linguistic,3.5
39041983,linguistic,4.0
39043627,linguistic,4.0
39043716,linguistic,4.0
39047941,linguistic,3.5
39048957,linguistic,4.0
39050757,linguistic,3.5
39050785,linguistic,5.0
39050786,linguistic,3.5
39053174,linguistic,3.5
39058243,linguistic,3.5
39062661,linguistic,4.0
39065696,linguistic,3.0
39066515,linguistic,4.0
39067036,linguistic,3.5
39072997,linguistic,3.0
39073878,linguistic,4.0
39073886,linguistic,3.5
39074139,linguistic,4.5
39074503,linguistic,3.0
39075025,linguistic,3.0
39075547,linguistic,3.0
39075588,linguistic,3.5
39078222,linguistic,3.5
39080561,linguistic,5.5
39080795,linguistic,4.5
39082680,linguistic,3.0
39084442,linguistic,4.5
39085735,linguistic,4.5
39091515,linguistic,3.0
39093530,linguistic,3.0
39095083,linguistic,4.0
39095595,linguistic,3.0
39101500,linguistic,3.0
39101502,linguistic,4.0
39101783,linguistic,4.5
39105062,linguistic,3.0
39107817,linguistic,4.0
39107888,linguistic,4.0
39108678,linguistic,3.5
39110924,linguistic,3.5
39111721,linguistic,3.0
39112918,linguistic,4.0
39115390,linguistic,4.0
39116189,linguistic,3.0
39117342,linguistic,4.5
39119158,linguistic,3.0
39119895,linguistic,4.5
39120645,linguistic,3.5
39120880,linguistic,3.0
39126203,linguistic,4.0
39126204,linguistic,3.0
39126338,linguistic,3.0
39126359,linguistic,3.0
39126426,linguistic,3.0
39127052,linguistic,4.5
39128019,linguistic,4.5
39132249,linguistic,3.0
39133097,linguistic,3.5
39135888,linguistic,3.5
39137184,linguistic,3.0
39137906,linguistic,4.0
39139072,linguistic,3.0
39141443,linguistic,5.5
39141446,linguistic,3.0
39143381,linguistic,3.0
39149420,linguistic,4.5
39154027,linguistic,4.5
39155985,linguistic,4.0
39158353,linguistic,3.0
39162009,linguistic,4.5
39163546,linguistic,4.0
39167718,linguistic,3.0
39167719,linguistic,3.0
39169276,linguistic,3.5
39171403,linguistic,4.5
39171462,linguistic,3.0
39171722,linguistic,3.5
39171834,linguistic,4.0
39171840,linguistic,4.0
39175797,linguistic,3.0
39176867,linguistic,3.0
39178387,linguistic,3.5
39179660,linguistic,3.0
39180095,linguistic,3.5
39180399,linguistic,5.0
39189447,linguistic,4.5
39190503,linguistic,4.5
39192185,linguistic,3.0
39192204,linguistic,3.0
39192205,linguistic,3.5
39192607,linguistic,4.0
39197057,linguistic,3.0
39197058,linguistic,4.0
39197059,linguistic,4.0
39198030,linguistic,5.0
39198675,linguistic,3.0
39198917,linguistic,4.5
39202371,linguistic,3.0
39204272,linguistic,3.5
39205165,linguistic,4.0
39208229,linguistic,3.0
39209908,linguistic,3.5
39213302,linguistic,3.0
39213390,linguistic,3.0
39213391,linguistic,3.5
39214048,linguistic,3.0
39215544,linguistic,3.0
39215721,linguistic,5.0
39219476,linguistic,3.0
39219717,linguistic,4.5
39221997,linguistic,4.0
39222063,linguistic,4.0
39223377,linguistic,3.5
39224843,linguistic,4.0
39225044,linguistic,4.5
39225545,linguistic,3.0
39226898,linguistic,4.5
39227781,linguistic,5.0
39227914,linguistic,4.0
39230688,linguistic,5.0
39230701,linguistic,4.0
39231258,linguistic,4.0
39232070,linguistic,3.0
39234065,linguistic,3.0
39237105,linguistic,3.0
39237197,linguistic,4.0
39237198,linguistic,3.5
39237205,linguistic,5.0
39237206,linguistic,4.0
39237879,linguistic,5.0
39240227,linguistic,3.5
39240325,linguistic,4.0
39240327,linguistic,4.5
39240653,linguistic,5.5
39240871,linguistic,4.0
39240878,linguistic,4.5
39242603,linguistic,3.0
39242618,linguistic,3.5
39242712,linguistic,3.0
39243017,linguistic,3.0
39246384,linguistic,5.0
39247978,linguistic,5.0
39252774,linguistic,3.0
39253058,linguistic,4.5
39254597,linguistic,4.0
39257527,linguistic,3.5
39258239,linguistic,3.5
39259175,linguistic,5.0
39259689,linguistic,3.0
39264584,linguistic,3.0
39265822,linguistic,4.5
39267259,linguistic,3.5
39269993,linguistic,3.0
39271119,linguistic,3.0
39271980,linguistic,3.0
39276156,linguistic,3.5
39276157,linguistic,4.0
39279509,linguistic,3.5
39283314,linguistic,3.0
39283594,linguistic,4.0
39285319,linguistic,3.5
39288310,linguistic,5.0
39289562,linguistic,4.0
39292536,linguistic,3.5
39294369,linguistic,4.0
39297389,linguistic,3.5
39298479,linguistic,3.5
39298565,linguistic,4.5
39302686,linguistic,4.0
39310281,linguistic,4.0
39312678,linguistic,3.5
39312689,linguistic,4.0
39316480,linguistic,3.0
39316715,linguistic,3.5
39318152,linguistic,4.0
39319582,linguistic,4.0
39319601,linguistic,5.0
39325859,linguistic,4.5
39329260,linguistic,4.5
39329270,linguistic,4.5
39331016,linguistic,3.0
39331730,linguistic,3.0
39332377,linguistic,3.0
39333410,linguistic,3.0
39333850,linguistic,3.5
39340826,linguistic,3.5
39341494,linguistic,3.0
39341795,linguistic,5.0
39341994,linguistic,4.0
39342076,linguistic,4.0
39343895,linguistic,5.5
39344711,linguistic,3.0
39345285,linguistic,4.0
39346055,linguistic,4.5
39348154,linguistic,4.5
39351064,linguistic,4.5
39351134,linguistic,3.0
39351872,linguistic,4.5
39351883,linguistic,4.5
39351893,linguistic,4.5
39351894,linguistic,5.0
39352141,linguistic,4.0
39353863,linguistic,5.0
39356598,linguistic,3.0
39360609,linguistic,5.0
39360976,linguistic,3.5
39360982,linguistic,3.5
39361452,linguistic,3.5
39362876,linguistic,4.5
39363510,linguistic,3.5
39365797,linguistic,4.0
39373502,linguistic,4.0
39373530,linguistic,3.0
39373542,linguistic,4.5
39373617,linguistic,3.0
39374546,linguistic,3.5
39377391,linguistic,3.5
39377396,linguistic,4.5
39379379,linguistic,3.0
39379619,linguistic,3.5
39380204,linguistic,4.0
39380205,linguistic,4.5
39380491,linguistic,5.5
39382066,linguistic,3.0
39382461,linguistic,3.5
39385626,linguistic,4.0
39386138,linguistic,4.5
39388213,linguistic,4.5
39392404,linguistic,4.0
39395021,linguistic,3.0
39395186,linguistic,4.0
39395187,linguistic,4.0
39395188,linguistic,4.0
39396964,linguistic,3.0
39399372,linguistic,3.0
39401061,linguistic,4.5
39402214,linguistic,3.0
39402558,linguistic,3.5
39404857,linguistic,5.0
39404887,linguistic,4.0
39406187,linguistic,3.0
39407093,linguistic,3.0
39407342,linguistic,3.5
39412436,linguistic,4.0
39412443,linguistic,4.0
39412445,linguistic,3.0
39413165,linguistic,3.5
39413200,linguistic,4.5
39413204,linguistic,5.5
39413795,linguistic,3.0
39414258,linguistic,4.0
39414803,linguistic,3.0
39416656,linguistic,5.5
39417505,linguistic,4.5
39418180,linguistic,5.0
39418250,linguistic,3.0
39420631,linguistic,5.0
39420637,linguistic,3.0
39421415,linguistic,3.5
39423319,linguistic,4.0
39423320,linguistic,4.5
39424793,linguistic,4.0
39425047,linguistic,4.0
39425944,linguistic,4.5
39426072,linguistic,3.5
39426464,linguistic,3.0
39427574,linguistic,4.0
39428982,linguistic,3.0
39431411,linguistic,5.0
39432666,linguistic,4.0
39434095,linguistic,4.0
39434138,linguistic,3.0
39435638,linguistic,3.5
39435995,linguistic,4.0
39436012,linguistic,4.0
39436017,linguistic,3.5
39436020,linguistic,4.5
39436035,linguistic,4.0
39436241,linguistic,5.0
39436242,linguistic,3.5
39436255,linguistic,5.5
39436262,linguistic,3.0
39436899,linguistic,3.0
39438780,linguistic,3.5
39441065,linguistic,3.5
39441067,linguistic,4.5
39441070,linguistic,5.0
39441071,linguistic,3.5
39441072,linguistic,4.5
39441075,linguistic,4.5
39441692,linguistic,3.5
39441796,linguistic,4.5
39443630,linguistic,3.5
39448614,linguistic,3.0
39448623,linguistic,3.0
39455415,linguistic,3.5
39458265,linguistic,3.0
39460620,linguistic,5.0
39460625,linguistic,4.0
39460935,linguistic,3.5
39460951,linguistic,3.5
39465390,linguistic,3.5
39467874,linguistic,3.0
39468922,linguistic,3.0
39470701,linguistic,3.5
39470702,linguistic,4.0
39470706,linguistic,5.5
39470715,linguistic,4.5
39470718,linguistic,4.0
39470721,linguistic,4.5
39470723,linguistic,4.0
39470724,linguistic,4.0
39470730,linguistic,5.0
39470732,linguistic,4.5
39470737,linguistic,4.5
39470740,linguistic,4.0
39471150,linguistic,3.5
39471470,linguistic,5.0
39473492,linguistic,5.0
39475181,linguistic,5.0
39475723,linguistic,4.5
39476302,linguistic,3.5
39478454,linguistic,3.0
39478465,linguistic,3.5
39479298,linguistic,4.5
39482572,linguistic,4.0
39483086,linguistic,4.5
39483755,linguistic,3.0
39484850,linguistic,4.0
39487161,linguistic,3.5
39488701,linguistic,5.0
39489606,linguistic,3.5
39493756,linguistic,4.5
39493875,linguistic,3.0
39494388,linguistic,3.0
39494517,linguistic,4.5
39494524,linguistic,4.0
39494533,linguistic,4.5
39494542,linguistic,4.0
39497074,linguistic,4.5
39498484,linguistic,3.0
39498488,linguistic,5.5
39498494,linguistic,5.0
39498498,linguistic,3.5
39500192,linguistic,3.0
39504480,linguistic,3.5
39506806,linguistic,3.5
39507665,linguistic,4.5
39508840,linguistic,3.0
39514415,linguistic,4.0
39515655,linguistic,3.0
39517109,linguistic,3.5
39520405,linguistic,5.5
39520544,linguistic,3.5
39525087,linguistic,5.5
39526369,linguistic,5.0
39526372,linguistic,4.5
39526380,linguistic,4.0
39526384,linguistic,4.5
39526387,linguistic,4.5
39526401,linguistic,4.5
39526403,linguistic,4.5
39526405,linguistic,5.0
39528496,linguistic,3.5
39530217,linguistic,3.0
39530220,linguistic,3.5
39530233,linguistic,4.0
39530236,linguistic,3.5
39530240,linguistic,3.5
39530242,linguistic,4.0
39533201,linguistic,4.0
39534537,linguistic,3.0
39535036,linguistic,3.0
39535052,linguistic,3.0
39535874,linguistic,3.0
39536385,linguistic,4.5
39538127,linguistic,3.0
39539268,linguistic,3.5
39540421,linguistic,5.0
39540424,linguistic,3.0
39540425,linguistic,4.5
39540430,linguistic,4.5
39540438,linguistic,3.5
39540753,linguistic,4.5
39541343,linguistic,5.0
39543652,linguistic,3.5
39544627,linguistic,4.0
39545396,linguistic,4.0
39546046,linguistic,4.0
39546087,linguistic,4.5
39546375,linguistic,5.0
39546377,linguistic,4.0
39546630,linguistic,4.5
39546631,linguistic,4.0
39550226,linguistic,3.5
39552041,linguistic,3.0
39558158,linguistic,4.0
39558161,linguistic,4.5
39558172,linguistic,4.0
39558175,linguistic,4.0
39558176,linguistic,4.5
39558177,linguistic,4.5
39558178,linguistic,4.5
39558185,linguistic,3.5
39558187,linguistic,4.0
39558581,linguistic,3.5
39559743,linguistic,3.0
39562160,linguistic,4.0
39563275,linguistic,3.5
39565196,linguistic,3.0
39565199,linguistic,3.5
39565202,linguistic,4.5
39565203,linguistic,4.0
39565208,linguistic,3.5
39565209,linguistic,4.5
39565917,linguistic,4.0
39567340,linguistic,3.0
39569321,linguistic,6.0
39570626,linguistic,5.0
39573833,linguistic,3.0
39574394,linguistic,3.5
39576581,linguistic,5.0
39576584,linguistic,3.5
39576587,linguistic,3.5
39577347,linguistic,4.0
39577557,linguistic,4.0
39578692,linguistic,4.0
39578697,linguistic,4.0
39582892,linguistic,4.5
39585721,linguistic,4.5
39585730,linguistic,4.5
39586215,linguistic,6.0
39588754,linguistic,3.5
39588765,linguistic,4.5
39588765,linguistic,4.5
39588778,linguistic,5.0
39589438,linguistic,4.5
39589995,linguistic,3.0
39591252,linguistic,4.5
39592652,linguistic,4.0
39593035,linguistic,4.0
39602797,linguistic,4.0
39602824,linguistic,4.0
39607691,linguistic,3.0
39609715,linguistic,3.0
39609860,linguistic,3.5
39614138,linguistic,5.5
39616207,linguistic,4.0
39622024,linguistic,3.5
39622813,linguistic,3.5
39625972,linguistic,3.0
39628627,linguistic,3.0
39630862,linguistic,4.5
39632912,linguistic,3.0
39633021,linguistic,4.5
39633268,linguistic,4.0
39641579,linguistic,3.5
39643104,linguistic,4.5
39648257,linguistic,3.0
39653819,linguistic,3.0
39656773,linguistic,3.5
39656790,linguistic,4.0
39656924,linguistic,3.5
39657135,linguistic,4.0
39657145,linguistic,5.0
39657158,linguistic,4.5
39657689,linguistic,3.5
39657789,linguistic,3.0
39657946,linguistic,4.0
39657951,linguistic,3.5
39658041,linguistic,4.0
39658259,linguistic,4.5
39658751,linguistic,3.0
39660217,linguistic,3.5
39660842,linguistic,4.0
39662474,linguistic,3.5
39663244,linguistic,4.0
39671929,linguistic,3.0
39672676,linguistic,3.0
39672986,linguistic,3.0
39673270,linguistic,5.0
39673440,linguistic,5.0
39675831,linguistic,3.5
39676654,linguistic,4.5
39677536,linguistic,4.5
39679438,linguistic,3.0
39681772,linguistic,3.0
39686909,linguistic,3.5
39687360,linguistic,3.0
39693053,linguistic,4.0
39693568,linguistic,4.0
39695236,linguistic,3.0
39695922,linguistic,4.0
39697868,linguistic,4.5
39700425,linguistic,5.0
39702552,linguistic,4.0
39702608,linguistic,3.0
39703430,linguistic,5.0
39704703,linguistic,3.0
39704901,linguistic,3.0
39707929,linguistic,5.0
39708840,linguistic,3.5
39709508,linguistic,3.0
39709521,linguistic,3.0
39714149,linguistic,5.5
39719064,linguistic,4.0
39719439,linguistic,3.5
39719828,linguistic,3.0
39720162,linguistic,3.0
39720854,linguistic,3.5
39721046,linguistic,3.0
39722525,linguistic,3.5
39722871,linguistic,3.5
39724337,linguistic,4.5
39724366,linguistic,4.0
39729127,linguistic,3.0
39730485,linguistic,3.0
39731018,linguistic,4.5
39733351,linguistic,3.5
39737003,linguistic,3.0
39737565,linguistic,4.5
39737797,linguistic,3.5
39738056,linguistic,3.0
39738275,linguistic,3.5
39738650,linguistic,4.5
39738661,linguistic,3.0
39740512,linguistic,4.0
39746417,linguistic,3.5
39749176,linguistic,3.0
39749667,linguistic,3.5
39753569,linguistic,4.0
39753599,linguistic,3.0
39753746,linguistic,3.0
39753885,linguistic,3.0
39754835,linguistic,3.5
39757114,linguistic,3.5
39757418,linguistic,3.0
39757424,linguistic,3.0
39762327,linguistic,3.0
39763119,linguistic,3.0
39773308,linguistic,3.0
39773409,linguistic,4.5
39776220,linguistic,4.0
39780059,linguistic,4.0
39781512,linguistic,3.5
39781514,linguistic,5.0
39786428,linguistic,4.0
39788736,linguistic,4.5
39789848,linguistic,3.5
39793579,linguistic,3.5
39796186,linguistic,3.0
39798480,linguistic,3.0
39799107,linguistic,3.0
39800874,linguistic,3.5
39804669,linguistic,4.5
39805871,linguistic,3.5
39806295,linguistic,4.0
39809358,linguistic,4.0
39809764,linguistic,3.0
39812795,linguistic,4.0
39814068,linguistic,4.0
39814560,linguistic,3.5
39814778,linguistic,3.0
39817516,linguistic,3.0
39817732,linguistic,3.5
39820318,linguistic,3.0
39821779,linguistic,3.5
39822275,linguistic,5.0
39824652,linguistic,3.5
39824846,linguistic,3.0
39826711,linguistic,5.5
39827367,linguistic,3.0
39827990,linguistic,4.0
39828940,linguistic,3.0
39833831,linguistic,4.0
39836277,linguistic,3.0
39836623,linguistic,4.5
39836872,linguistic,4.5
39837330,linguistic,3.0
39838181,linguistic,4.5
39838182,linguistic,4.0
39838386,linguistic,3.0
39838450,linguistic,5.0
39842990,linguistic,5.0
39849360,linguistic,5.0
39850579,linguistic,3.5
39854281,linguistic,4.0
39856107,linguistic,3.0
39862387,linguistic,3.5
39862439,linguistic,4.0
39866619,linguistic,3.5
39866666,linguistic,3.5
39867820,linguistic,4.0
39870684,linguistic,3.0
39871596,linguistic,4.0
39874126,linguistic,4.0
39874598,linguistic,3.0
39874782,linguistic,5.0
39875867,linguistic,4.0
39876062,linguistic,3.5
39879562,linguistic,3.5
39880865,linguistic,3.5
39880958,linguistic,3.0
39883249,linguistic,4.0
39885339,linguistic,3.5
39890791,linguistic,3.0
39891346,linguistic,3.0
39891350,linguistic,5.0
39895658,linguistic,3.5
39897104,linguistic,4.0
39898310,linguistic,3.0
39898450,linguistic,4.0
39900705,linguistic,3.0
39901628,linguistic,3.0
39905665,linguistic,4.0
39906132,linguistic,3.0
39908239,linguistic,3.5
39909853,linguistic,4.0
39910485,linguistic,4.0
39910777,linguistic,3.0
39913362,linguistic,4.0
39913370,linguistic,3.0
39915473,linguistic,3.0
39921902,linguistic,4.5
39922312,linguistic,3.0
39922822,linguistic,4.5
39924294,linguistic,4.5
39931895,linguistic,4.0
39932005,linguistic,4.5
39932497,linguistic,3.5
39932865,linguistic,4.0
39934826,linguistic,5.0
39934999,linguistic,3.5
39936186,linguistic,3.0
39936323,linguistic,4.5
39937662,linguistic,4.0
39944117,linguistic,4.5
39944812,linguistic,4.5
39945785,linguistic,3.5
39946426,linguistic,3.0
39947184,linguistic,3.0
39955343,linguistic,4.0
39956358,linguistic,4.0
39959831,linguistic,3.5
39959838,linguistic,3.5
39960880,linguistic,3.5
39961523,linguistic,4.0
39963423,linguistic,4.5
39963994,linguistic,4.5
39965271,linguistic,3.5
39965934,linguistic,3.0
39966389,linguistic,3.0
39968378,linguistic,4.5
39968379,linguistic,5.0
39968950,linguistic,3.0
39971880,linguistic,3.0
39971983,linguistic,3.0
39973009,linguistic,3.0
39977381,linguistic,3.5
39977983,linguistic,4.0
39979307,linguistic,3.0
39980225,linguistic,4.0
39982404,linguistic,4.0
39982792,linguistic,4.0
39983713,linguistic,3.0
39985442,linguistic,4.0
39985446,linguistic,4.0
39987466,linguistic,4.0
39988118,linguistic,4.5
39989223,linguistic,4.5
39993325,linguistic,3.0
39994572,linguistic,4.0
39999010,linguistic,4.0
40000636,linguistic,4.0
40000672,linguistic,3.0
40023767,linguistic,3.5
40027488,linguistic,4.0
40028774,linguistic,4.0
40032895,linguistic,3.0
40033050,linguistic,3.5
40033544,linguistic,3.0
40033715,linguistic,3.0
40034696,linguistic,3.0
40034748,linguistic,3.0
40035691,linguistic,4.0
40036429,linguistic,3.0
40036585,linguistic,4.5
40036690,linguistic,4.0
40036758,linguistic,3.0
40036767,linguistic,4.5
40036846,linguistic,4.0
40037544,linguistic,3.5
40037615,linguistic,4.0
40037809,linguistic,4.5
40044690,linguistic,5.0
40044786,linguistic,4.0
40045573,linguistic,3.0
40045664,linguistic,4.0
40046760,linguistic,4.0
40049587,linguistic,3.5
40050282,linguistic,3.0
40052362,linguistic,5.0
40054813,linguistic,4.5
40055329,linguistic,3.0
40055894,linguistic,3.0
40056431,linguistic,4.0
40057225,linguistic,3.0
40057659,linguistic,3.0
40063927,linguistic,3.5
40064883,linguistic,3.5
40067093,linguistic,5.0
40067792,linguistic,4.5
40070513,linguistic,3.0
40071125,linguistic,3.0
40073641,linguistic,3.0
40074756,linguistic,3.0
40075808,linguistic,3.5
40080702,linguistic,5.0
40084908,linguistic,3.0
40087197,linguistic,3.5
40087567,linguistic,3.5
40087979,linguistic,3.0
40092663,linguistic,3.5
40095417,linguistic,3.0
40095784,linguistic,3.0
40097274,linguistic,4.5
40099873,linguistic,3.5
40100159,linguistic,3.5
40102678,linguistic,3.5
40103610,linguistic,4.5
40106419,linguistic,4.5
40106489,linguistic,3.0
40108108,linguistic,3.0
40108206,linguistic,4.5
40109263,linguistic,3.0
40111914,linguistic,3.5
40112707,linguistic,3.0
40113206,linguistic,4.5
40115771,linguistic,4.5
40116496,linguistic,3.5
40118046,linguistic,4.0
40119373,linguistic,3.0
40122935,linguistic,3.0
40123802,linguistic,4.5
40124712,linguistic,3.0
40126909,linguistic,4.0
40127300,linguistic,3.0
40129074,linguistic,3.0
40133402,linguistic,3.0
40133778,linguistic,4.5
40133781,linguistic,3.5
40133783,linguistic,4.0
40133784,linguistic,4.0
40133787,linguistic,3.0
40133788,linguistic,5.0
40133792,linguistic,5.5
40133794,linguistic,3.0
40134345,linguistic,3.5
40135505,linguistic,3.0
40140564,linguistic,3.5
40140766,linguistic,3.0
40140942,linguistic,4.0
40144382,linguistic,3.5
40145964,linguistic,4.0
40151429,linguistic,4.0
40152239,linguistic,5.5
40154847,linguistic,3.0
40155596,linguistic,4.0
40157887,linguistic,4.0
40160219,linguistic,5.0
40163697,linguistic,6.0
40163700,linguistic,5.0
40163742,linguistic,3.5
40163822,linguistic,3.5
40164028,linguistic,4.5
40164800,linguistic,3.5
40164957,linguistic,3.5
40169663,linguistic,4.0
40169679,linguistic,3.0
40170100,linguistic,3.5
40170166,linguistic,3.0
40171940,linguistic,3.5
40172934,linguistic,4.0
40175586,linguistic,3.0
40175669,linguistic,3.5
40178927,linguistic,4.0
40178932,linguistic,4.0
40179105,linguistic,4.0
40179876,linguistic,3.0
40180241,linguistic,3.5
40181211,linguistic,4.0
40181386,linguistic,5.0
40182018,linguistic,3.0
40184383,linguistic,3.5
40185904,linguistic,5.0
40186419,linguistic,4.5
40188497,linguistic,3.0
40190740,linguistic,3.0
40193392,linguistic,4.0
40193489,linguistic,3.5
40195949,linguistic,3.0
40197022,linguistic,3.0
40199921,linguistic,3.0
40200282,linguistic,4.5
40202108,linguistic,3.5
40209438,linguistic,3.0
40210874,linguistic,3.0
40211375,linguistic,3.0
40214100,linguistic,4.5
40214971,linguistic,3.0
40216652,linguistic,3.5
40216796,linguistic,3.0
40217418,linguistic,3.0
40219973,linguistic,3.0
40221859,linguistic,3.5
40224325,linguistic,4.5
40225143,linguistic,3.0
40225173,linguistic,3.0
40225790,linguistic,3.0
40229253,linguistic,4.0
40233091,linguistic,3.5
40234091,linguistic,3.5
40234567,linguistic,3.0
40234988,linguistic,3.5
40236778,linguistic,5.0
40238188,linguistic,4.0
40240925,linguistic,4.0
40248357,linguistic,5.5
40250417,linguistic,4.0
40251157,linguistic,4.0
40251829,linguistic,3.5
40253448,linguistic,3.0
40253701,linguistic,4.5
40254830,linguistic,3.5
40255481,linguistic,3.5
40257905,linguistic,3.5
40257906,linguistic,5.0
40259416,linguistic,3.0
40259421,linguistic,3.5
40259822,linguistic,3.0
40261733,linguistic,4.0
40261741,linguistic,3.0
40262894,linguistic,4.0
40268234,linguistic,4.0
40268235,linguistic,5.0
40269639,linguistic,4.0
40272360,linguistic,5.0
40272881,linguistic,3.5
40273444,linguistic,4.0
40276250,linguistic,4.5
40279289,linguistic,3.5
40281032,linguistic,3.0
40281369,linguistic,3.0
40281430,linguistic,4.0
40287646,linguistic,4.0
40293718,linguistic,5.0
40295482,linguistic,3.0
40298430,linguistic,3.0
40299983,linguistic,3.5
40301348,linguistic,3.0
40301568,linguistic,3.5
40308064,linguistic,4.0
40309917,linguistic,4.0
40314147,linguistic,3.0
40315130,linguistic,4.5
40315246,linguistic,4.0
40317650,linguistic,4.0
40319045,linguistic,3.0
40320551,linguistic,3.0
40323307,linguistic,5.0
40323323,linguistic,4.0
40324996,linguistic,3.0
40327796,linguistic,3.0
40329811,linguistic,3.0
40338521,linguistic,4.5
40341230,linguistic,4.0
40343630,linguistic,4.0
40343712,linguistic,5.0
40344361,linguistic,4.5
40346862,linguistic,3.0
40347452,linguistic,3.5
40348330,linguistic,4.5
40349368,linguistic,3.0
40351053,linguistic,4.5
40354181,linguistic,3.0
40355512,linguistic,3.0
40360995,linguistic,4.5
40366732,linguistic,3.0
40366734,linguistic,4.0
40366826,linguistic,3.0
40367044,linguistic,3.0
40372422,linguistic,4.5
40378051,linguistic,3.5
40378136,linguistic,3.0
40379655,linguistic,3.5
40380573,linguistic,3.5
40381982,linguistic,4.5
40381983,linguistic,4.0
40382360,linguistic,3.0
40384975,linguistic,4.0
40386950,linguistic,3.5
40388119,linguistic,3.0
40388309,linguistic,3.5
40389829,linguistic,3.5
40392208,linguistic,4.5
40394065,linguistic,3.0
40396031,linguistic,4.0
40399336,linguistic,3.0
40399664,linguistic,3.0
40399973,linguistic,3.5
40400345,linguistic,4.5
40402453,linguistic,3.0
40402563,linguistic,4.5
40402693,linguistic,3.5
40403038,linguistic,4.0
40411446,linguistic,5.0
40414739,linguistic,4.0
40415679,linguistic,3.0
40417475,linguistic,3.0
40417499,linguistic,3.5
40419450,linguistic,3.0
40424178,linguistic,4.0
40424346,linguistic,3.0
40433754,linguistic,3.0
40433759,linguistic,3.0
40434923,linguistic,4.0
40436186,linguistic,3.0
40439320,linguistic,3.5
40439670,linguistic,3.0
40443993,linguistic,3.0
40444783,linguistic,4.5
40446800,linguistic,3.0
40447627,linguistic,3.0
40448503,linguistic,3.5
40456783,linguistic,3.5
40459878,linguistic,4.0
40466944,linguistic,3.0
40467750,linguistic,3.0
40467839,linguistic,5.0
40471991,linguistic,3.5
40471992,linguistic,3.5
40474519,linguistic,3.0
40476263,linguistic,3.0
40479720,linguistic,3.0
40481042,linguistic,3.0
40483547,linguistic,3.0
40484097,linguistic,4.5
40489639,linguistic,4.0
40493647,linguistic,3.5
40494321,linguistic,3.5
40494643,linguistic,3.0
40494646,linguistic,4.5
40494666,linguistic,3.0
40495324,linguistic,4.5
40496736,linguistic,3.5
40496751,linguistic,3.0
40498755,linguistic,3.0
40502930,linguistic,4.5
40504012,linguistic,3.5
40504102,linguistic,4.5
40507586,linguistic,3.0
40509866,linguistic,4.0
40511982,linguistic,3.5
40514603,linguistic,3.0
40514699,linguistic,3.5
40516374,linguistic,3.0
40518950,linguistic,3.0
40523076,linguistic,3.5
40524050,linguistic,3.0
40526044,linguistic,3.5
40526489,linguistic,3.5
40527897,linguistic,3.0
40536267,linguistic,3.0
40536622,linguistic,3.5
40538029,linguistic,3.0
40538637,linguistic,3.0
40541988,linguistic,3.0
40544187,linguistic,3.0
40545607,linguistic,3.5
40546922,linguistic,3.5
40548747,linguistic,4.0
40553506,linguistic,3.5
40555897,linguistic,3.0
40557783,linguistic,3.0
40571162,linguistic,3.5
40578340,linguistic,3.0
40579867,linguistic,4.0
40580317,linguistic,3.5
40583840,linguistic,4.0
40588511,linguistic,4.5
40599243,linguistic,3.5
40601258,linguistic,4.5
40601261,linguistic,3.5
40606149,linguistic,5.0
40606542,linguistic,3.5
40607320,linguistic,3.0
40621063,linguistic,4.0
40625169,linguistic,4.0
40626310,linguistic,5.0
40635974,linguistic,3.0
40673195,linguistic,3.5
40677242,linguistic,4.0
40677252,linguistic,3.0
40677986,linguistic,3.0
40687097,linguistic,3.0
40687679,linguistic,4.5
40700252,linguistic,3.5
40710990,linguistic,3.0
40728615,linguistic,5.0
40728619,linguistic,3.5
40728624,linguistic,5.0
40740612,linguistic,3.0
40800985,linguistic,3.0
40822707,linguistic,3.0
40884802,linguistic,3.0
40895450,linguistic,3.5
40899639,linguistic,4.0
40963881,linguistic,3.0
40971591,linguistic,3.5
40996704,linguistic,3.0
40996706,linguistic,3.0
40996707,linguistic,3.5
40996708,linguistic,4.5
40996709,linguistic,4.5
40996714,linguistic,6.0
40996715,linguistic,4.0
40996717,linguistic,3.5
40996718,linguistic,3.5
41014096,linguistic,4.5
41031637,linguistic,4.5
41092271,linguistic,4.5
41098352,linguistic,3.5
41128428,linguistic,3.0
41158063,linguistic,3.5
41171287,linguistic,4.0
41171289,linguistic,4.0
