pmid,source,setfit_confidence
38115123,setfit,0.7306423
35504964,setfit,0.7299009
36443329,setfit,0.72921175
37450161,setfit,0.72920775
38356567,setfit,0.72902274
40249023,setfit,0.72890574
38042830,setfit,0.7288999
36456604,setfit,0.7287572
36622853,setfit,0.7285361
38804840,setfit,0.72833925
35377469,setfit,0.72828597
35504897,setfit,0.72799665
36192410,setfit,0.7277877
35037225,setfit,0.7277488
35732014,setfit,0.7276873
35583790,setfit,0.7276527
35484563,setfit,0.72755986
36272983,setfit,0.7273217
36575383,setfit,0.72730666
37672040,setfit,0.72720474
36448847,setfit,0.72708845
37699937,setfit,0.7270863
39574409,setfit,0.727081
38572078,setfit,0.72693455
35715874,setfit,0.7268254
40296170,setfit,0.72671175
37944046,setfit,0.7266818
37696882,setfit,0.7265965
39441835,setfit,0.72656447
38758924,setfit,0.72650015
37771003,setfit,0.726496
37452020,setfit,0.7264604
37156621,setfit,0.7264571
35318851,setfit,0.726341
39082653,setfit,0.7263226
37953312,setfit,0.72624135
40183635,setfit,0.72620404
36016994,setfit,0.72616297
39607707,setfit,0.7259905
37563883,setfit,0.7259396
39894387,setfit,0.72588605
40728616,setfit,0.72576034
37938558,setfit,0.7256169
40048704,setfit,0.7256109
38449296,setfit,0.72547174
35864118,setfit,0.72547156
39253011,setfit,0.7254673
36609528,setfit,0.72542757
37671181,setfit,0.7253181
36223196,setfit,0.7252923
40514370,setfit,0.7252781
40327458,setfit,0.72524333
39138221,setfit,0.72516793
40341774,setfit,0.725118
40057556,setfit,0.7250757
35614129,setfit,0.7250644
40279264,setfit,0.72505414
38132293,setfit,0.7250132
40467651,setfit,0.72498405
35422973,setfit,0.72497696
36792601,setfit,0.7249286
39647635,setfit,0.72492516
37796873,setfit,0.7249187
38730184,setfit,0.72490907
40996703,setfit,0.7249054
40231150,setfit,0.72487515
37596815,setfit,0.72486895
35886794,setfit,0.7248593
37843156,setfit,0.72479224
36508259,setfit,0.7247695
38326906,setfit,0.7247342
39915513,setfit,0.7246308
34850162,setfit,0.72460896
35675360,setfit,0.72453904
35604553,setfit,0.7245363
40268957,setfit,0.7244515
35323860,setfit,0.7244337
39574417,setfit,0.7244269
39540432,setfit,0.7243887
35637307,setfit,0.72436285
40328768,setfit,0.72433674
34719002,setfit,0.72425795
35104125,setfit,0.72423154
35037203,setfit,0.72421557
37965622,setfit,0.7241935
38995542,setfit,0.72418743
35126443,setfit,0.72412425
39540736,setfit,0.72407717
35805909,setfit,0.7240738
37653395,setfit,0.72405505
37870467,setfit,0.72401196
39372719,setfit,0.72400355
38297840,setfit,0.7239252
36944259,setfit,0.7238826
37902126,setfit,0.7238639
37010520,setfit,0.7238631
36828587,setfit,0.7238431
36083565,setfit,0.7238299
39562668,setfit,0.7237635
39019896,setfit,0.72375196
40450355,setfit,0.7237504
35495109,setfit,0.72374415
38177985,setfit,0.7236935
37947503,setfit,0.7236933
39546374,setfit,0.7235979
38967009,setfit,0.72356254
39104285,setfit,0.72351676
39957787,setfit,0.72348523
37953304,setfit,0.723439
35609980,setfit,0.7234339
37740491,setfit,0.7234198
35148686,setfit,0.72338605
35807577,setfit,0.7233464
37986224,setfit,0.7233457
35576088,setfit,0.7233182
37450164,setfit,0.7232129
38160287,setfit,0.72319275
35043169,setfit,0.72318697
34791203,setfit,0.72318184
39283448,setfit,0.7231604
36705910,setfit,0.72314465
38266194,setfit,0.7231176
37934729,setfit,0.72311187
39095357,setfit,0.7230421
36697464,setfit,0.7230409
35577821,setfit,0.72301215
35559614,setfit,0.7229876
36408920,setfit,0.7228817
38177162,setfit,0.7228721
35313008,setfit,0.72286856
39348378,setfit,0.722867
39935019,setfit,0.7228642
39138517,setfit,0.72280157
37601035,setfit,0.7227682
40100137,setfit,0.7227652
35267146,setfit,0.7227638
38869148,setfit,0.7227246
40233101,setfit,0.7226544
38502513,setfit,0.7226294
38577974,setfit,0.7226221
35350714,setfit,0.72261375
35616633,setfit,0.72257626
39117154,setfit,0.7225578
37045837,setfit,0.7224864
36289281,setfit,0.7224759
38769143,setfit,0.7224628
34718997,setfit,0.7224622
39151939,setfit,0.72245955
38995537,setfit,0.7224536
37784172,setfit,0.7224529
38192003,setfit,0.72242796
35794183,setfit,0.72236466
36125864,setfit,0.72234905
37537186,setfit,0.7223127
40269329,setfit,0.7223003
37439331,setfit,0.7222923
35617526,setfit,0.7222248
37701712,setfit,0.7222236
38022697,setfit,0.72220176
37620118,setfit,0.72219574
40037522,setfit,0.722186
38001090,setfit,0.7221813
38027538,setfit,0.7221719
39247224,setfit,0.72216773
39443514,setfit,0.7221651
38605036,setfit,0.7221457
37216585,setfit,0.72213554
39041911,setfit,0.7220744
39870848,setfit,0.72206956
36300629,setfit,0.72204953
39695946,setfit,0.7220398
37450167,setfit,0.7220135
37864541,setfit,0.7219821
39805704,setfit,0.72195727
38802733,setfit,0.7218785
40319100,setfit,0.7218737
37995323,setfit,0.7218643
36012140,setfit,0.7217928
34551435,setfit,0.72179013
38870159,setfit,0.7217718
37753479,setfit,0.7217548
38819573,setfit,0.7217174
35727444,setfit,0.7217029
39838963,setfit,0.7216906
37173746,setfit,0.7215988
38613887,setfit,0.72159517
39987132,setfit,0.72150993
37052532,setfit,0.72149146
38755527,setfit,0.7214412
36413377,setfit,0.7214065
38824125,setfit,0.721275
37349345,setfit,0.7212679
36402838,setfit,0.72122496
35524055,setfit,0.7212238
36598505,setfit,0.72121817
37881892,setfit,0.7211961
38683334,setfit,0.7211897
35037224,setfit,0.7211801
35190537,setfit,0.7211584
37730936,setfit,0.7211327
40029615,setfit,0.7210763
35458710,setfit,0.72103816
35507258,setfit,0.7210281
38518223,setfit,0.72102106
39898792,setfit,0.7210015
37231010,setfit,0.7209956
39258795,setfit,0.7209863
38743660,setfit,0.72098535
35877764,setfit,0.72095525
38819572,setfit,0.7209481
35504919,setfit,0.72093576
36344834,setfit,0.7209189
38564426,setfit,0.72084
40382353,setfit,0.7208301
39261508,setfit,0.7208298
39433759,setfit,0.72081816
37142970,setfit,0.72076464
36196222,setfit,0.7207259
38034874,setfit,0.7207071
37972102,setfit,0.72069013
37058511,setfit,0.7206668
39561848,setfit,0.7206332
39290423,setfit,0.72061193
38900798,setfit,0.7205944
40011321,setfit,0.72059005
37418425,setfit,0.72056866
39242579,setfit,0.72056305
38866550,setfit,0.720544
36582986,setfit,0.72053415
38450403,setfit,0.7205168
38438871,setfit,0.72049636
38569935,setfit,0.72046316
38597606,setfit,0.72046274
40250332,setfit,0.72046274
35525549,setfit,0.7204506
40661153,setfit,0.7204215
37941124,setfit,0.72041214
38723072,setfit,0.72040045
35129172,setfit,0.7203957
35037201,setfit,0.7203763
35536253,setfit,0.7203756
36534166,setfit,0.720309
39117657,setfit,0.7202855
35346379,setfit,0.7202778
38760382,setfit,0.7202732
40728618,setfit,0.7202451
39019974,setfit,0.7202348
37739960,setfit,0.7202084
39985319,setfit,0.7202074
39715746,setfit,0.72019905
38236904,setfit,0.7201939
37376732,setfit,0.7201883
38062064,setfit,0.72012484
38972891,setfit,0.7201089
36215146,setfit,0.7200278
39387067,setfit,0.720025
40451094,setfit,0.720012
35931779,setfit,0.7199497
39101486,setfit,0.7199461
38776381,setfit,0.71992886
36869294,setfit,0.7199188
35773252,setfit,0.7199098
40419587,setfit,0.7199076
38914734,setfit,0.7198997
36124803,setfit,0.7198918
38012232,setfit,0.7198876
37220074,setfit,0.7198873
39192052,setfit,0.7198454
38282738,setfit,0.719829
35803947,setfit,0.7197162
35166825,setfit,0.71968734
37340457,setfit,0.7196838
38377397,setfit,0.71968216
34844546,setfit,0.7196585
37900105,setfit,0.7196557
37471595,setfit,0.7196527
33306472,setfit,0.7196372
40063348,setfit,0.71960646
38890666,setfit,0.7196033
38704738,setfit,0.7195894
39013933,setfit,0.7195689
39411448,setfit,0.7195511
35571058,setfit,0.7195182
38868518,setfit,0.7194726
38668652,setfit,0.7194583
39134617,setfit,0.7194454
36305606,setfit,0.719424
38623547,setfit,0.71941024
38630617,setfit,0.71940076
40233745,setfit,0.7193954
39209857,setfit,0.7193824
39475188,setfit,0.71936715
35394655,setfit,0.7193359
38345923,setfit,0.7193354
36702840,setfit,0.7193267
38270339,setfit,0.7193143
37811889,setfit,0.7193062
36469142,setfit,0.71928585
38808697,setfit,0.71928334
38475691,setfit,0.71926254
39214983,setfit,0.71925133
36274129,setfit,0.71924114
35650205,setfit,0.7192383
36419248,setfit,0.7191713
38238583,setfit,0.7191692
38577785,setfit,0.7191677
37874948,setfit,0.7191254
35610420,setfit,0.7191204
39320317,setfit,0.7191188
38291027,setfit,0.7191119
38668979,setfit,0.71907324
38486291,setfit,0.7190389
35560159,setfit,0.71902055
39730336,setfit,0.71900713
38351149,setfit,0.7189967
35354825,setfit,0.71898293
36318249,setfit,0.71897125
40522748,setfit,0.7189622
40588608,setfit,0.7189616
35576001,setfit,0.71895635
38951561,setfit,0.7189447
40413228,setfit,0.71892715
37342968,setfit,0.718877
35764652,setfit,0.7188764
35864937,setfit,0.7188202
38710720,setfit,0.71881324
40599425,setfit,0.7187845
35058462,setfit,0.718762
38713862,setfit,0.7187435
35136085,setfit,0.71872914
40411413,setfit,0.71872246
39071970,setfit,0.7187069
37393296,setfit,0.7187038
34718743,setfit,0.7186998
36926884,setfit,0.7186709
36449155,setfit,0.71865326
36809800,setfit,0.71860546
36755307,setfit,0.7185982
40483273,setfit,0.71857226
35584003,setfit,0.71855426
38238779,setfit,0.71854824
35183110,setfit,0.71852547
38631346,setfit,0.71849906
36360242,setfit,0.7184017
40828275,setfit,0.718398
38025966,setfit,0.71838737
40536815,setfit,0.71835953
40542438,setfit,0.7183561
38630609,setfit,0.7183146
38832828,setfit,0.71823287
40470349,setfit,0.71821713
37510236,setfit,0.7182056
37897362,setfit,0.71820295
40032880,setfit,0.71817416
36813797,setfit,0.71814936
37438378,setfit,0.71811193
37639475,setfit,0.7181119
37258857,setfit,0.7180979
38238370,setfit,0.7180929
39078880,setfit,0.7180913
37696807,setfit,0.7180733
38013033,setfit,0.718067
39657740,setfit,0.71806157
39870651,setfit,0.7180462
37140037,setfit,0.71803194
39512782,setfit,0.71802825
39773281,setfit,0.7180214
38529759,setfit,0.71800303
38848714,setfit,0.7179833
40397417,setfit,0.7179614
36988912,setfit,0.7179544
36208225,setfit,0.7179502
40343462,setfit,0.71789217
38919818,setfit,0.71787196
37997848,setfit,0.717871
37460312,setfit,0.71785474
38069165,setfit,0.71783555
38112483,setfit,0.7178285
36755109,setfit,0.717815
38935069,setfit,0.71780944
38175787,setfit,0.7178037
35408437,setfit,0.7177711
36399499,setfit,0.71776503
37202393,setfit,0.7177576
36318240,setfit,0.71775436
37203586,setfit,0.71774244
35414146,setfit,0.7177333
39460195,setfit,0.7177062
36748555,setfit,0.7176965
36526439,setfit,0.7176868
35995382,setfit,0.71767867
37260078,setfit,0.7176745
35121854,setfit,0.71766263
38038927,setfit,0.7176567
36262334,setfit,0.7176562
37125649,setfit,0.71765095
34991903,setfit,0.7176384
35894475,setfit,0.71762985
34991667,setfit,0.71761423
36938926,setfit,0.71760684
38292471,setfit,0.71758765
37036103,setfit,0.7175466
38913321,setfit,0.71752226
40246847,setfit,0.7175182
40422930,setfit,0.7175159
39389990,setfit,0.71744806
39244629,setfit,0.7174197
38301657,setfit,0.71741235
36335143,setfit,0.7174102
37202400,setfit,0.7174101
39242622,setfit,0.71738887
40265842,setfit,0.7173838
37243692,setfit,0.717372
39329269,setfit,0.71733916
38258418,setfit,0.71732837
37971299,setfit,0.7173022
37206112,setfit,0.7172522
35958127,setfit,0.7172517
39830014,setfit,0.7172486
37482620,setfit,0.7172327
39905011,setfit,0.7172313
37919303,setfit,0.71722734
36566333,setfit,0.7172237
37387134,setfit,0.71720827
37024526,setfit,0.71714914
38233439,setfit,0.7171353
37709805,setfit,0.71710837
36896468,setfit,0.7170926
35589837,setfit,0.71707886
34788843,setfit,0.71705884
37520646,setfit,0.7170308
35101114,setfit,0.71699846
36350672,setfit,0.7169424
36193886,setfit,0.71691597
34791357,setfit,0.71686685
36347858,setfit,0.7168661
40102478,setfit,0.7168617
38609423,setfit,0.7168593
36833209,setfit,0.7168429
36382391,setfit,0.71679354
38347012,setfit,0.7167914
39710433,setfit,0.7167614
37221245,setfit,0.71671456
36075903,setfit,0.7167002
35228311,setfit,0.7166683
40275641,setfit,0.7166608
39039439,setfit,0.7166601
39578580,setfit,0.71664035
38652181,setfit,0.71662956
39939607,setfit,0.71662456
40011546,setfit,0.7165831
36598107,setfit,0.71657014
38177193,setfit,0.7165412
39607778,setfit,0.7165033
39611991,setfit,0.71648055
37258539,setfit,0.7164584
40027491,setfit,0.71642536
34950955,setfit,0.7163934
39143093,setfit,0.71637917
35654892,setfit,0.716371
37644024,setfit,0.71637034
38553675,setfit,0.7163668
36499138,setfit,0.71636385
38638909,setfit,0.71635634
38336857,setfit,0.7163292
39052662,setfit,0.7163262
41004266,setfit,0.7162747
37058588,setfit,0.71626145
38314912,setfit,0.7162584
38292137,setfit,0.7162497
37788713,setfit,0.71624815
38724907,setfit,0.7162427
35531299,setfit,0.7162285
35879669,setfit,0.7161965
37967146,setfit,0.7161755
39460934,setfit,0.71616703
39567690,setfit,0.7161628
39762738,setfit,0.71616083
39503579,setfit,0.71614236
38385146,setfit,0.7161187
36510133,setfit,0.71610993
40537825,setfit,0.71610874
36695636,setfit,0.7160852
37387130,setfit,0.716069
38882193,setfit,0.716045
37898309,setfit,0.7160435
37401199,setfit,0.7160363
39695146,setfit,0.7160325
36171524,setfit,0.7160176
36435908,setfit,0.7159959
39640612,setfit,0.7159928
36510332,setfit,0.7159789
37704037,setfit,0.71596766
36794865,setfit,0.71596193
36304325,setfit,0.7159244
39439992,setfit,0.7159207
38649341,setfit,0.71589476
37646933,setfit,0.7158942
34553747,setfit,0.7158867
40203090,setfit,0.71587217
40134034,setfit,0.71586955
38594441,setfit,0.71585953
39558165,setfit,0.7158303
35100387,setfit,0.7158175
36978010,setfit,0.7158039
39535037,setfit,0.71579164
38600668,setfit,0.7157586
35037207,setfit,0.7157542
39996130,setfit,0.71572757
39201310,setfit,0.7157241
37649370,setfit,0.71568525
35732656,setfit,0.7156793
38575621,setfit,0.7156565
35115560,setfit,0.7156413
36797273,setfit,0.7156392
35415691,setfit,0.71563053
39223171,setfit,0.71562755
35303580,setfit,0.7156248
39415960,setfit,0.71561456
39729312,setfit,0.7156101
36252922,setfit,0.7155736
40165935,setfit,0.71552825
39664869,setfit,0.71551543
38550771,setfit,0.7154844
37941450,setfit,0.71547854
36891388,setfit,0.71546525
37870448,setfit,0.7154634
38147362,setfit,0.71544343
36604173,setfit,0.71544224
38504077,setfit,0.7154183
39041913,setfit,0.71535385
40021658,setfit,0.7153493
36705898,setfit,0.7153462
39558162,setfit,0.71532094
35069703,setfit,0.71531975
40404746,setfit,0.71529204
39363630,setfit,0.7152828
40253409,setfit,0.71528256
37874726,setfit,0.7152544
39516209,setfit,0.7152342
36351966,setfit,0.7152177
36789265,setfit,0.71519524
39354632,setfit,0.7151322
35550555,setfit,0.7151224
35356547,setfit,0.71510977
37356907,setfit,0.7150904
37933852,setfit,0.71508056
37738189,setfit,0.7150795
39251610,setfit,0.715059
39339901,setfit,0.7150572
39939790,setfit,0.7150557
39934125,setfit,0.71505404
36912756,setfit,0.71503365
38771886,setfit,0.7150165
37837515,setfit,0.7150081
38868516,setfit,0.7149737
35361129,setfit,0.71496826
36402991,setfit,0.71496373
37624874,setfit,0.7149487
40352392,setfit,0.71490544
36063461,setfit,0.71490115
38166586,setfit,0.7148548
36175836,setfit,0.714836
39558184,setfit,0.7148106
35440038,setfit,0.71477073
37080990,setfit,0.7147634
37884796,setfit,0.71474093
34994061,setfit,0.71473277
36621289,setfit,0.71472955
35420129,setfit,0.71472424
35090020,setfit,0.7147139
37027007,setfit,0.7147011
36271389,setfit,0.7146968
40226443,setfit,0.7146937
37787899,setfit,0.71466875
39630291,setfit,0.7146547
36823289,setfit,0.7146427
40394044,setfit,0.7146356
39604449,setfit,0.7145913
40335514,setfit,0.7145771
37481260,setfit,0.7145719
40103760,setfit,0.7145626
36847339,setfit,0.71453255
39412440,setfit,0.71452653
35831313,setfit,0.71449566
39845145,setfit,0.71448946
39530598,setfit,0.71447706
38453937,setfit,0.71447015
36307536,setfit,0.7144279
38950045,setfit,0.7144278
38472250,setfit,0.71441525
37333862,setfit,0.7144105
37208694,setfit,0.7144103
38575659,setfit,0.71436095
35136947,setfit,0.7143179
37189359,setfit,0.7142984
38192001,setfit,0.7142899
39807156,setfit,0.7142848
35793413,setfit,0.7142648
35342764,setfit,0.71420634
37889052,setfit,0.7141909
38167889,setfit,0.71418816
34232869,setfit,0.7141865
40182081,setfit,0.71418154
36477373,setfit,0.71416855
39242194,setfit,0.7141373
35643434,setfit,0.7141348
39435987,setfit,0.71410406
38630692,setfit,0.7140921
39788787,setfit,0.7140854
39175796,setfit,0.71405387
37938570,setfit,0.71402425
37880224,setfit,0.71400076
36330927,setfit,0.7139945
40382363,setfit,0.7139856
39397425,setfit,0.713984
37986220,setfit,0.71398246
38250527,setfit,0.7139597
36425989,setfit,0.7139169
35550565,setfit,0.71391654
36351936,setfit,0.7138916
37581698,setfit,0.71388423
36988160,setfit,0.7138577
35733854,setfit,0.7138495
37684293,setfit,0.71382457
35266522,setfit,0.7138027
40205863,setfit,0.7138011
35124463,setfit,0.71378464
40128788,setfit,0.71377784
40044760,setfit,0.71377623
38515052,setfit,0.71374047
38849445,setfit,0.7137325
40074753,setfit,0.71371615
38927512,setfit,0.7137048
39640530,setfit,0.71368194
36745610,setfit,0.713666
37013995,setfit,0.7136344
40500763,setfit,0.7136084
37129482,setfit,0.7135771
39007592,setfit,0.7135727
37142360,setfit,0.7135723
39881139,setfit,0.7135648
39939330,setfit,0.71356046
40175438,setfit,0.71355414
37102867,setfit,0.713549
36653303,setfit,0.71354055
39041916,setfit,0.713536
37578228,setfit,0.7134392
39738163,setfit,0.71343315
36300620,setfit,0.7134261
37709808,setfit,0.7134134
40226196,setfit,0.71339995
40521155,setfit,0.71336824
39602490,setfit,0.7133665
34850943,setfit,0.7133471
37919263,setfit,0.71330345
38898114,setfit,0.71329296
36930985,setfit,0.71318793
38504974,setfit,0.71318775
37692080,setfit,0.7131626
35950759,setfit,0.71315837
39250076,setfit,0.7131477
36382399,setfit,0.71314496
34520557,setfit,0.7131361
39252775,setfit,0.7131253
37490468,setfit,0.7131225
39038042,setfit,0.7131088
39841812,setfit,0.7130986
39857299,setfit,0.7130583
36892262,setfit,0.7130443
35227770,setfit,0.7130415
35036485,setfit,0.7130399
38851802,setfit,0.71301675
38504331,setfit,0.7129642
37468308,setfit,0.71295047
39871102,setfit,0.71293163
37755132,setfit,0.7129077
36732524,setfit,0.71289897
39627257,setfit,0.7128925
40015271,setfit,0.7128673
38357349,setfit,0.71284795
37289518,setfit,0.71281904
37069653,setfit,0.7127388
40010299,setfit,0.71272296
39994207,setfit,0.71270335
38770571,setfit,0.7126893
39565206,setfit,0.7126726
37680201,setfit,0.71264184
37530223,setfit,0.7126265
35067915,setfit,0.7126263
39695140,setfit,0.7126199
39148455,setfit,0.7125768
38235185,setfit,0.71252394
40413199,setfit,0.71251667
37828615,setfit,0.71247274
40133793,setfit,0.7124288
38597878,setfit,0.71242726
38123570,setfit,0.7124139
37311775,setfit,0.71238786
37529920,setfit,0.71238
37310789,setfit,0.7123706
39557706,setfit,0.71235263
38084920,setfit,0.71233594
36997553,setfit,0.71232355
40529110,setfit,0.71232027
36085296,setfit,0.7123092
40605853,setfit,0.71230024
36071074,setfit,0.7122988
36856726,setfit,0.7122928
39622935,setfit,0.71228564
37353567,setfit,0.71228385
37953279,setfit,0.7122739
35208198,setfit,0.712268
36566281,setfit,0.71226144
38962205,setfit,0.7122352
36520016,setfit,0.7122308
36507160,setfit,0.7122086
39281010,setfit,0.71218455
37589308,setfit,0.71215564
39388605,setfit,0.71212554
39036998,setfit,0.7121151
39627219,setfit,0.7121006
37507650,setfit,0.7120857
39805772,setfit,0.71207714
39080256,setfit,0.7120499
39134728,setfit,0.7120469
35039098,setfit,0.71197104
38102070,setfit,0.71195173
35842686,setfit,0.71193063
40335529,setfit,0.7118483
36073806,setfit,0.71180284
36658144,setfit,0.7117993
38637551,setfit,0.71179926
36108094,setfit,0.71179473
37646940,setfit,0.71177965
40080667,setfit,0.71176726
39380489,setfit,0.7117633
37978182,setfit,0.71176314
39154076,setfit,0.71173567
36126638,setfit,0.7117346
36823207,setfit,0.71173185
36396980,setfit,0.71170616
36200899,setfit,0.7117057
37072921,setfit,0.7117028
38082113,setfit,0.7116969
40500268,setfit,0.71169204
40439671,setfit,0.7116901
39304703,setfit,0.7116631
38808672,setfit,0.7116626
38461412,setfit,0.7116432
38961061,setfit,0.7115199
39333508,setfit,0.71147805
40288852,setfit,0.7114767
38615135,setfit,0.71142524
36973320,setfit,0.7114037
37881831,setfit,0.71136
39900597,setfit,0.7113326
37225408,setfit,0.71133155
35393411,setfit,0.7113295
37939200,setfit,0.711324
37018345,setfit,0.71131825
38066075,setfit,0.7113055
39071967,setfit,0.71121746
40210637,setfit,0.71117383
39502863,setfit,0.71116716
39438443,setfit,0.71108407
37873890,setfit,0.71106035
35832621,setfit,0.71105087
35609985,setfit,0.7110486
39875412,setfit,0.71104187
38839770,setfit,0.71104157
37195695,setfit,0.7110332
38181219,setfit,0.71102405
39775838,setfit,0.71100503
35584038,setfit,0.7110011
36155273,setfit,0.71097577
38457127,setfit,0.71096635
35172714,setfit,0.7108991
37440484,setfit,0.710895
35886662,setfit,0.71088916
38431735,setfit,0.710868
36047575,setfit,0.7108479
34890150,setfit,0.7108393
38701887,setfit,0.71082103
33798067,setfit,0.71081513
38341426,setfit,0.7107848
35495163,setfit,0.71075517
35803960,setfit,0.71074235
37737991,setfit,0.7107224
37540469,setfit,0.7107136
34133301,setfit,0.7107084
38749656,setfit,0.71070373
36263822,setfit,0.71070147
37821512,setfit,0.7106858
40184563,setfit,0.7106786
38231175,setfit,0.7106726
35169842,setfit,0.71065503
39908113,setfit,0.7106467
35622340,setfit,0.71063566
39387871,setfit,0.71062654
38075858,setfit,0.7106093
37953325,setfit,0.7106015
40380054,setfit,0.7105762
39443154,setfit,0.710572
40055331,setfit,0.71054757
40552981,setfit,0.71054137
36732862,setfit,0.7105271
40177126,setfit,0.710505
40919338,setfit,0.7104854
38556873,setfit,0.710485
34718716,setfit,0.7104693
39210467,setfit,0.71045506
38168493,setfit,0.7104228
39216000,setfit,0.7104137
38828769,setfit,0.7104001
35444317,setfit,0.71039134
36227552,setfit,0.7103782
39890826,setfit,0.7103779
39521802,setfit,0.7103735
36464228,setfit,0.7103637
39716522,setfit,0.71035206
39414834,setfit,0.7103384
40472336,setfit,0.7102974
38605048,setfit,0.71028084
38329168,setfit,0.7102806
35789323,setfit,0.7102745
39041912,setfit,0.71025574
39230075,setfit,0.710252
40011509,setfit,0.7102416
39362872,setfit,0.71023
37730627,setfit,0.7102162
36243729,setfit,0.71015716
39366993,setfit,0.71015173
40372465,setfit,0.7101367
38236197,setfit,0.710136
38578072,setfit,0.71013314
38769397,setfit,0.71009964
37383745,setfit,0.71006805
38048333,setfit,0.7100471
36529941,setfit,0.7099705
40253410,setfit,0.7099526
37234732,setfit,0.7099492
37819028,setfit,0.70992744
38561979,setfit,0.70989525
37772729,setfit,0.70987403
37324662,setfit,0.7098315
39788962,setfit,0.70979685
38528548,setfit,0.7097685
38729994,setfit,0.7097237
37498959,setfit,0.7096968
39042485,setfit,0.70969445
40328764,setfit,0.7096734
39695785,setfit,0.70965534
40348756,setfit,0.7096484
38724595,setfit,0.70964724
37707619,setfit,0.70964086
37208354,setfit,0.70961684
39695257,setfit,0.7095787
35692094,setfit,0.70956475
35233751,setfit,0.70956415
38049487,setfit,0.7095099
37200157,setfit,0.70945877
39652598,setfit,0.7094527
37590326,setfit,0.7094249
39391372,setfit,0.7094036
37487099,setfit,0.7093804
37180100,setfit,0.7093694
38310137,setfit,0.70935905
39341808,setfit,0.7093417
39377740,setfit,0.7093311
36433655,setfit,0.7093272
39479781,setfit,0.7093254
37233502,setfit,0.7093212
38066573,setfit,0.7093208
39526397,setfit,0.70931983
39522681,setfit,0.70929587
37166966,setfit,0.70926106
39430404,setfit,0.7091949
35758780,setfit,0.70919317
38161664,setfit,0.70919156
37938587,setfit,0.70909286
40059360,setfit,0.70909274
39633594,setfit,0.7090709
38509110,setfit,0.7090425
38582756,setfit,0.7090191
39157583,setfit,0.7089901
38757367,setfit,0.7089861
37497716,setfit,0.70898163
35013238,setfit,0.7089648
37600121,setfit,0.7089133
38665156,setfit,0.7088974
38277376,setfit,0.7088762
39273492,setfit,0.70886177
40549542,setfit,0.70885473
38113079,setfit,0.7088366
36466237,setfit,0.7088273
36862752,setfit,0.70880324
34999771,setfit,0.7087946
38065988,setfit,0.70874774
40728623,setfit,0.7087116
40266673,setfit,0.70870596
36621533,setfit,0.70868117
36820523,setfit,0.7086465
39600198,setfit,0.7086438
40549586,setfit,0.70862585
38609400,setfit,0.70859903
36460664,setfit,0.70858335
38406245,setfit,0.70856816
40391087,setfit,0.7085629
38015956,setfit,0.7085527
40014103,setfit,0.70854807
37369770,setfit,0.7085444
40217132,setfit,0.70848274
40206833,setfit,0.7084696
40349109,setfit,0.7084688
35837835,setfit,0.7084346
40348739,setfit,0.7084108
39611775,setfit,0.70834506
39424885,setfit,0.70830095
39546588,setfit,0.7082638
37550324,setfit,0.70824766
39154051,setfit,0.7082436
37355716,setfit,0.7082323
36100598,setfit,0.70822316
38940171,setfit,0.7082084
40462185,setfit,0.70820063
40541942,setfit,0.70817894
40000968,setfit,0.7081662
34664670,setfit,0.70815367
40011486,setfit,0.7081402
36629249,setfit,0.70807415
38507044,setfit,0.7080334
38834597,setfit,0.70800745
38378670,setfit,0.7079603
37208434,setfit,0.7079583
39362914,setfit,0.70795727
36670361,setfit,0.7079359
37053306,setfit,0.70793134
38791479,setfit,0.70790356
36264496,setfit,0.70788336
40246854,setfit,0.7078776
35503204,setfit,0.70787734
38940182,setfit,0.70778555
35178824,setfit,0.70778376
39373488,setfit,0.70772284
37000886,setfit,0.7076986
37665714,setfit,0.7076541
40248245,setfit,0.7076503
36522353,setfit,0.7076473
40496738,setfit,0.7075976
40013940,setfit,0.70758545
39580441,setfit,0.7075562
40221496,setfit,0.7075443
37932332,setfit,0.70753795
39956814,setfit,0.7075324
40328782,setfit,0.70750165
38235186,setfit,0.70745397
39230709,setfit,0.7074536
36175409,setfit,0.7074456
39794695,setfit,0.7073609
38282330,setfit,0.7073548
36564412,setfit,0.7073412
35558518,setfit,0.7072999
38054243,setfit,0.70729357
38168841,setfit,0.70725125
39820061,setfit,0.7072448
38602457,setfit,0.7071982
40075097,setfit,0.7071854
40483279,setfit,0.70717484
39134850,setfit,0.7071412
37498545,setfit,0.70712364
35953587,setfit,0.7071023
39196899,setfit,0.7070857
39875411,setfit,0.7070669
35796973,setfit,0.7070545
39668452,setfit,0.707005
36609615,setfit,0.70699555
37566638,setfit,0.7069848
39436044,setfit,0.70698106
35347980,setfit,0.70696104
35064126,setfit,0.70689774
40133325,setfit,0.7068951
35830607,setfit,0.70688486
40057293,setfit,0.7068573
35882865,setfit,0.7068159
39041915,setfit,0.7067756
39160186,setfit,0.7067683
40605945,setfit,0.7067172
39693482,setfit,0.7066927
39738072,setfit,0.70669246
36167495,setfit,0.7066917
38348328,setfit,0.7066915
38167832,setfit,0.7066894
39526381,setfit,0.7066836
39741145,setfit,0.7066763
36712859,setfit,0.7066395
39261578,setfit,0.706594
37046225,setfit,0.7065933
37337218,setfit,0.70657563
40027253,setfit,0.7065159
39724341,setfit,0.7064894
35368074,setfit,0.7064844
37361153,setfit,0.70647734
35920326,setfit,0.70647633
35871228,setfit,0.7064749
39563064,setfit,0.7064729
36458799,setfit,0.7064584
40007160,setfit,0.70644987
36420889,setfit,0.7064306
38773111,setfit,0.7064302
39354313,setfit,0.7064075
37671046,setfit,0.7064029
38816403,setfit,0.7063982
36182102,setfit,0.70638394
40515393,setfit,0.7063699
38951917,setfit,0.7063281
37853023,setfit,0.7063193
40588120,setfit,0.7063143
39202407,setfit,0.706301
35264663,setfit,0.70627826
37818431,setfit,0.70623815
37850517,setfit,0.70622826
40188222,setfit,0.70620173
38854754,setfit,0.70619965
40323945,setfit,0.7061822
36347868,setfit,0.7060836
37819797,setfit,0.7060812
39843903,setfit,0.7060603
35895741,setfit,0.7060135
36367334,setfit,0.7060099
39831966,setfit,0.70600194
37738400,setfit,0.7059968
39905013,setfit,0.7059794
39226356,setfit,0.7059708
39555474,setfit,0.7059574
37828771,setfit,0.705907
38302497,setfit,0.7058886
37537999,setfit,0.7058467
37224027,setfit,0.705837
36892110,setfit,0.7058164
39472552,setfit,0.7057743
40577285,setfit,0.70576626
36659921,setfit,0.7057232
36037090,setfit,0.7057172
38155575,setfit,0.7057136
35883181,setfit,0.70570946
38443673,setfit,0.70570153
35715423,setfit,0.70569265
40102232,setfit,0.7056771
37951952,setfit,0.70566964
36219580,setfit,0.70562637
35218297,setfit,0.7056248
38900906,setfit,0.7056221
38516293,setfit,0.70560896
38962207,setfit,0.70559824
36243975,setfit,0.7055945
37758508,setfit,0.7055565
38548261,setfit,0.7055558
40235703,setfit,0.7055345
39122730,setfit,0.7055323
35668110,setfit,0.7055089
40189200,setfit,0.70549935
39283925,setfit,0.7054581
39097645,setfit,0.7054426
35704543,setfit,0.705432
39213277,setfit,0.7054289
40467694,setfit,0.70541626
37053159,setfit,0.7053638
38575650,setfit,0.70536083
40195405,setfit,0.705344
40584559,setfit,0.70528305
38228610,setfit,0.7051729
38736337,setfit,0.7051697
40136077,setfit,0.70515394
40204792,setfit,0.705091
39358521,setfit,0.7050714
38437255,setfit,0.7050618
37884999,setfit,0.70505136
40493136,setfit,0.70502514
37941138,setfit,0.7050227
40148331,setfit,0.70501
38242438,setfit,0.7049963
36631981,setfit,0.70497143
36502369,setfit,0.70495284
39536999,setfit,0.70494384
35165298,setfit,0.70493835
40392751,setfit,0.70492977
40161362,setfit,0.70490533
39049932,setfit,0.70489615
39079742,setfit,0.7048589
40496743,setfit,0.70483077
35913976,setfit,0.7048194
40057378,setfit,0.70480114
36124789,setfit,0.70476276
38581418,setfit,0.7047441
40548541,setfit,0.7047434
36456623,setfit,0.70473754
39297317,setfit,0.70472836
39097663,setfit,0.7047277
39657811,setfit,0.70470905
37645315,setfit,0.7046708
39375378,setfit,0.70464784
36385044,setfit,0.70464706
35230423,setfit,0.704641
37418393,setfit,0.70459956
39968831,setfit,0.70456076
38811613,setfit,0.70455396
37696836,setfit,0.70454985
39949805,setfit,0.7045378
37357231,setfit,0.70453775
35998814,setfit,0.70453763
40404775,setfit,0.70452946
39660955,setfit,0.70451945
35049334,setfit,0.7044996
39709504,setfit,0.7044827
34472587,setfit,0.70447254
35042854,setfit,0.7044525
39028299,setfit,0.70437545
39820608,setfit,0.7043598
39872495,setfit,0.70434207
39747823,setfit,0.70433474
39402285,setfit,0.70432395
37684262,setfit,0.7043229
34718559,setfit,0.70429856
37717016,setfit,0.7042915
38816689,setfit,0.7042758
40364349,setfit,0.7042162
36385198,setfit,0.70421386
36085868,setfit,0.7042033
36670373,setfit,0.70419896
38392357,setfit,0.7041981
38866820,setfit,0.70416886
39098889,setfit,0.7041448
36421086,setfit,0.7041356
38710697,setfit,0.7041102
39095466,setfit,0.7040959
36305825,setfit,0.7040694
38400367,setfit,0.7040429
37917105,setfit,0.7040076
35446428,setfit,0.7039965
38886444,setfit,0.70397586
38152493,setfit,0.70389014
37208401,setfit,0.7038717
39334272,setfit,0.70385826
36253139,setfit,0.70384693
40307272,setfit,0.70384645
36963395,setfit,0.7038235
36399503,setfit,0.70381856
39127782,setfit,0.70373124
35338253,setfit,0.7037229
38862525,setfit,0.7037196
36823158,setfit,0.70369494
35245325,setfit,0.70364696
38679191,setfit,0.70364076
35583789,setfit,0.70362705
35407001,setfit,0.70361626
40155413,setfit,0.7036125
37722101,setfit,0.70358294
35488032,setfit,0.70354265
39641894,setfit,0.70346963
35773214,setfit,0.7034634
37018156,setfit,0.7034549
39814026,setfit,0.7034459
39670335,setfit,0.7034401
40170958,setfit,0.70343405
38593404,setfit,0.70342946
38235435,setfit,0.7034009
39526391,setfit,0.7033876
37932314,setfit,0.7033094
40860433,setfit,0.70328873
36761695,setfit,0.703275
36291748,setfit,0.703244
39044911,setfit,0.7032216
37691964,setfit,0.70319647
39288643,setfit,0.7031797
36875148,setfit,0.7031491
37674236,setfit,0.7031383
36836616,setfit,0.70312953
40102456,setfit,0.7030925
38413613,setfit,0.703092
40157936,setfit,0.70304465
39113788,setfit,0.70299244
37699009,setfit,0.7029377
39414802,setfit,0.70292294
39436594,setfit,0.7029156
38438913,setfit,0.70290387
38123582,setfit,0.7029007
37340506,setfit,0.7028787
37805667,setfit,0.702849
38252659,setfit,0.70280147
39809781,setfit,0.70275354
39487529,setfit,0.7027188
37995287,setfit,0.70270884
35354824,setfit,0.70270425
39530237,setfit,0.7026774
35042806,setfit,0.7026679
35893052,setfit,0.7026458
35639733,setfit,0.7026347
35759515,setfit,0.70263255
36139041,setfit,0.7026135
34751405,setfit,0.70258564
38079567,setfit,0.7025418
37023121,setfit,0.7024906
38724536,setfit,0.7024581
36207580,setfit,0.70245504
35965308,setfit,0.70241195
36922507,setfit,0.7023982
36572676,setfit,0.70239335
35227887,setfit,0.70237535
35444212,setfit,0.70236224
40479047,setfit,0.7023365
38098783,setfit,0.70231783
39556563,setfit,0.7022967
35659771,setfit,0.7022784
38104057,setfit,0.70227623
39695251,setfit,0.70224744
36658342,setfit,0.7022389
36991084,setfit,0.70223224
37431591,setfit,0.7022273
37331497,setfit,0.70222026
40502934,setfit,0.7022177
40316571,setfit,0.70220745
39039085,setfit,0.7021623
39952954,setfit,0.70215946
38733216,setfit,0.70215577
36400030,setfit,0.70215255
37208404,setfit,0.7020779
39724242,setfit,0.70207167
35758811,setfit,0.70204586
36008656,setfit,0.70202476
36575445,setfit,0.702023
36764575,setfit,0.7020196
35649342,setfit,0.7020119
38040823,setfit,0.7020015
35805979,setfit,0.70199776
37069152,setfit,0.70198905
35586258,setfit,0.70198816
38776430,setfit,0.7019183
36274122,setfit,0.70188725
37041187,setfit,0.701881
37030713,setfit,0.7018318
37333841,setfit,0.7017701
38744887,setfit,0.70176584
36610676,setfit,0.70173705
36433966,setfit,0.7017315
37306951,setfit,0.701716
35524130,setfit,0.7017079
38538624,setfit,0.70170647
39798891,setfit,0.70166576
40108153,setfit,0.7016449
37208349,setfit,0.70163256
36755230,setfit,0.7015776
38649677,setfit,0.70150816
35639335,setfit,0.70150036
39701476,setfit,0.7014527
39038936,setfit,0.70144045
40436975,setfit,0.7014398
38665640,setfit,0.7014339
37953308,setfit,0.70142853
37529914,setfit,0.7014218
38127855,setfit,0.70139146
35418183,setfit,0.70137274
38769056,setfit,0.70125455
37251529,setfit,0.7012427
39998433,setfit,0.7012409
36792716,setfit,0.7012359
39373514,setfit,0.7011857
34166198,setfit,0.70116526
38478526,setfit,0.7011607
40383374,setfit,0.7011068
38328285,setfit,0.70107204
36651308,setfit,0.70105124
36576129,setfit,0.70103455
36793705,setfit,0.70103437
36482886,setfit,0.7010181
40247189,setfit,0.70100766
36576131,setfit,0.7009832
40064907,setfit,0.7009137
40630734,setfit,0.70090884
36624665,setfit,0.7009078
37794208,setfit,0.7009049
39487448,setfit,0.7008361
40021691,setfit,0.700834
36088548,setfit,0.70082915
37935696,setfit,0.7007873
38361019,setfit,0.7007412
39466872,setfit,0.70073265
37604955,setfit,0.7007049
37369715,setfit,0.70070165
37897348,setfit,0.7006867
35388048,setfit,0.7006782
38300515,setfit,0.7006734
39700498,setfit,0.7006664
34424339,setfit,0.700664
38582952,setfit,0.7006527
36050312,setfit,0.7006169
38774242,setfit,0.70059633
39927895,setfit,0.70058763
35255810,setfit,0.7005618
35680885,setfit,0.7005522
37567397,setfit,0.7005394
38627434,setfit,0.70050365
38550240,setfit,0.70050126
38365793,setfit,0.700494
39989012,setfit,0.7004249
38789504,setfit,0.70041037
36026437,setfit,0.7003917
40390127,setfit,0.70039135
39374247,setfit,0.7003542
39134412,setfit,0.70027983
36599892,setfit,0.70022
40513557,setfit,0.7001494
39981873,setfit,0.70014507
37735262,setfit,0.7001312
38296997,setfit,0.7001013
36929085,setfit,0.70007104
39720205,setfit,0.7000596
39565895,setfit,0.700053
39346622,setfit,0.700037
36316345,setfit,0.7000313
39145419,setfit,0.69998604
37540443,setfit,0.69995385
39285337,setfit,0.6999449
37647318,setfit,0.6999422
34999909,setfit,0.6998937
39715863,setfit,0.69988924
36495445,setfit,0.6998855
39402640,setfit,0.69983953
40316599,setfit,0.69983566
37202401,setfit,0.69983053
36641473,setfit,0.6998217
37666946,setfit,0.69980186
38404138,setfit,0.69979066
39955285,setfit,0.6997737
36852030,setfit,0.69975126
36357557,setfit,0.6997204
36923950,setfit,0.6997072
33226952,setfit,0.6996989
35708612,setfit,0.69966877
38213701,setfit,0.69964576
36410953,setfit,0.69964534
37758930,setfit,0.69963497
38377053,setfit,0.6996183
39205227,setfit,0.6996071
36906700,setfit,0.69957453
35915099,setfit,0.69956875
36921458,setfit,0.6995641
37956160,setfit,0.69955504
37468574,setfit,0.6995504
35957077,setfit,0.69951785
37010293,setfit,0.69951093
40373107,setfit,0.69948643
38913305,setfit,0.69947505
34755885,setfit,0.699454
35538580,setfit,0.69944793
39885165,setfit,0.6994457
37953324,setfit,0.69944495
36824516,setfit,0.699442
38300514,setfit,0.69944024
40537574,setfit,0.6994279
36922515,setfit,0.6994212
37075357,setfit,0.6994109
39101983,setfit,0.69939053
35393418,setfit,0.69938314
37076856,setfit,0.6993619
37666897,setfit,0.6993415
40393240,setfit,0.69933796
38608311,setfit,0.6993269
38900628,setfit,0.6993045
34755868,setfit,0.6992678
35161692,setfit,0.6992653
38819560,setfit,0.69926184
36513667,setfit,0.6992203
37841229,setfit,0.69920486
40011529,setfit,0.6991929
36182914,setfit,0.69918454
39617279,setfit,0.69915754
38710786,setfit,0.6991137
39154033,setfit,0.6990902
40280939,setfit,0.6990878
40050634,setfit,0.6990799
36370099,setfit,0.6990752
37863925,setfit,0.6990347
35768777,setfit,0.6990296
40013513,setfit,0.6989566
37867598,setfit,0.69891536
38137911,setfit,0.69890773
39364092,setfit,0.69887733
40062614,setfit,0.6988551
39528678,setfit,0.69885427
39333090,setfit,0.69884807
36670117,setfit,0.698836
36463884,setfit,0.6988255
39048591,setfit,0.6988039
37203516,setfit,0.69874066
39314890,setfit,0.6987137
40268962,setfit,0.6987023
37528731,setfit,0.6987017
38878854,setfit,0.6986793
39830620,setfit,0.6986037
36658147,setfit,0.698597
39929845,setfit,0.6985967
37723201,setfit,0.6985185
34875068,setfit,0.6985041
38812215,setfit,0.69849074
40316178,setfit,0.6984384
40537483,setfit,0.6984251
36045644,setfit,0.6984093
40044718,setfit,0.69840133
35050849,setfit,0.69839954
39056885,setfit,0.69839424
37225767,setfit,0.6983369
39849579,setfit,0.6983365
40500266,setfit,0.6983305
36541006,setfit,0.69832456
39423226,setfit,0.6982971
39458764,setfit,0.69829607
35183229,setfit,0.6982882
36648443,setfit,0.69824123
40315689,setfit,0.69823945
38168632,setfit,0.6982393
38704422,setfit,0.69822645
40253434,setfit,0.6982122
39656704,setfit,0.69819707
39820425,setfit,0.69816995
38871800,setfit,0.69816595
39379460,setfit,0.69815785
36113157,setfit,0.6981285
37971258,setfit,0.6980891
40437567,setfit,0.6980514
37092397,setfit,0.69804764
37992195,setfit,0.6980246
38383746,setfit,0.69798905
36848584,setfit,0.6979875
39376084,setfit,0.69798374
40359222,setfit,0.69798267
36398911,setfit,0.69798124
39181910,setfit,0.6979582
38104272,setfit,0.6979579
39289369,setfit,0.6979577
39794362,setfit,0.69794685
37291876,setfit,0.69791263
37681418,setfit,0.6979108
35369609,setfit,0.6978803
40435368,setfit,0.6978705
37123530,setfit,0.6978573
34718735,setfit,0.6977876
38997427,setfit,0.69775945
37612327,setfit,0.6977555
39085892,setfit,0.69774157
35891416,setfit,0.6977182
37986230,setfit,0.6975954
38520725,setfit,0.69759387
37369643,setfit,0.69758755
37962425,setfit,0.6975825
37747415,setfit,0.6975775
38916991,setfit,0.6975675
39957731,setfit,0.69755125
38594221,setfit,0.697539
35659292,setfit,0.697534
39477968,setfit,0.69750184
40038324,setfit,0.69749504
38485954,setfit,0.69746435
39774603,setfit,0.6974448
36071107,setfit,0.69742197
37612031,setfit,0.6973999
40779104,setfit,0.6973906
37644066,setfit,0.6973686
35386279,setfit,0.6973462
39156665,setfit,0.6972834
35864125,setfit,0.69726723
36715173,setfit,0.6972603
40133389,setfit,0.69724077
38469247,setfit,0.6972262
40645675,setfit,0.6972089
35799226,setfit,0.6971701
39658207,setfit,0.69715047
39823405,setfit,0.69709516
39712867,setfit,0.6970709
38816458,setfit,0.6970315
39050029,setfit,0.69701636
39774385,setfit,0.6969883
38997477,setfit,0.6969804
38793917,setfit,0.6969461
39143966,setfit,0.69692135
35536809,setfit,0.6969161
39191783,setfit,0.696891
39397202,setfit,0.6968617
37376953,setfit,0.69678104
36333292,setfit,0.6967809
40307255,setfit,0.69678044
38012190,setfit,0.6967711
37236985,setfit,0.6967445
40098526,setfit,0.6967256
36529979,setfit,0.69672155
35197510,setfit,0.696707
36428233,setfit,0.6966938
39715757,setfit,0.69669336
37570979,setfit,0.69665223
39101690,setfit,0.6966398
35142269,setfit,0.69663864
38284491,setfit,0.6966029
39631034,setfit,0.69659483
38441756,setfit,0.6965289
40545618,setfit,0.69648427
38265399,setfit,0.6964633
37519196,setfit,0.6964632
36460689,setfit,0.69644976
36819896,setfit,0.69643664
39511198,setfit,0.6963932
38505885,setfit,0.69639194
38941305,setfit,0.69639057
38909057,setfit,0.6963291
38091315,setfit,0.6963263
39123237,setfit,0.69630826
36834553,setfit,0.69629246
39455682,setfit,0.6962543
38702315,setfit,0.6962341
35831309,setfit,0.6962277
38664818,setfit,0.6961506
40307549,setfit,0.69610614
35622787,setfit,0.6961039
36266295,setfit,0.69609934
35944232,setfit,0.6960882
36270040,setfit,0.69604236
35680954,setfit,0.69602954
36927359,setfit,0.6960138
36401161,setfit,0.6959947
38370917,setfit,0.695952
38071220,setfit,0.69593525
40000685,setfit,0.6959119
37179420,setfit,0.6959028
37899390,setfit,0.69589746
36127375,setfit,0.69588166
36388767,setfit,0.695879
40379636,setfit,0.6958663
40240372,setfit,0.6958386
39206221,setfit,0.69583845
36555185,setfit,0.6958364
37500662,setfit,0.6958219
35676300,setfit,0.69577736
40234497,setfit,0.6957542
35476708,setfit,0.6957095
39066514,setfit,0.6957035
37612336,setfit,0.6956989
40514368,setfit,0.69569844
36107335,setfit,0.69564915
36371407,setfit,0.69564384
35562172,setfit,0.695611
37127747,setfit,0.6955691
37816350,setfit,0.69554675
40176120,setfit,0.6955364
35132103,setfit,0.6955352
39657122,setfit,0.6955009
39134549,setfit,0.69547963
37128589,setfit,0.6954454
37688042,setfit,0.69543403
35296941,setfit,0.6954299
34674164,setfit,0.6954204
40372478,setfit,0.6953765
34850820,setfit,0.6953646
38834718,setfit,0.6953347
39137905,setfit,0.69531626
36426050,setfit,0.69530153
39972080,setfit,0.6952973
40461520,setfit,0.69527394
39415970,setfit,0.6952685
35579553,setfit,0.69525576
40671090,setfit,0.6952327
37257197,setfit,0.6952321
39244605,setfit,0.69517535
39113237,setfit,0.69516706
35477703,setfit,0.69513696
38702300,setfit,0.6950035
39593080,setfit,0.6950032
38778773,setfit,0.69498366
35356543,setfit,0.6949273
35904158,setfit,0.69489473
34643213,setfit,0.6948923
37659415,setfit,0.6948124
37037149,setfit,0.6948084
39566552,setfit,0.6948074
35712605,setfit,0.6948038
35771893,setfit,0.69476205
39994292,setfit,0.69470215
39547804,setfit,0.6946825
38567644,setfit,0.6946738
36437921,setfit,0.6946608
38635686,setfit,0.6946468
35669006,setfit,0.6946468
38708311,setfit,0.6946188
39574222,setfit,0.69454813
38812536,setfit,0.694535
38637602,setfit,0.694517
38658632,setfit,0.69451386
35402671,setfit,0.6945056
39819733,setfit,0.6944782
39227745,setfit,0.69442314
40503884,setfit,0.6943398
39402042,setfit,0.694335
35962559,setfit,0.6943237
38733474,setfit,0.694307
40038328,setfit,0.6942928
37813916,setfit,0.69427717
40021934,setfit,0.69422895
37385326,setfit,0.6942035
35724625,setfit,0.6941808
38744841,setfit,0.6941794
37646947,setfit,0.69416887
40199863,setfit,0.69415915
39424844,setfit,0.69413716
40425649,setfit,0.69413245
39638794,setfit,0.69412744
38167525,setfit,0.6941195
37018671,setfit,0.69411504
37609115,setfit,0.6941035
35561203,setfit,0.69407886
37736750,setfit,0.6940638
40157926,setfit,0.6940585
40121539,setfit,0.6940529
38325367,setfit,0.6940105
40163043,setfit,0.6940048
35915104,setfit,0.693942
35438356,setfit,0.6939299
35918351,setfit,0.6938775
38037471,setfit,0.6938621
37504166,setfit,0.6938128
39003916,setfit,0.6937795
36261617,setfit,0.6937781
37647283,setfit,0.69376713
36332724,setfit,0.693759
39788105,setfit,0.69371575
38730023,setfit,0.69369626
37714454,setfit,0.6936936
35592315,setfit,0.6936785
38572168,setfit,0.6936656
40177343,setfit,0.69363934
35444689,setfit,0.6936088
37024499,setfit,0.6935546
35186016,setfit,0.6935473
40582613,setfit,0.6935258
38217287,setfit,0.6935203
39477949,setfit,0.69351614
39554603,setfit,0.69351095
36723605,setfit,0.6934389
38626392,setfit,0.6934272
39746987,setfit,0.693425
38092796,setfit,0.69342047
36484479,setfit,0.69333464
39241561,setfit,0.69332784
37468830,setfit,0.6932942
38787331,setfit,0.6932493
38079441,setfit,0.6932387
36312900,setfit,0.693215
37819930,setfit,0.6931805
40424247,setfit,0.6931587
35259160,setfit,0.69315445
38172163,setfit,0.6931356
35672784,setfit,0.69301367
35883475,setfit,0.6930105
38413601,setfit,0.69298154
39417483,setfit,0.69288313
36174933,setfit,0.6928829
37225853,setfit,0.69288117
37372123,setfit,0.6928293
39567529,setfit,0.69282496
38441487,setfit,0.69281745
35061704,setfit,0.69279236
40133382,setfit,0.692778
37646946,setfit,0.6927398
36129923,setfit,0.6927335
39339826,setfit,0.6927297
38768239,setfit,0.6927056
36788257,setfit,0.6926967
38581422,setfit,0.692696
40064898,setfit,0.6926933
37537536,setfit,0.6926915
39632886,setfit,0.69266653
40070411,setfit,0.6926612
35676295,setfit,0.6926347
37307303,setfit,0.69256216
38635650,setfit,0.69255835
39442633,setfit,0.6925429
37787535,setfit,0.69252694
38538633,setfit,0.6924417
37956405,setfit,0.69241846
35348662,setfit,0.6924129
39209880,setfit,0.69239146
39900957,setfit,0.69238216
36702059,setfit,0.6923511
37095326,setfit,0.69234693
38161244,setfit,0.69227934
35736155,setfit,0.6922626
38398771,setfit,0.69224685
37493333,setfit,0.6920624
39939638,setfit,0.69205713
36267181,setfit,0.69204473
35684619,setfit,0.6920355
39498263,setfit,0.6920275
37715446,setfit,0.69202137
35416792,setfit,0.6920124
40341180,setfit,0.6919775
35861448,setfit,0.69194746
37468728,setfit,0.6919065
39053644,setfit,0.69188184
40036254,setfit,0.6918357
39550625,setfit,0.6918022
39198483,setfit,0.69178665
35669712,setfit,0.69175947
37436815,setfit,0.69175285
40481322,setfit,0.6917478
37137931,setfit,0.6917078
38040041,setfit,0.69169015
35909855,setfit,0.6915847
37930544,setfit,0.69154954
38000387,setfit,0.6915369
39341246,setfit,0.6914744
40354347,setfit,0.6914579
35627437,setfit,0.6914345
38486039,setfit,0.6914107
39548096,setfit,0.6914024
38928396,setfit,0.69138545
38805433,setfit,0.691366
38554132,setfit,0.691355
40268945,setfit,0.69133955
39413799,setfit,0.6913195
37460600,setfit,0.69128615
40475080,setfit,0.6912252
35948551,setfit,0.69117296
37414823,setfit,0.69111973
39103649,setfit,0.6911076
35904776,setfit,0.6910966
35701399,setfit,0.69109434
40279252,setfit,0.69107854
36447388,setfit,0.6910556
38729991,setfit,0.6910366
36373660,setfit,0.6910223
38942755,setfit,0.69093615
36765128,setfit,0.6909227
40299468,setfit,0.69091797
36773138,setfit,0.6909163
40417484,setfit,0.69090056
34664659,setfit,0.69088334
34762316,setfit,0.6908815
37337836,setfit,0.6908515
37501720,setfit,0.6908252
36073082,setfit,0.69078153
38972916,setfit,0.6907328
39328063,setfit,0.6907328
40164648,setfit,0.6906969
36746023,setfit,0.69068724
35280732,setfit,0.6906584
35145087,setfit,0.6906393
39197056,setfit,0.69057226
35143083,setfit,0.6905304
40252918,setfit,0.6905204
38724597,setfit,0.6905173
37349340,setfit,0.6905162
40328803,setfit,0.690516
40410207,setfit,0.6904866
40380921,setfit,0.6903858
39787917,setfit,0.69037545
40175056,setfit,0.69036806
40455832,setfit,0.69035083
38032941,setfit,0.6903176
39447942,setfit,0.69028884
39690313,setfit,0.69027334
36494323,setfit,0.6902708
39843467,setfit,0.69025147
39381845,setfit,0.6902191
38166563,setfit,0.6901927
35858958,setfit,0.6901839
35363306,setfit,0.69017345
40239308,setfit,0.69016737
38442065,setfit,0.6901588
40109352,setfit,0.6901483
37537200,setfit,0.6901283
36350640,setfit,0.69011223
39440482,setfit,0.6901036
38302570,setfit,0.6900937
36930285,setfit,0.6900741
36678678,setfit,0.6900657
37553832,setfit,0.69002646
35239700,setfit,0.6899777
35915959,setfit,0.6899475
40316513,setfit,0.68989414
39433728,setfit,0.68987364
36170114,setfit,0.6898404
36004795,setfit,0.6898372
38427684,setfit,0.6898332
37497729,setfit,0.6897792
38262912,setfit,0.6897475
38840452,setfit,0.68974215
37537202,setfit,0.6897098
38102159,setfit,0.68967265
35179286,setfit,0.6896597
36795011,setfit,0.68964756
40514586,setfit,0.6896465
40181055,setfit,0.68958783
40188496,setfit,0.6895841
38600587,setfit,0.6895748
36470968,setfit,0.6894979
36299999,setfit,0.6894757
37889039,setfit,0.6894644
37960750,setfit,0.68944705
36971993,setfit,0.6894126
35495710,setfit,0.6893866
39193902,setfit,0.68934536
39362911,setfit,0.6892983
39858555,setfit,0.68925893
37275529,setfit,0.68925804
39333635,setfit,0.6892373
37726809,setfit,0.68916
38075619,setfit,0.68914187
40000654,setfit,0.68914014
37668974,setfit,0.6890732
34751162,setfit,0.68907094
36415136,setfit,0.6890528
36084380,setfit,0.6890398
39994432,setfit,0.6890289
38263280,setfit,0.6889931
38907525,setfit,0.6888686
40500292,setfit,0.6888668
35717401,setfit,0.6888663
38001318,setfit,0.68884426
37640843,setfit,0.68882596
35758822,setfit,0.68877816
35796460,setfit,0.68877375
37187003,setfit,0.6887415
36964864,setfit,0.68873495
35137167,setfit,0.6886877
37305293,setfit,0.68868214
35108094,setfit,0.68867797
35440731,setfit,0.6886134
38608321,setfit,0.6886069
35417349,setfit,0.688575
36762475,setfit,0.68856645
36495189,setfit,0.68854874
39966414,setfit,0.6885432
39424853,setfit,0.6885225
40378355,setfit,0.68848515
34907805,setfit,0.68845093
38722233,setfit,0.68844664
37407787,setfit,0.6883918
36913423,setfit,0.688388
37859287,setfit,0.68836635
37349483,setfit,0.688349
39587678,setfit,0.6883316
38844775,setfit,0.6882744
38261340,setfit,0.6882359
40021698,setfit,0.688194
36825752,setfit,0.6881526
38663031,setfit,0.68813485
40341255,setfit,0.6881288
37097710,setfit,0.6880949
36980868,setfit,0.6880548
37516760,setfit,0.688048
38518843,setfit,0.6880479
40341210,setfit,0.6880412
35080120,setfit,0.68801516
39497067,setfit,0.687984
38217648,setfit,0.68796456
39780493,setfit,0.6879482
36370112,setfit,0.68794703
38714759,setfit,0.68793064
35088925,setfit,0.68792987
35188644,setfit,0.6879089
40318372,setfit,0.6878861
38917789,setfit,0.68782413
37553326,setfit,0.6877741
35260777,setfit,0.68776685
37726365,setfit,0.68771195
40032869,setfit,0.6877072
39609443,setfit,0.68769497
36321973,setfit,0.68765146
39621301,setfit,0.6875978
38987117,setfit,0.6875732
39443503,setfit,0.6875615
37537174,setfit,0.6875498
36625162,setfit,0.6875325
38206557,setfit,0.6875166
36478084,setfit,0.6875089
40057526,setfit,0.68747
37566049,setfit,0.687456
38907008,setfit,0.68743163
39924558,setfit,0.68740803
40442085,setfit,0.68740106
38913855,setfit,0.68738854
40118902,setfit,0.6873857
35177756,setfit,0.6873682
38199998,setfit,0.6873572
38556728,setfit,0.68731654
38781237,setfit,0.6873034
36920090,setfit,0.68728864
36358981,setfit,0.6872639
39622905,setfit,0.68723375
39994539,setfit,0.68718195
38275308,setfit,0.6871194
40513293,setfit,0.6871122
40498850,setfit,0.68710375
38260865,setfit,0.6870951
40347915,setfit,0.68708026
37863902,setfit,0.68692124
40388544,setfit,0.68688166
35622332,setfit,0.6868468
37696845,setfit,0.6868438
36861131,setfit,0.68684375
38686696,setfit,0.6868299
39209542,setfit,0.68679494
40521234,setfit,0.68677485
37287133,setfit,0.686763
39910077,setfit,0.686715
36950735,setfit,0.6866912
36265142,setfit,0.68664604
35007277,setfit,0.68662316
38287124,setfit,0.68660384
40424440,setfit,0.686579
36039080,setfit,0.6865537
37822561,setfit,0.68652004
36266291,setfit,0.6865045
38264265,setfit,0.6865042
38845042,setfit,0.686481
37198193,setfit,0.68646413
37322090,setfit,0.6864269
35867230,setfit,0.6863963
39820437,setfit,0.6863954
37968560,setfit,0.68636215
38820435,setfit,0.68632776
35780180,setfit,0.6863058
39579797,setfit,0.68627274
36043400,setfit,0.686262
40044705,setfit,0.6862443
39149720,setfit,0.68621033
35731221,setfit,0.68618035
37758906,setfit,0.68615794
40357167,setfit,0.6860978
35870891,setfit,0.6860784
36513026,setfit,0.68603
40050312,setfit,0.68600327
39179250,setfit,0.68598676
39514846,setfit,0.68587977
37853038,setfit,0.6858483
40234471,setfit,0.68582624
39646391,setfit,0.68581814
38923481,setfit,0.68581694
35933515,setfit,0.68578756
36366073,setfit,0.68578
38241422,setfit,0.6857475
39563471,setfit,0.6856784
35853958,setfit,0.68556774
37280537,setfit,0.6855658
37999241,setfit,0.68551844
36130040,setfit,0.68548995
36596792,setfit,0.68548954
36441467,setfit,0.68547195
38443579,setfit,0.68545884
37616549,setfit,0.6854578
37723446,setfit,0.6854546
37285215,setfit,0.6854024
39390620,setfit,0.685373
35064165,setfit,0.6853066
39172982,setfit,0.6852975
39078833,setfit,0.68524736
34889452,setfit,0.6852243
36329384,setfit,0.6851993
38040858,setfit,0.68516105
37931382,setfit,0.6851592
38976665,setfit,0.68514824
37973853,setfit,0.68508345
35957333,setfit,0.6850165
36496448,setfit,0.68497664
39622400,setfit,0.6848482
40256918,setfit,0.6848312
39030190,setfit,0.68482864
39840476,setfit,0.68481505
36370350,setfit,0.6847795
38540411,setfit,0.6847378
37680688,setfit,0.6846921
37447820,setfit,0.684641
39300134,setfit,0.68460256
38834712,setfit,0.68458325
36761561,setfit,0.6845238
39095383,setfit,0.68448687
40121504,setfit,0.6844812
39607697,setfit,0.6844547
36792822,setfit,0.6844474
36932084,setfit,0.6844253
36113052,setfit,0.6843968
39352375,setfit,0.6843882
39235268,setfit,0.6843307
39225779,setfit,0.68432194
40723810,setfit,0.68432146
35468755,setfit,0.6842982
36962988,setfit,0.6842291
38856904,setfit,0.6842193
35753349,setfit,0.6841847
35650381,setfit,0.68417424
35651694,setfit,0.68414736
40296452,setfit,0.68414354
37583258,setfit,0.68413
36326108,setfit,0.68412906
40471940,setfit,0.6841114
37475018,setfit,0.684097
37770457,setfit,0.6840612
39715240,setfit,0.68403643
36732347,setfit,0.68402016
35286371,setfit,0.6839292
37516963,setfit,0.6839237
38724920,setfit,0.6839169
40164625,setfit,0.68389237
35796961,setfit,0.68386054
35645337,setfit,0.6837912
40399309,setfit,0.6837588
37553584,setfit,0.68375486
40341999,setfit,0.68374187
35201651,setfit,0.6837154
35190711,setfit,0.68368226
39820822,setfit,0.68365675
37197714,setfit,0.68363994
38469226,setfit,0.683612
40268979,setfit,0.6836028
40348905,setfit,0.6835738
37220112,setfit,0.6835492
35084488,setfit,0.68354046
38348325,setfit,0.6835288
38493221,setfit,0.6834945
38123598,setfit,0.6834751
35326449,setfit,0.68337137
40456805,setfit,0.6833401
39987858,setfit,0.68331105
39514576,setfit,0.68327063
38893304,setfit,0.6832266
38676307,setfit,0.68318444
36030265,setfit,0.6831775
40588537,setfit,0.68314534
39956811,setfit,0.6831327
37759191,setfit,0.68305063
40082352,setfit,0.68302995
38216281,setfit,0.68301845
35668316,setfit,0.6830133
37524802,setfit,0.6829844
38241279,setfit,0.6828974
36135325,setfit,0.6828896
39390007,setfit,0.68288624
35042937,setfit,0.6828803
35561342,setfit,0.68281287
35361112,setfit,0.6827327
36960558,setfit,0.68268377
37766241,setfit,0.6826502
35918364,setfit,0.6826358
36441742,setfit,0.6825889
38880887,setfit,0.68258506
36227484,setfit,0.682578
39128887,setfit,0.6825623
40312452,setfit,0.68242717
38864546,setfit,0.68236625
40301713,setfit,0.6822782
40230947,setfit,0.6822218
36299577,setfit,0.6822181
39446785,setfit,0.6821952
38594229,setfit,0.682183
40118852,setfit,0.6821462
40402455,setfit,0.6820274
38740374,setfit,0.6819835
39198462,setfit,0.68197966
37139115,setfit,0.6819611
35330478,setfit,0.68196005
38054745,setfit,0.68195426
39814742,setfit,0.6819056
37469783,setfit,0.6818522
36369464,setfit,0.6817628
37532867,setfit,0.68173164
37289767,setfit,0.6817183
35491948,setfit,0.68170494
37128447,setfit,0.6816935
34606466,setfit,0.68168616
38871749,setfit,0.68166953
37080986,setfit,0.6816649
37932119,setfit,0.681626
40240784,setfit,0.68162096
40481004,setfit,0.6815831
39636867,setfit,0.6815771
38886470,setfit,0.6815713
40368940,setfit,0.68157107
36469581,setfit,0.68155235
38968250,setfit,0.6815135
40274834,setfit,0.68151337
40355699,setfit,0.68151087
36005821,setfit,0.68149173
40355463,setfit,0.68148
38149936,setfit,0.68143487
38487800,setfit,0.6814308
38067184,setfit,0.6813935
36074326,setfit,0.68127805
39388407,setfit,0.68126863
39203562,setfit,0.68116736
35086829,setfit,0.6811124
36732441,setfit,0.6811047
37835747,setfit,0.68105304
38682667,setfit,0.68103635
40494879,setfit,0.68102515
36346584,setfit,0.68100435
37976817,setfit,0.68098146
35756500,setfit,0.6809621
40990037,setfit,0.68096036
40360756,setfit,0.680949
36926800,setfit,0.680913
40210957,setfit,0.6808572
37444144,setfit,0.68077666
35790740,setfit,0.68077004
40315414,setfit,0.68075943
38906921,setfit,0.6807075
39590761,setfit,0.6806583
35058469,setfit,0.68065083
35866396,setfit,0.68064886
36555254,setfit,0.6806313
37521110,setfit,0.6805875
39789009,setfit,0.68053186
37978560,setfit,0.68051696
37965610,setfit,0.6805101
40124296,setfit,0.68047976
39567709,setfit,0.680474
36350801,setfit,0.6804376
39013340,setfit,0.68043447
39870638,setfit,0.68042934
40577234,setfit,0.68041503
38267571,setfit,0.68027884
40065042,setfit,0.6802229
38110415,setfit,0.68016994
37248814,setfit,0.68014127
38625866,setfit,0.68013775
40038306,setfit,0.68010694
38065275,setfit,0.68010616
36809643,setfit,0.6800689
36879606,setfit,0.68001944
39695196,setfit,0.67992806
35548855,setfit,0.6798681
38784157,setfit,0.67983633
35794144,setfit,0.6798174
39333289,setfit,0.6796095
37450157,setfit,0.67959577
39168987,setfit,0.6795924
38220642,setfit,0.6795234
39964163,setfit,0.6795213
40102814,setfit,0.6794972
35969596,setfit,0.6794848
39030136,setfit,0.67945415
38879873,setfit,0.6794393
36240175,setfit,0.67943203
38609405,setfit,0.6794077
38349131,setfit,0.6793633
36959280,setfit,0.67933834
38980436,setfit,0.67931354
39956802,setfit,0.6792977
35047564,setfit,0.6792742
39140398,setfit,0.6791993
39958908,setfit,0.67916936
39191770,setfit,0.67913264
38213883,setfit,0.67911595
40240385,setfit,0.6791107
35907779,setfit,0.6790758
37545533,setfit,0.679067
39333468,setfit,0.6790582
38506636,setfit,0.6790346
39176538,setfit,0.6790138
38392784,setfit,0.67899436
40067873,setfit,0.6789897
35869138,setfit,0.67891496
39424937,setfit,0.67890966
37784104,setfit,0.67890257
35324954,setfit,0.6788676
40037787,setfit,0.67886376
34996360,setfit,0.6788388
36017244,setfit,0.6788341
36673905,setfit,0.6788066
40153158,setfit,0.6787059
36419127,setfit,0.67870194
36272818,setfit,0.67864233
37104266,setfit,0.67864096
37189337,setfit,0.6785259
35025668,setfit,0.6785256
36635312,setfit,0.6785245
39530225,setfit,0.6785178
38483353,setfit,0.6784916
35652265,setfit,0.67848676
36206939,setfit,0.6784731
39502384,setfit,0.6784694
36604492,setfit,0.6784587
40270708,setfit,0.6784194
39383500,setfit,0.6784022
39325614,setfit,0.67838645
39979297,setfit,0.67837095
34904611,setfit,0.67836136
38472220,setfit,0.67831844
36598488,setfit,0.6783111
40386664,setfit,0.6782986
37968063,setfit,0.6782986
38555295,setfit,0.67827654
39896240,setfit,0.67824847
38488504,setfit,0.6782387
35021190,setfit,0.6782056
35710807,setfit,0.6781993
37368501,setfit,0.67818344
36662637,setfit,0.6781554
40185740,setfit,0.6781395
37748671,setfit,0.677981
39695137,setfit,0.67796135
38273575,setfit,0.6778885
39097091,setfit,0.67784923
41022541,setfit,0.6777332
40563233,setfit,0.677711
36849466,setfit,0.67770267
37504687,setfit,0.6776529
35361782,setfit,0.6776379
39485651,setfit,0.67762613
36725728,setfit,0.67762434
37739952,setfit,0.67760557
39774953,setfit,0.6775965
40000637,setfit,0.67757195
39371081,setfit,0.67756885
38109119,setfit,0.6774646
36426767,setfit,0.67745274
35507259,setfit,0.6773854
35446541,setfit,0.67734045
38936817,setfit,0.6773322
39830982,setfit,0.6772358
37548643,setfit,0.6772164
36752340,setfit,0.6771759
35633312,setfit,0.67715585
36350503,setfit,0.6771378
36371503,setfit,0.67713195
37402732,setfit,0.67698765
39609462,setfit,0.676962
39804724,setfit,0.67693543
37937382,setfit,0.67692876
40065997,setfit,0.67690027
37360543,setfit,0.6768847
40597534,setfit,0.67684376
39013972,setfit,0.67682487
38495308,setfit,0.6767805
36550341,setfit,0.67677534
38733346,setfit,0.676759
38956063,setfit,0.6767433
37542147,setfit,0.67671764
38020428,setfit,0.67662734
36152628,setfit,0.6765848
40148406,setfit,0.67651594
38123584,setfit,0.67651314
36092012,setfit,0.6764707
38676264,setfit,0.676463
38760710,setfit,0.67637444
36367858,setfit,0.67637336
35414055,setfit,0.6763548
39186522,setfit,0.67634374
35569121,setfit,0.6762617
36769353,setfit,0.6762413
39266559,setfit,0.6762226
38245589,setfit,0.67621934
37537187,setfit,0.6761794
36128761,setfit,0.67616606
36879195,setfit,0.6761011
38063437,setfit,0.67609334
38190692,setfit,0.6760408
35938002,setfit,0.67604053
37731974,setfit,0.67601335
35022470,setfit,0.6760107
39809771,setfit,0.6759845
35758619,setfit,0.67596817
40257980,setfit,0.67596555
38104077,setfit,0.6759284
38213714,setfit,0.6758851
38177188,setfit,0.67587906
36748495,setfit,0.6758652
38730252,setfit,0.67582273
36925620,setfit,0.6757817
35849027,setfit,0.6757538
35281829,setfit,0.6757246
37107608,setfit,0.67569745
35175626,setfit,0.6756699
38956054,setfit,0.67565894
37492101,setfit,0.67554694
35469089,setfit,0.67552257
40517157,setfit,0.6755145
35087120,setfit,0.6754997
37301898,setfit,0.6754728
39111312,setfit,0.67541087
37112833,setfit,0.67539614
36572713,setfit,0.67536366
37950851,setfit,0.6753516
39546454,setfit,0.6752893
37848459,setfit,0.6752173
35752825,setfit,0.6752143
36128669,setfit,0.6751875
40501113,setfit,0.67516744
38434636,setfit,0.6751626
39310279,setfit,0.67514807
37038395,setfit,0.6751381
37171846,setfit,0.6751021
38105227,setfit,0.6750588
37193038,setfit,0.67502135
38081882,setfit,0.6750079
36882092,setfit,0.6749934
39695186,setfit,0.6749882
38132936,setfit,0.6749326
37748672,setfit,0.67486215
36966359,setfit,0.6748323
39519363,setfit,0.67478853
35338164,setfit,0.6747791
35729164,setfit,0.67468864
35058458,setfit,0.67468345
38988407,setfit,0.67460024
38040725,setfit,0.6745941
37974076,setfit,0.674554
39646166,setfit,0.67452025
40211606,setfit,0.6745129
37190648,setfit,0.6745054
35764397,setfit,0.674481
39164302,setfit,0.67447025
38245867,setfit,0.6744628
37915827,setfit,0.6744223
35737246,setfit,0.67441386
39080539,setfit,0.674412
39415214,setfit,0.67437035
40394033,setfit,0.6743522
39240515,setfit,0.6743147
39004851,setfit,0.6742806
40315417,setfit,0.67427164
40394075,setfit,0.6742237
39510367,setfit,0.67420477
40485116,setfit,0.67416984
38955126,setfit,0.6741135
35998105,setfit,0.6740533
35397401,setfit,0.6739981
39730632,setfit,0.6739746
40152137,setfit,0.6739728
38141446,setfit,0.673944
37117327,setfit,0.6738371
39854354,setfit,0.67380214
39567545,setfit,0.67377657
39779688,setfit,0.6737407
38918477,setfit,0.67366827
37548539,setfit,0.6735824
39657104,setfit,0.67352575
39548206,setfit,0.6735167
37218127,setfit,0.6734963
36450810,setfit,0.6734926
36707040,setfit,0.67348325
39883690,setfit,0.67342913
37667031,setfit,0.6733977
36214050,setfit,0.6733803
37043424,setfit,0.6733031
39899688,setfit,0.673303
38758760,setfit,0.6732585
35612078,setfit,0.673258
37614126,setfit,0.673246
38314123,setfit,0.6731963
37779230,setfit,0.6731766
39446867,setfit,0.67314947
40364522,setfit,0.6731373
40251693,setfit,0.67307305
36624399,setfit,0.67304105
35512705,setfit,0.6729206
38113684,setfit,0.67288154
36015982,setfit,0.6728576
37922939,setfit,0.6728443
36516131,setfit,0.6728337
39333537,setfit,0.6727889
35252958,setfit,0.6727857
39579072,setfit,0.67277735
35244328,setfit,0.67277133
39738593,setfit,0.67276084
40404823,setfit,0.6726929
34648021,setfit,0.67265457
36208224,setfit,0.6726455
35559649,setfit,0.67264146
36240205,setfit,0.6726368
38951325,setfit,0.6726144
39253773,setfit,0.6726038
40188135,setfit,0.67259383
40114309,setfit,0.6725743
37803253,setfit,0.67255473
40230410,setfit,0.67250496
39987271,setfit,0.6725038
37637860,setfit,0.6724347
39312441,setfit,0.67238975
39076831,setfit,0.67238003
37438994,setfit,0.6723107
38781811,setfit,0.6722661
37352010,setfit,0.6722628
35999235,setfit,0.6722606
36057659,setfit,0.67224145
35063127,setfit,0.6722223
39927650,setfit,0.6722174
37394429,setfit,0.67221034
39548122,setfit,0.6721318
39167508,setfit,0.67212695
38054713,setfit,0.6720861
38739583,setfit,0.6720705
39778891,setfit,0.6720453
38370413,setfit,0.6720139
36154725,setfit,0.6719977
38335132,setfit,0.67197347
38172556,setfit,0.67190886
40368949,setfit,0.6718809
36093493,setfit,0.6718778
35066390,setfit,0.6718678
39987196,setfit,0.67185014
37369937,setfit,0.6717945
36156625,setfit,0.6717902
35296673,setfit,0.6717896
39047165,setfit,0.6717519
38383611,setfit,0.67170894
36758001,setfit,0.6716986
38357419,setfit,0.67164475
37567984,setfit,0.67152876
39970812,setfit,0.671527
36399494,setfit,0.67150265
36138049,setfit,0.6714751
40169619,setfit,0.67140615
39567550,setfit,0.67139363
36410960,setfit,0.67137504
38842342,setfit,0.67135936
36949058,setfit,0.6713228
38650359,setfit,0.67128074
39057701,setfit,0.67109925
38770718,setfit,0.67109346
39623597,setfit,0.67104137
36298417,setfit,0.6709433
35176103,setfit,0.67093796
37406008,setfit,0.6709139
40173611,setfit,0.67083853
40447606,setfit,0.6707788
38586610,setfit,0.67076856
36867197,setfit,0.67076445
36765121,setfit,0.6706826
38396192,setfit,0.6706724
38528564,setfit,0.670665
39143096,setfit,0.67061424
38763400,setfit,0.67060393
39211484,setfit,0.6705867
37658226,setfit,0.67057824
40292995,setfit,0.6705267
34983371,setfit,0.6705154
39068339,setfit,0.6704593
37858214,setfit,0.6704274
37925500,setfit,0.670424
39732964,setfit,0.67036945
34664973,setfit,0.6703577
38614461,setfit,0.67032456
39355665,setfit,0.67031723
38330004,setfit,0.6702985
39861947,setfit,0.67028046
37504951,setfit,0.6702335
35531270,setfit,0.67021513
37531298,setfit,0.67017543
37420742,setfit,0.67016447
36057267,setfit,0.6701622
35326803,setfit,0.670157
39774456,setfit,0.670151
34865074,setfit,0.6701486
38985448,setfit,0.67014307
35673179,setfit,0.67011714
38137314,setfit,0.67006415
39361557,setfit,0.6699126
37507396,setfit,0.66990554
35592955,setfit,0.6698987
40068681,setfit,0.66978735
38609440,setfit,0.66977876
37300008,setfit,0.66972756
39058648,setfit,0.6697198
36602995,setfit,0.669674
40971592,setfit,0.66966367
38906534,setfit,0.6696367
39033920,setfit,0.6696093
40388400,setfit,0.6695743
39048679,setfit,0.66952455
38667169,setfit,0.6695106
37085533,setfit,0.6694938
36789493,setfit,0.6694165
38416134,setfit,0.66940975
34849572,setfit,0.6694022
37978180,setfit,0.66935617
37647277,setfit,0.6693482
35053288,setfit,0.6693321
38898990,setfit,0.66931736
35062088,setfit,0.6692743
37373305,setfit,0.66927385
35821461,setfit,0.6692395
39704701,setfit,0.6692392
36015814,setfit,0.66917473
36167846,setfit,0.6691595
37739812,setfit,0.669135
39899510,setfit,0.66912174
36509800,setfit,0.6690561
40046987,setfit,0.6690528
38911138,setfit,0.66899794
38664511,setfit,0.6689783
36840124,setfit,0.6689524
39952993,setfit,0.6688822
36805459,setfit,0.6688614
37105968,setfit,0.6688512
36217556,setfit,0.6688398
37832430,setfit,0.66876006
38739716,setfit,0.6687044
36967676,setfit,0.66862905
36715334,setfit,0.6684669
36598498,setfit,0.66837895
38918497,setfit,0.6683769
37930837,setfit,0.668344
37315789,setfit,0.66832435
40553287,setfit,0.6683219
37280240,setfit,0.6682955
39214999,setfit,0.668287
40340425,setfit,0.66816986
37268745,setfit,0.6681359
37316638,setfit,0.6681279
40246671,setfit,0.6680521
35980363,setfit,0.6680303
40195424,setfit,0.667986
35161327,setfit,0.66795534
40558068,setfit,0.66785985
37558914,setfit,0.66782606
38935678,setfit,0.66781044
39907792,setfit,0.6677854
39289371,setfit,0.66773456
39081607,setfit,0.6677338
36180861,setfit,0.6676779
38428081,setfit,0.6675888
35042804,setfit,0.66756433
37415233,setfit,0.6673917
40211116,setfit,0.66734594
39972011,setfit,0.66728866
39368085,setfit,0.6672114
40015273,setfit,0.6672035
37595404,setfit,0.6671945
38712695,setfit,0.6671776
39298493,setfit,0.6671733
36882402,setfit,0.667097
40436863,setfit,0.6670606
37777465,setfit,0.66705304
36256779,setfit,0.6669931
39043393,setfit,0.6669867
36115858,setfit,0.6669795
35582691,setfit,0.6669684
39175133,setfit,0.6669668
36508783,setfit,0.66694415
39587138,setfit,0.66688526
36791787,setfit,0.6668847
39609355,setfit,0.6668671
40494271,setfit,0.66686183
38514204,setfit,0.6668412
35544644,setfit,0.6668323
39748521,setfit,0.6668047
37721104,setfit,0.66678137
37735467,setfit,0.66677934
38238448,setfit,0.6667375
39375404,setfit,0.6666975
36587138,setfit,0.66663975
35972994,setfit,0.66662025
36994143,setfit,0.6665799
39240541,setfit,0.66655767
37750851,setfit,0.6665178
35765648,setfit,0.6665139
40316510,setfit,0.666476
36678712,setfit,0.6664629
38881018,setfit,0.6664586
39515581,setfit,0.66640425
36008415,setfit,0.6663844
39366143,setfit,0.6663354
39910176,setfit,0.6662377
37098652,setfit,0.66606015
36261023,setfit,0.66600335
37566590,setfit,0.6659449
37915832,setfit,0.6659102
39808611,setfit,0.66589725
38177174,setfit,0.66588247
37387049,setfit,0.6658544
40118721,setfit,0.6658137
40040244,setfit,0.6657125
40382465,setfit,0.6656646
36355441,setfit,0.66565454
39101619,setfit,0.6656495
40102511,setfit,0.66562015
40464151,setfit,0.66560256
36593326,setfit,0.6656009
39319243,setfit,0.6655917
38968027,setfit,0.66557056
35900309,setfit,0.6655595
38454513,setfit,0.6655336
38236062,setfit,0.6655317
38148113,setfit,0.66541845
39080339,setfit,0.6654066
39928922,setfit,0.6654047
39030018,setfit,0.66539717
37738107,setfit,0.6653311
39602253,setfit,0.66532683
39590726,setfit,0.6652727
38565025,setfit,0.66526324
34571541,setfit,0.6652569
36759776,setfit,0.6652242
39208265,setfit,0.6652173
36746950,setfit,0.6651219
39582251,setfit,0.66511214
37648696,setfit,0.665102
35927290,setfit,0.665095
38233516,setfit,0.6650927
39445132,setfit,0.66506374
37816745,setfit,0.6650447
40006225,setfit,0.6650265
40346170,setfit,0.6648257
38015708,setfit,0.66481125
40281126,setfit,0.6647405
38876990,setfit,0.6647223
37907558,setfit,0.6647181
39349569,setfit,0.66468257
38678031,setfit,0.6646797
40510764,setfit,0.6646147
35551187,setfit,0.6645114
38132886,setfit,0.66445065
36593262,setfit,0.66441536
35241693,setfit,0.6643877
40534920,setfit,0.66435784
39913636,setfit,0.66431016
35903143,setfit,0.6642904
36334360,setfit,0.66425335
39088548,setfit,0.6642479
36846730,setfit,0.66421443
38285683,setfit,0.6641169
40473689,setfit,0.6641132
38906878,setfit,0.6641107
39231169,setfit,0.66410315
36327654,setfit,0.66409135
38066007,setfit,0.6640206
37013005,setfit,0.6639942
39592634,setfit,0.6638975
39271783,setfit,0.6638599
37156762,setfit,0.66385895
39718242,setfit,0.6638431
40293056,setfit,0.6638336
35908040,setfit,0.6638206
37491536,setfit,0.66380095
38768124,setfit,0.66378
40521139,setfit,0.66371757
40319160,setfit,0.6637169
39496781,setfit,0.6636724
38956105,setfit,0.6636718
39399658,setfit,0.6636462
36715415,setfit,0.6635836
38108505,setfit,0.66347086
39251640,setfit,0.6634565
39979443,setfit,0.66337085
37946302,setfit,0.66326034
35576425,setfit,0.6632333
35817763,setfit,0.6632029
38326757,setfit,0.6631707
40069206,setfit,0.6631188
40202271,setfit,0.6630918
34822162,setfit,0.6630148
37189043,setfit,0.66298693
40511584,setfit,0.6629854
38271343,setfit,0.6629231
39741946,setfit,0.6629184
37122476,setfit,0.66290885
40456784,setfit,0.6626399
40445983,setfit,0.6626011
35143654,setfit,0.66258925
37717933,setfit,0.66255504
40673180,setfit,0.6624851
38336980,setfit,0.6624113
38709009,setfit,0.6624071
36402024,setfit,0.66235465
38796545,setfit,0.6623517
39127738,setfit,0.6623352
38819561,setfit,0.662305
39758944,setfit,0.6622877
37066087,setfit,0.66228175
35524941,setfit,0.6622796
35853908,setfit,0.66222936
35607649,setfit,0.6621673
38565568,setfit,0.6620744
39695306,setfit,0.6620587
37918093,setfit,0.66199654
37268686,setfit,0.6619961
37100784,setfit,0.66196215
39432839,setfit,0.6619011
35631398,setfit,0.66186404
35440143,setfit,0.6618007
36549193,setfit,0.6617999
39159043,setfit,0.66174483
36454094,setfit,0.6617302
38879616,setfit,0.6617027
37935581,setfit,0.66169465
39294645,setfit,0.6616614
38885787,setfit,0.66163594
39353970,setfit,0.6616168
37938247,setfit,0.66148835
36236664,setfit,0.6614591
40251192,setfit,0.6613739
37696817,setfit,0.6613105
40057525,setfit,0.6613097
40301380,setfit,0.66129667
40234485,setfit,0.6612705
37422490,setfit,0.6612429
37880211,setfit,0.66110367
40274829,setfit,0.66098905
36864057,setfit,0.66097176
39378981,setfit,0.6609399
39080729,setfit,0.66092384
37123247,setfit,0.66085327
38383597,setfit,0.66077596
35925813,setfit,0.6607457
36502211,setfit,0.66071445
38067736,setfit,0.6606943
36350094,setfit,0.6606854
37800393,setfit,0.6606614
38090598,setfit,0.6605663
35854751,setfit,0.6605249
38879569,setfit,0.6603874
38485989,setfit,0.66038316
39384810,setfit,0.6603796
37017258,setfit,0.66036
38749529,setfit,0.6603237
37056370,setfit,0.66028273
35386653,setfit,0.6602113
39198448,setfit,0.6601925
39215687,setfit,0.6601304
39535891,setfit,0.6601284
38736322,setfit,0.6600837
38030650,setfit,0.66007596
36879020,setfit,0.6600286
35650384,setfit,0.6600175
40240548,setfit,0.6600041
38929869,setfit,0.6599302
37273851,setfit,0.6599028
37355750,setfit,0.65989196
38436559,setfit,0.6598589
39820508,setfit,0.6598466
38762540,setfit,0.65983313
40025083,setfit,0.65978354
36130953,setfit,0.6597698
39095899,setfit,0.65975165
38327295,setfit,0.65967464
37365203,setfit,0.6595844
37243202,setfit,0.65954953
37348818,setfit,0.6595135
35612174,setfit,0.6595059
37031247,setfit,0.65947616
38317726,setfit,0.65947574
38769103,setfit,0.6594716
36192696,setfit,0.65945697
35588402,setfit,0.6593696
40005591,setfit,0.65935504
40216665,setfit,0.6593546
38956094,setfit,0.6593319
33382660,setfit,0.65929073
37258747,setfit,0.65927595
39638559,setfit,0.6592614
37093469,setfit,0.6591393
39832863,setfit,0.6591212
35141366,setfit,0.65903914
36535208,setfit,0.6590345
37949921,setfit,0.6590245
39196748,setfit,0.65901977
38785923,setfit,0.65890235
39114977,setfit,0.6588873
38548727,setfit,0.6587022
40108296,setfit,0.65869886
37572981,setfit,0.65869546
40658718,setfit,0.6586724
40192223,setfit,0.65863144
40133599,setfit,0.65856254
37002227,setfit,0.65852994
36748524,setfit,0.65849674
39081492,setfit,0.65841216
37889037,setfit,0.6583507
37778181,setfit,0.6583449
38541171,setfit,0.6582668
39977327,setfit,0.6580628
40189939,setfit,0.6578516
36761503,setfit,0.6577955
40221608,setfit,0.6577424
36633255,setfit,0.6577112
36235429,setfit,0.65769273
37932399,setfit,0.65760636
38381824,setfit,0.65746504
35731837,setfit,0.6574174
39865108,setfit,0.6574092
39996049,setfit,0.6573923
40057523,setfit,0.6573845
35414083,setfit,0.65737486
37046958,setfit,0.6572959
35524337,setfit,0.65719885
40417494,setfit,0.6570069
35042894,setfit,0.6569851
35866706,setfit,0.65697473
37315707,setfit,0.65695
37500408,setfit,0.6568707
38528186,setfit,0.65681845
37749380,setfit,0.6567516
37414795,setfit,0.6567484
36530605,setfit,0.6567391
37474522,setfit,0.6567181
37050308,setfit,0.6567157
36207310,setfit,0.6566748
36878992,setfit,0.6566639
38325326,setfit,0.6565704
35232478,setfit,0.6565311
39771711,setfit,0.6565162
37917732,setfit,0.6564634
38331920,setfit,0.6564579
38862509,setfit,0.656438
40328737,setfit,0.6564123
39890834,setfit,0.6564054
40367230,setfit,0.65634114
36847566,setfit,0.6562784
35985624,setfit,0.65627664
36771869,setfit,0.6562376
36819898,setfit,0.65623564
38062057,setfit,0.6562086
39592620,setfit,0.6561872
40329333,setfit,0.6561598
35663034,setfit,0.65615135
37429985,setfit,0.65612996
40436887,setfit,0.65611696
35349449,setfit,0.6561046
39530103,setfit,0.65605277
39795895,setfit,0.655999
35916224,setfit,0.6559773
38164508,setfit,0.65595245
40119500,setfit,0.6559104
39858647,setfit,0.6558197
36764131,setfit,0.6557667
39333256,setfit,0.6557135
37697153,setfit,0.655603
36059758,setfit,0.65555966
39522019,setfit,0.65552914
39596077,setfit,0.65552384
38554135,setfit,0.6554515
37208398,setfit,0.6554109
40456751,setfit,0.6553201
40138270,setfit,0.6553075
36406450,setfit,0.65529764
37969874,setfit,0.655217
40216924,setfit,0.655201
40335531,setfit,0.65512186
37035247,setfit,0.65505
37933562,setfit,0.65504026
38166233,setfit,0.65501875
38782169,setfit,0.6549896
35106057,setfit,0.6547788
39102880,setfit,0.6547336
39968408,setfit,0.6546898
38956046,setfit,0.65467936
37488166,setfit,0.65454847
40605939,setfit,0.65446234
35879368,setfit,0.65445745
39360619,setfit,0.6544542
35606797,setfit,0.65444255
36463398,setfit,0.6544246
36467714,setfit,0.6543373
39971943,setfit,0.65430874
38413078,setfit,0.6542889
36232747,setfit,0.6542518
35391386,setfit,0.65415233
37031828,setfit,0.654111
39562568,setfit,0.65402365
39695222,setfit,0.65395194
35890791,setfit,0.65390044
40519932,setfit,0.6536079
40295551,setfit,0.65360475
40092601,setfit,0.65356517
38619508,setfit,0.6534827
37390512,setfit,0.65345365
39300129,setfit,0.6534279
37217776,setfit,0.6534102
39011737,setfit,0.653383
40245534,setfit,0.65335596
36787138,setfit,0.6532223
35297316,setfit,0.65321887
40164834,setfit,0.65310043
37626053,setfit,0.65305424
38909399,setfit,0.65301865
38155169,setfit,0.6529788
36580150,setfit,0.65296173
36432139,setfit,0.65294987
35858915,setfit,0.65289336
38127089,setfit,0.6528442
38501073,setfit,0.65276086
36781917,setfit,0.6526872
37079543,setfit,0.6526607
38885213,setfit,0.6526523
40078943,setfit,0.6526235
38224813,setfit,0.6525855
37843286,setfit,0.6525441
35743007,setfit,0.652543
36622170,setfit,0.65249294
36877476,setfit,0.65248734
35625365,setfit,0.65246874
38083135,setfit,0.6523898
39895511,setfit,0.6523734
37945559,setfit,0.6523097
40419541,setfit,0.6522724
35266814,setfit,0.6522288
39468204,setfit,0.6522126
37131052,setfit,0.6521888
40740828,setfit,0.6521411
35066586,setfit,0.6521301
36109562,setfit,0.65209484
36671545,setfit,0.6520665
38862524,setfit,0.65202034
36289234,setfit,0.6519836
36831997,setfit,0.6518824
35152280,setfit,0.65183806
39922957,setfit,0.6517929
38575625,setfit,0.6517692
35502202,setfit,0.65157247
37218289,setfit,0.6515467
40335579,setfit,0.6514687
38081806,setfit,0.6514613
37480566,setfit,0.65144944
38017587,setfit,0.6514091
36175583,setfit,0.6514033
39176574,setfit,0.65132004
39115038,setfit,0.6512772
35857806,setfit,0.6512587
36441743,setfit,0.6512056
38327367,setfit,0.6511773
35169226,setfit,0.65116674
39455647,setfit,0.65114474
40261966,setfit,0.65112805
40326271,setfit,0.6510824
35354842,setfit,0.6510699
35353641,setfit,0.6510279
37222701,setfit,0.6510157
40000696,setfit,0.6510058
40011459,setfit,0.6509856
40382431,setfit,0.65091276
39277030,setfit,0.65090203
39093951,setfit,0.65088135
37473653,setfit,0.65087354
37751696,setfit,0.6508261
40018971,setfit,0.6508156
36074693,setfit,0.65078235
39920160,setfit,0.6507488
35676266,setfit,0.6506624
36002881,setfit,0.6505847
34871369,setfit,0.6505266
39704048,setfit,0.6505102
39578100,setfit,0.65047723
36378587,setfit,0.6504099
35819403,setfit,0.6503375
39040351,setfit,0.6503133
35305080,setfit,0.6501948
39314899,setfit,0.6501549
39116055,setfit,0.6500527
35068979,setfit,0.65000266
40130787,setfit,0.64994323
39448688,setfit,0.6499177
39853110,setfit,0.6499035
40169636,setfit,0.6498108
39468089,setfit,0.6498036
35614098,setfit,0.64976037
36738650,setfit,0.64967513
37356495,setfit,0.64964217
40229307,setfit,0.6496205
39715738,setfit,0.64961153
37131148,setfit,0.64960974
35749394,setfit,0.64960885
36701948,setfit,0.64958405
40413396,setfit,0.6495507
37665701,setfit,0.64954257
39652546,setfit,0.64952236
37761836,setfit,0.649519
38881954,setfit,0.6495172
35221786,setfit,0.6495015
37248640,setfit,0.6494977
35358188,setfit,0.64942575
38878555,setfit,0.649358
39433933,setfit,0.649298
38179456,setfit,0.64922947
38813150,setfit,0.64912796
38828478,setfit,0.64910525
38297002,setfit,0.64910215
40065540,setfit,0.6490586
38384129,setfit,0.6490035
35661743,setfit,0.6489686
35164045,setfit,0.6489209
39776224,setfit,0.64889616
39661617,setfit,0.6488462
38639487,setfit,0.6487644
39968402,setfit,0.64873284
39550455,setfit,0.64871675
40389708,setfit,0.64869535
35134636,setfit,0.64868224
35132861,setfit,0.6486373
39372176,setfit,0.64859813
39631489,setfit,0.64855874
38744868,setfit,0.6485582
38937428,setfit,0.6485417
39683928,setfit,0.64852387
38132796,setfit,0.64847976
37494933,setfit,0.6484297
38649712,setfit,0.6482601
40113940,setfit,0.6482102
40371632,setfit,0.648189
38490983,setfit,0.6481774
37926662,setfit,0.6481411
35246582,setfit,0.6479168
36696912,setfit,0.6478439
39433777,setfit,0.6477884
39843395,setfit,0.64776766
40466864,setfit,0.6477227
38262349,setfit,0.647656
39621686,setfit,0.6474072
35515989,setfit,0.64739645
37890715,setfit,0.6473598
39951853,setfit,0.6473229
36755242,setfit,0.647308
35821502,setfit,0.64730155
38750071,setfit,0.6472927
35365679,setfit,0.64728284
40273288,setfit,0.64719695
36004908,setfit,0.64714867
40216696,setfit,0.6471337
39397792,setfit,0.64706093
37078622,setfit,0.64705735
35571701,setfit,0.6470416
36560204,setfit,0.64699954
37221626,setfit,0.64690846
40057950,setfit,0.64690757
35351904,setfit,0.6466719
35220933,setfit,0.6466524
38921549,setfit,0.6466508
40442291,setfit,0.6465671
40234468,setfit,0.64646596
38253535,setfit,0.64632946
37097713,setfit,0.6462133
35879601,setfit,0.64616615
35115730,setfit,0.64611053
38349059,setfit,0.6460989
37240827,setfit,0.64602315
35850574,setfit,0.6459869
38598468,setfit,0.6459679
39889147,setfit,0.6458013
35974056,setfit,0.6457862
39068171,setfit,0.6457235
40185683,setfit,0.6457058
35678569,setfit,0.64559937
35672378,setfit,0.6455375
36105922,setfit,0.6455325
34871168,setfit,0.6454513
36823166,setfit,0.6452289
39269718,setfit,0.64514315
35544461,setfit,0.6450726
38438364,setfit,0.64501756
35765650,setfit,0.6449296
40319046,setfit,0.6449128
36553571,setfit,0.6447872
37971941,setfit,0.6447286
39888724,setfit,0.64471644
39963945,setfit,0.6446928
40240383,setfit,0.6446468
36142721,setfit,0.6446271
39226538,setfit,0.64461696
40335559,setfit,0.6445192
36696455,setfit,0.64449406
37880333,setfit,0.6444063
39103399,setfit,0.6443649
39700114,setfit,0.6443182
38689503,setfit,0.64427555
38018981,setfit,0.6442384
36575300,setfit,0.6441761
39814754,setfit,0.644173
36065018,setfit,0.6441468
37435391,setfit,0.64412814
40067703,setfit,0.64407396
38427620,setfit,0.64405787
39980379,setfit,0.64399827
37987347,setfit,0.6439831
36258067,setfit,0.6439335
38937480,setfit,0.6437783
35658467,setfit,0.64372706
35197484,setfit,0.6437066
36255213,setfit,0.6436552
35792866,setfit,0.643561
37507033,setfit,0.64350575
37040463,setfit,0.643492
39389998,setfit,0.6434595
39019912,setfit,0.6433311
36404909,setfit,0.64333063
38624007,setfit,0.6433165
36002622,setfit,0.64331156
39658089,setfit,0.64328396
36595475,setfit,0.6432792
39216206,setfit,0.64322734
35756065,setfit,0.6431808
39736494,setfit,0.6431735
38802101,setfit,0.6431522
36541440,setfit,0.64309496
37538957,setfit,0.6430369
38625925,setfit,0.6429573
37898683,setfit,0.642898
35958380,setfit,0.6428311
37033947,setfit,0.64280176
38793613,setfit,0.6427855
35693267,setfit,0.6427447
36066562,setfit,0.6427435
38968127,setfit,0.6427416
35049120,setfit,0.64267665
40008775,setfit,0.6425926
35181703,setfit,0.64257175
39656775,setfit,0.6425195
36795731,setfit,0.64243144
39371417,setfit,0.642415
39041358,setfit,0.64240223
38668966,setfit,0.6423971
35071207,setfit,0.6423915
36070274,setfit,0.6423557
39208278,setfit,0.6422215
37117054,setfit,0.6421877
38632293,setfit,0.64210737
39210507,setfit,0.64209735
36224186,setfit,0.64203906
35729305,setfit,0.6420226
38569236,setfit,0.6419689
38800693,setfit,0.64191943
38732403,setfit,0.6418734
35652743,setfit,0.6418361
39759003,setfit,0.6417471
37100462,setfit,0.6417151
38760422,setfit,0.6416838
36224012,setfit,0.6416294
35612145,setfit,0.64157593
40253396,setfit,0.64151245
37956263,setfit,0.6415087
35622342,setfit,0.64150697
35939284,setfit,0.64150685
39198432,setfit,0.641479
37789191,setfit,0.6412582
39912348,setfit,0.64122415
38312333,setfit,0.64119923
38055839,setfit,0.64116323
39198545,setfit,0.6411502
39788970,setfit,0.6411304
35472132,setfit,0.6411163
36892105,setfit,0.6411049
36097180,setfit,0.6410877
35483044,setfit,0.64095575
36812605,setfit,0.64094585
38843904,setfit,0.6408123
36918527,setfit,0.64079916
39275439,setfit,0.64066404
35417484,setfit,0.6406245
35484318,setfit,0.6406198
35306322,setfit,0.6405598
37561710,setfit,0.640353
37712571,setfit,0.6403067
40408641,setfit,0.64004207
38836701,setfit,0.6399678
39849000,setfit,0.6399236
39251662,setfit,0.63990325
39673069,setfit,0.6398581
39609418,setfit,0.63982713
39682316,setfit,0.6396837
39706831,setfit,0.63962466
38431773,setfit,0.63952494
39694816,setfit,0.6394083
36424440,setfit,0.639321
38469223,setfit,0.6392862
36202960,setfit,0.6392852
39997013,setfit,0.6392294
35277961,setfit,0.63918656
38886400,setfit,0.6391598
38804201,setfit,0.6391376
37880300,setfit,0.63912976
40011540,setfit,0.63905245
35328082,setfit,0.6390236
39241757,setfit,0.63902134
36628764,setfit,0.6389595
39521807,setfit,0.6388996
38973368,setfit,0.6388162
38424077,setfit,0.63879377
39304538,setfit,0.6387865
34894367,setfit,0.6386891
38481855,setfit,0.6386515
38643291,setfit,0.6384743
37789187,setfit,0.63842714
39885171,setfit,0.6382833
36939557,setfit,0.6382064
40057531,setfit,0.63817066
36549921,setfit,0.63813484
35511780,setfit,0.63809156
36533982,setfit,0.6380566
37537703,setfit,0.638001
36959253,setfit,0.6379608
37156750,setfit,0.63795674
38733902,setfit,0.63794696
40179699,setfit,0.6379149
35042960,setfit,0.6378606
39779929,setfit,0.6378583
40167918,setfit,0.63781697
38855791,setfit,0.6377167
40173841,setfit,0.6376739
37271097,setfit,0.63765043
38641689,setfit,0.63761276
40327509,setfit,0.6375535
38605088,setfit,0.6374894
39695240,setfit,0.6374525
36765058,setfit,0.63743085
40157915,setfit,0.63740915
37896813,setfit,0.63738436
37925214,setfit,0.6373774
35565847,setfit,0.63735914
39394222,setfit,0.6373304
39316855,setfit,0.6373174
40567045,setfit,0.63728696
38920699,setfit,0.6372613
38296972,setfit,0.63720286
38450904,setfit,0.637195
40134047,setfit,0.6371788
36460685,setfit,0.63713384
35328657,setfit,0.6370974
40262134,setfit,0.6369945
38896539,setfit,0.6369804
40229274,setfit,0.6369729
39817820,setfit,0.63683146
39874183,setfit,0.63681656
34997520,setfit,0.63679796
36290955,setfit,0.6367875
39809785,setfit,0.6367463
38635816,setfit,0.6367442
38129422,setfit,0.63669264
35839853,setfit,0.63663787
37499296,setfit,0.6366091
38438345,setfit,0.6365979
35243375,setfit,0.63652956
35910215,setfit,0.63648844
36877891,setfit,0.6364586
40381929,setfit,0.6364119
40380393,setfit,0.6362528
35896887,setfit,0.6360456
38702834,setfit,0.6359515
38431619,setfit,0.63595
36597033,setfit,0.6356844
36850412,setfit,0.63566875
40114255,setfit,0.6355383
35020905,setfit,0.6355339
39368529,setfit,0.6355014
39367444,setfit,0.63548595
39499601,setfit,0.6354076
37432995,setfit,0.6353754
38393600,setfit,0.63535535
36168211,setfit,0.635307
37164976,setfit,0.63529056
35434225,setfit,0.63528633
37394145,setfit,0.63524336
36416020,setfit,0.63520724
40081791,setfit,0.6351928
38167392,setfit,0.63517535
40996710,setfit,0.635135
36526628,setfit,0.63513464
36624117,setfit,0.63513446
36761115,setfit,0.6348984
36902098,setfit,0.63483894
35069506,setfit,0.63475657
36406689,setfit,0.634641
39254744,setfit,0.63454705
35044812,setfit,0.6344778
40270544,setfit,0.6344585
38102790,setfit,0.6344532
36961841,setfit,0.6344186
35614512,setfit,0.63441515
39358398,setfit,0.63440853
38802856,setfit,0.63420033
35845738,setfit,0.634152
38190385,setfit,0.63404876
39341859,setfit,0.6340283
38674377,setfit,0.6339596
40400348,setfit,0.63393766
36537834,setfit,0.6337433
35437393,setfit,0.6337374
38092852,setfit,0.63365495
39784310,setfit,0.6335994
35069719,setfit,0.63359576
39999610,setfit,0.6334796
37604913,setfit,0.63313925
40533522,setfit,0.6330789
39664372,setfit,0.63303256
35522426,setfit,0.6329972
39922392,setfit,0.63289267
39450797,setfit,0.6327498
39522045,setfit,0.6326327
37789481,setfit,0.632568
39575812,setfit,0.6324814
36553472,setfit,0.6324058
40286078,setfit,0.63233536
35385607,setfit,0.6323349
36055646,setfit,0.6321819
40089864,setfit,0.63207453
40169667,setfit,0.63203293
35131258,setfit,0.6319961
37705596,setfit,0.6319803
40221653,setfit,0.6319005
38575974,setfit,0.6318458
39226248,setfit,0.63177127
37749493,setfit,0.6316933
38708794,setfit,0.63165724
36475880,setfit,0.6316
39656733,setfit,0.6314902
36289312,setfit,0.6314757
39353978,setfit,0.6314405
35916307,setfit,0.63135326
36499090,setfit,0.631324
35102184,setfit,0.6312758
38366548,setfit,0.6312542
39966530,setfit,0.6312477
40348768,setfit,0.63114065
39808083,setfit,0.6310581
37284942,setfit,0.6310471
35869783,setfit,0.63096076
35673005,setfit,0.63095754
38194403,setfit,0.63092136
40131555,setfit,0.63090146
40399316,setfit,0.6308259
37864836,setfit,0.63079196
38167535,setfit,0.6307244
35786947,setfit,0.6307052
38247306,setfit,0.63066083
36992400,setfit,0.6304656
40369051,setfit,0.6304604
38957452,setfit,0.63043475
39762115,setfit,0.63039845
39172803,setfit,0.63039434
39792931,setfit,0.6303766
37216666,setfit,0.63035303
37756201,setfit,0.6303467
39535034,setfit,0.6302331
37199469,setfit,0.630199
37788089,setfit,0.63018554
39432499,setfit,0.630143
40216786,setfit,0.629987
39186704,setfit,0.62994015
38491868,setfit,0.62990814
38941446,setfit,0.6299049
35608653,setfit,0.62989026
38421866,setfit,0.62988406
36411472,setfit,0.6298388
37723189,setfit,0.6297895
35216036,setfit,0.6296942
37278513,setfit,0.6296856
40235705,setfit,0.6296769
35169263,setfit,0.62961084
36099417,setfit,0.6295875
35562362,setfit,0.6294134
40173613,setfit,0.6294082
39380496,setfit,0.6293816
40414187,setfit,0.6293074
38785706,setfit,0.62925553
37059737,setfit,0.62922144
37753522,setfit,0.6290645
40050418,setfit,0.6290454
36703942,setfit,0.6290045
36804696,setfit,0.62895507
36535428,setfit,0.62891805
38442048,setfit,0.6289039
37419118,setfit,0.6288686
39943272,setfit,0.6288197
39121968,setfit,0.6287144
40528035,setfit,0.62866426
40121204,setfit,0.6286573
40151796,setfit,0.6285405
35956540,setfit,0.62833905
40519058,setfit,0.62833756
35840601,setfit,0.62809604
37437088,setfit,0.6280925
35862536,setfit,0.6280758
35281604,setfit,0.6280066
39317289,setfit,0.6280009
35260616,setfit,0.6279958
39091896,setfit,0.6279858
35456792,setfit,0.6279215
38957923,setfit,0.6279147
40155442,setfit,0.6277837
38662184,setfit,0.62778276
40523454,setfit,0.62773585
35512704,setfit,0.6277076
40564982,setfit,0.6276857
35193692,setfit,0.62764865
38834674,setfit,0.627547
35226813,setfit,0.62742925
38083163,setfit,0.62737757
37629552,setfit,0.6272118
37383766,setfit,0.62707436
39048584,setfit,0.6270685
39354004,setfit,0.62701595
38424443,setfit,0.6269944
37626087,setfit,0.6268666
40467663,setfit,0.6268393
39444035,setfit,0.62676316
35846116,setfit,0.62669843
39166362,setfit,0.62661064
38232729,setfit,0.6264717
35504931,setfit,0.6264289
39732672,setfit,0.62641346
36975161,setfit,0.62631595
37835298,setfit,0.62621385
35319171,setfit,0.62617004
34978699,setfit,0.6261356
37142618,setfit,0.6261128
40410191,setfit,0.6259612
39043697,setfit,0.6259156
38912109,setfit,0.62583625
40447652,setfit,0.6257865
39496680,setfit,0.62557036
37697022,setfit,0.6255651
36996758,setfit,0.62529016
38278822,setfit,0.6252662
34598657,setfit,0.6250834
39127752,setfit,0.6249715
39348849,setfit,0.6248878
35169219,setfit,0.6248746
38294881,setfit,0.62470543
36395728,setfit,0.62469804
39359251,setfit,0.62459654
39713040,setfit,0.6244621
39226547,setfit,0.6243028
39362938,setfit,0.6242869
38338433,setfit,0.6241985
38182884,setfit,0.62414306
38409278,setfit,0.62400687
38794438,setfit,0.62392974
39348603,setfit,0.6239151
38365784,setfit,0.6238651
37160609,setfit,0.62386054
39046587,setfit,0.62376606
37098414,setfit,0.6237532
38189730,setfit,0.6236011
39637015,setfit,0.62358505
38063803,setfit,0.62340635
39571792,setfit,0.623323
40195327,setfit,0.6231522
37898381,setfit,0.62309957
38632323,setfit,0.623098
35143846,setfit,0.6230278
38850360,setfit,0.62302697
37318015,setfit,0.6230187
40545606,setfit,0.62293434
39250469,setfit,0.6227285
39653747,setfit,0.62268376
38790353,setfit,0.6224986
39086980,setfit,0.62236583
39333118,setfit,0.6223169
35058454,setfit,0.62229234
36330680,setfit,0.6222192
35662456,setfit,0.62216866
36124777,setfit,0.6221336
37934748,setfit,0.622093
38837178,setfit,0.62199116
40031465,setfit,0.62189513
39967687,setfit,0.6218133
40197252,setfit,0.6217101
37093820,setfit,0.6216806
38806937,setfit,0.6216733
38327374,setfit,0.6216435
38876107,setfit,0.6215375
39094861,setfit,0.62152725
37455222,setfit,0.62132335
40268934,setfit,0.62131166
40070311,setfit,0.6212939
39495786,setfit,0.6211768
40177811,setfit,0.6210372
40537502,setfit,0.6209787
40253381,setfit,0.6209706
39718483,setfit,0.6209464
38538648,setfit,0.6208364
39616200,setfit,0.6207769
38865446,setfit,0.62063456
38649344,setfit,0.62058973
40527861,setfit,0.620586
39576796,setfit,0.6205174
38081800,setfit,0.62050307
35934186,setfit,0.62038696
35016101,setfit,0.6202907
39450189,setfit,0.62026316
37457653,setfit,0.6201495
38451475,setfit,0.62008554
40169010,setfit,0.6200272
35354797,setfit,0.6199935
39090119,setfit,0.6199517
35118058,setfit,0.6198243
39999194,setfit,0.6197903
36910227,setfit,0.6197293
35450779,setfit,0.61969894
38636673,setfit,0.6196949
38336119,setfit,0.61962634
36884279,setfit,0.6196067
37840980,setfit,0.6195554
36927888,setfit,0.61954516
38863005,setfit,0.61950856
38731836,setfit,0.6194694
36578210,setfit,0.6193918
39191872,setfit,0.61936945
36124251,setfit,0.6193659
38001128,setfit,0.6192754
38067743,setfit,0.61921144
36526018,setfit,0.6190788
40513574,setfit,0.6189956
38327382,setfit,0.6189766
37567758,setfit,0.6189511
38220658,setfit,0.61888367
38206988,setfit,0.61880165
38925123,setfit,0.61876035
38751380,setfit,0.618739
38649488,setfit,0.61873585
34837217,setfit,0.61858565
39259934,setfit,0.6185418
38055914,setfit,0.6185417
38087062,setfit,0.6184418
38875326,setfit,0.6183515
39294152,setfit,0.6183454
38162030,setfit,0.6182831
40511914,setfit,0.6182192
35835118,setfit,0.6181943
38302883,setfit,0.61817193
40233746,setfit,0.6181362
35192406,setfit,0.6180805
37788254,setfit,0.6179465
39742295,setfit,0.6177254
40269195,setfit,0.6175786
35308350,setfit,0.6174173
36050394,setfit,0.6173838
38408974,setfit,0.61716425
39833218,setfit,0.617147
35446018,setfit,0.6170511
36741328,setfit,0.61698306
36623924,setfit,0.6169363
37236669,setfit,0.61678994
38600666,setfit,0.6166492
38298569,setfit,0.6165743
37417838,setfit,0.6164388
37236982,setfit,0.6164015
39268697,setfit,0.6163995
40613203,setfit,0.6162337
39656671,setfit,0.6162128
36631474,setfit,0.6162128
40740835,setfit,0.616098
39496583,setfit,0.6158693
38702538,setfit,0.61581725
37450220,setfit,0.6158071
39102448,setfit,0.61579895
35133406,setfit,0.61570644
39895661,setfit,0.6156807
40054149,setfit,0.6156636
37923891,setfit,0.6156543
36451097,setfit,0.61564535
36435886,setfit,0.6155946
38580921,setfit,0.615571
39732723,setfit,0.6155606
39395790,setfit,0.6154875
36979050,setfit,0.6153792
36449162,setfit,0.61533535
35727840,setfit,0.61518997
35236776,setfit,0.61518264
38856921,setfit,0.61515385
36314583,setfit,0.6150312
36095029,setfit,0.61500645
35178077,setfit,0.6149556
38935508,setfit,0.6149071
38016984,setfit,0.6148517
40467610,setfit,0.6148369
35497494,setfit,0.6147911
39669549,setfit,0.6147694
37721944,setfit,0.61476815
37326024,setfit,0.6147135
39870154,setfit,0.61470354
40718923,setfit,0.61459845
37191528,setfit,0.61454636
39948093,setfit,0.61452985
36308510,setfit,0.61445713
36116404,setfit,0.61441934
36949081,setfit,0.61436826
39379407,setfit,0.6143314
37735578,setfit,0.6141011
39812750,setfit,0.6139303
39379421,setfit,0.6138756
35739750,setfit,0.6138209
35154359,setfit,0.61377007
39018010,setfit,0.613631
37272828,setfit,0.6135787
38013027,setfit,0.6135512
38924085,setfit,0.61335856
35859094,setfit,0.61330295
37686347,setfit,0.6132786
35185982,setfit,0.61325943
37820269,setfit,0.61323786
39934145,setfit,0.6130227
40025737,setfit,0.6130139
39118353,setfit,0.6130094
35460296,setfit,0.6129797
38509156,setfit,0.6129273
39500899,setfit,0.6129182
38806531,setfit,0.6128107
38863081,setfit,0.6127626
35069236,setfit,0.6127233
40213365,setfit,0.61271095
39478004,setfit,0.6126409
39460279,setfit,0.61232513
35544520,setfit,0.6122901
39891408,setfit,0.6122854
40023203,setfit,0.6120359
38072328,setfit,0.61193836
36587236,setfit,0.61189663
35675394,setfit,0.61176515
37323558,setfit,0.61173284
37192099,setfit,0.61162466
35822851,setfit,0.6116183
34649961,setfit,0.6115909
39594139,setfit,0.6114891
38922750,setfit,0.6114727
38898046,setfit,0.6114316
35173740,setfit,0.61131716
39561770,setfit,0.6113133
40580034,setfit,0.61109453
38074791,setfit,0.6109342
35401651,setfit,0.6108814
36691901,setfit,0.6108338
39729429,setfit,0.6108271
36596235,setfit,0.6108093
38153911,setfit,0.61066157
38180998,setfit,0.61057013
40180919,setfit,0.61054605
36298176,setfit,0.61049926
39256463,setfit,0.6104248
38697424,setfit,0.6104111
39349746,setfit,0.6103716
36849543,setfit,0.61029935
37904728,setfit,0.61026937
34978789,setfit,0.61011624
39423001,setfit,0.61001146
36367913,setfit,0.6099937
40301633,setfit,0.6099885
38477530,setfit,0.6099038
38071387,setfit,0.60989547
39126830,setfit,0.6098276
35892461,setfit,0.6097997
39840069,setfit,0.60975325
40298292,setfit,0.6097418
35977947,setfit,0.60969466
34837195,setfit,0.6096903
38365928,setfit,0.6096707
39445018,setfit,0.60957325
37808543,setfit,0.6095512
39368975,setfit,0.60948646
35343960,setfit,0.6091234
38327327,setfit,0.60892236
38374088,setfit,0.6088264
36882443,setfit,0.60874945
35173525,setfit,0.6085676
38701383,setfit,0.60849184
36141618,setfit,0.60846764
38206015,setfit,0.6084477
36614124,setfit,0.608438
40146303,setfit,0.60834503
38479385,setfit,0.60814625
38865373,setfit,0.6081112
36494593,setfit,0.6079144
38413602,setfit,0.60789365
37459490,setfit,0.60778105
38650009,setfit,0.6077155
35820117,setfit,0.6077087
35058481,setfit,0.607698
40027255,setfit,0.60769457
35629136,setfit,0.607642
39335935,setfit,0.6076295
39633811,setfit,0.60755754
38791714,setfit,0.60752827
36510424,setfit,0.6074522
37499306,setfit,0.6074379
38573379,setfit,0.6073039
35084980,setfit,0.60716033
40527877,setfit,0.6068472
36873900,setfit,0.60668844
39869488,setfit,0.60645485
35277433,setfit,0.6064341
34954899,setfit,0.6063435
37971715,setfit,0.606316
36407584,setfit,0.6063019
35457221,setfit,0.6062767
38649693,setfit,0.6060487
37298890,setfit,0.606019
37504918,setfit,0.606009
39394400,setfit,0.6059569
38168497,setfit,0.60594887
39962099,setfit,0.6059243
39009815,setfit,0.60592216
39801345,setfit,0.605867
38814403,setfit,0.6058458
38509422,setfit,0.6056753
37686035,setfit,0.6055575
37620252,setfit,0.6055501
37684228,setfit,0.60554796
40407102,setfit,0.60537887
40285727,setfit,0.605348
39466099,setfit,0.6053253
38794841,setfit,0.6051312
36556360,setfit,0.6050059
35567258,setfit,0.60497624
40271912,setfit,0.6048037
37526240,setfit,0.6046757
37183971,setfit,0.60464555
38222417,setfit,0.60453284
38307948,setfit,0.60448486
40487401,setfit,0.6044123
35746868,setfit,0.60440713
37386017,setfit,0.6043451
40279043,setfit,0.60430443
40013795,setfit,0.60424
39741160,setfit,0.60413134
35596782,setfit,0.60406786
38343575,setfit,0.6040423
38221441,setfit,0.60402477
35028350,setfit,0.60396934
37831357,setfit,0.6039608
36997558,setfit,0.60395604
38429395,setfit,0.60384375
37391501,setfit,0.6038404
37059722,setfit,0.60382026
37541406,setfit,0.60380495
38084728,setfit,0.6037345
35895206,setfit,0.603699
36463582,setfit,0.6036648
38901188,setfit,0.6036597
40259418,setfit,0.60349846
36940568,setfit,0.6034984
35891138,setfit,0.6034449
40417549,setfit,0.6034245
35456378,setfit,0.603316
37543366,setfit,0.60327893
36830626,setfit,0.6031761
38521211,setfit,0.6031443
37743718,setfit,0.60313183
38479843,setfit,0.60300505
36109852,setfit,0.6029967
40108717,setfit,0.6029492
38653014,setfit,0.6027856
36310247,setfit,0.60275906
37848535,setfit,0.60273993
39986376,setfit,0.6025867
35818534,setfit,0.60249585
37780991,setfit,0.6021608
39705554,setfit,0.60208565
39135444,setfit,0.6020218
35670274,setfit,0.6020059
39368979,setfit,0.6017966
39427032,setfit,0.6017895
38996838,setfit,0.60169715
37945571,setfit,0.60163826
36638829,setfit,0.6015665
38954043,setfit,0.6015395
40130410,setfit,0.60143566
38413941,setfit,0.60126793
39260065,setfit,0.6011545
36674563,setfit,0.60110456
38023732,setfit,0.6009967
35538374,setfit,0.6009964
37672078,setfit,0.60095835
35680932,setfit,0.600946
40231156,setfit,0.600707
40148353,setfit,0.60067147
40188111,setfit,0.60058373
39655722,setfit,0.60046536
38755269,setfit,0.600407
35980175,setfit,0.6003872
38084013,setfit,0.6003538
39702046,setfit,0.6002775
40175374,setfit,0.60020053
36095527,setfit,0.60012186
36311883,setfit,0.6001133
37105065,setfit,0.60007215
