url,pmid,primary_entity_long,primary_entity_short,source_file,domain,sample_priority,very_high_conf,db_keyword_found,title_matches_primary
http://mips.helmholtz-muenchen.de/phenodis/,29370821,phenodis,,baseline_pmid,mips.helmholtz-muenchen.de,very_high_conf,True,True,True
http://www.tsrbase.org,33068436,tsrbase,,baseline_pmid,www.tsrbase.org,very_high_conf,True,True,True
http://gcgene.bioinfo-minzhao.org/,27127885,,gcgene,baseline_pmid,gcgene.bioinfo-minzhao.org,very_high_conf,True,True,True
https://www.machado.cnptia.embrapa.br/plantannot,33546584,plant co-expression annotation resource,,baseline_pmid,www.machado.cnptia.embrapa.br,very_high_conf,True,True,True
http://african-compounds.org/nanpdb/,28641017,,nanpdb,baseline_pmid,african-compounds.org,very_high_conf,True,True,True
http://g2im.u-clermont1.fr/phylopdb/,24771669,phylopdb,,baseline_pmid,g2im.u-clermont1.fr,very_high_conf,True,True,True
https://webapp.ufz.de/tmdb,31728526,terrestrialmetagenomedb,,baseline_pmid,webapp.ufz.de,very_high_conf,True,True,True
http://histone.sce.ntu.edu.sg/SynLethDB/,26516187,synlethdb,,baseline_pmid,histone.sce.ntu.edu.sg,very_high_conf,True,True,True
http://www.MuteinDB.org,22730453,muteindb,,baseline_pmid,www.MuteinDB.org,very_high_conf,True,True,True
http://mtibase.sysu.edu.cn,26490638,mtibase,,baseline_pmid,mtibase.sysu.edu.cn,very_high_conf,True,True,True
http://bioservices.hs-mittweida.de/Epros/,23161695,,epros,baseline_pmid,bioservices.hs-mittweida.de,db_keyword,False,True,False
http://www.dsimb.inserm.fr/dsimb_tools/PTM-SD/,24857970,,ptm-sd,baseline_pmid,www.dsimb.inserm.fr,db_keyword,True,True,True
http://14.139.229.199/PpTFDB/Home.aspx,28651001,,pptfdb,baseline_pmid,14.139.229.199,db_keyword,True,True,True
http://www.rna-society.org/rnainter/,31906603,rnainter,,baseline_pmid,www.rna-society.org,db_keyword,False,True,False
https://www.pggpopulation.org,29112749,pgg.population,,baseline_pmid,www.pggpopulation.org,db_keyword,True,True,True
http://ekpd.biocuckoo.org,24214991,,ekpd,baseline_pmid,ekpd.biocuckoo.org,db_keyword,True,True,True
http://www.genomernai.org,23193271,genomernai,,baseline_pmid,www.genomernai.org,db_keyword,True,True,True
http://sugarbind.expasy.org,26578555,sugarbinddb,,baseline_pmid,sugarbind.expasy.org,random,False,True,False
http://www.mitotox.org,34266386,mitotox,,baseline_pmid,www.mitotox.org,random,True,True,True
https://www.flyrnai.org/tools/single_cell/web/,33995899,,drscdb,baseline_pmid,www.flyrnai.org,random,True,True,True
http://uucd.biocuckoo.org,23172288,,uucd,baseline_pmid,uucd.biocuckoo.org,random,True,True,True
http://renaldb.uni-frankfurt.de,28011754,renaldb,,baseline_pmid,renaldb.uni-frankfurt.de,random,False,False,False
http://konulab.fen.bilkent.edu.tr/mirna/,21177657,,mesadb,baseline_pmid,konulab.fen.bilkent.edu.tr,random,True,True,True
http://webofmicrobes.org,30208844,,wom,baseline_pmid,webofmicrobes.org,random,False,True,False
https://pimbase.kalis-amts.de,30147056,pimbase,,baseline_pmid,pimbase.kalis-amts.de,random,False,False,False
http://hamdb.scbdd.com,30066211,,hamdb,baseline_entity,hamdb.scbdd.com,very_high_conf,True,True,True
http://dbsecsys.bhsai.org,27650316,dbsecsys,,baseline_entity,dbsecsys.bhsai.org,very_high_conf,True,True,True
http://www.caspur.it/mitozoa,22123747,mitozoa,,baseline_entity,www.caspur.it,very_high_conf,True,True,True
http://www.crisprlnc.org,30285246,crisprlnc,,baseline_entity,www.crisprlnc.org,very_high_conf,True,True,True
http://bioinfo.usu.edu/alfanet/,34361108,alfanet,,baseline_entity,bioinfo.usu.edu,very_high_conf,True,True,True
http://magen.whu.edu.cn,31665439,magendb,,baseline_entity,magen.whu.edu.cn,very_high_conf,True,True,True
http://cib.cf.ocha.ac.jp/slc/,29892515,imusta4slc,,baseline_entity,cib.cf.ocha.ac.jp,very_high_conf,True,True,True
http://mirandb.ir,28049134,mirandb,,baseline_entity,mirandb.ir,very_high_conf,True,True,True
http://thairicestarch.kku.ac.th,33258964,,thrsdb,baseline_entity,thairicestarch.kku.ac.th,very_high_conf,True,True,True
http://rfam.xfam.org,25392425,,rfam,baseline_entity,rfam.xfam.org,very_high_conf,True,True,True
http://www.ebi.ac.uk/gxa,26481351,expression atlas,,baseline_entity,www.ebi.ac.uk,db_keyword,False,True,False
http://www.cemtdd.com/index.html,25970778,,cemtdd,baseline_entity,www.cemtdd.com,db_keyword,True,True,True
http://kimosys.org,25115331,kimosys,,baseline_entity,kimosys.org,db_keyword,True,True,True
http://www.ncbi.nlm.nih.gov/geo/,23193258,,geo,baseline_entity,www.ncbi.nlm.nih.gov,db_keyword,False,True,False
http://crdd.osdd.net/raghava/cppsite/,22403286,cppsite,,baseline_entity,crdd.osdd.net,db_keyword,True,True,True
http://songyanglab.sysu.edu.cn/telopin/,25792605,telopin,,baseline_entity,songyanglab.sysu.edu.cn,db_keyword,True,True,True
https://card.mcmaster.ca,31665441,,card,baseline_entity,card.mcmaster.ca,db_keyword,True,True,True
EcoCyc.org,30406744,,ecocyc,baseline_entity,,random,False,True,False
https://www.maizegdb.org,30407532,maizegdb,,baseline_entity,www.maizegdb.org,random,True,True,True
http://www.biochem.mpg.de/maxqb,22301388,,maxqb,baseline_entity,www.biochem.mpg.de,random,False,True,False
http://www.kimosys.org,33247931,kimosys,,baseline_entity,www.kimosys.org,random,True,True,True
http://www.LOVD.nl/ARSA,26462614,,lovd,baseline_entity,www.LOVD.nl,random,False,False,False
http://autism.mindspec.org/autdb/Welcome.do,29186576,,autdb,baseline_entity,autism.mindspec.org,random,True,True,True
https://drugdesign.riken.jp/FMODB/,33511845,,fmodb,baseline_entity,drugdesign.riken.jp,random,True,True,True
http://liveratlas.hupo.org.cn,23601370,liveratlas,,baseline_entity,liveratlas.hupo.org.cn,random,True,True,True
https://elbe.hki-jena.de/fungifun/,25294921,fungifun2,,linguistic_novel,elbe.hki-jena.de,very_high_conf,True,True,
http://3dbionotes-ws.cnb.csic.es,28961691,,3dbionotes,linguistic_novel,3dbionotes-ws.cnb.csic.es,very_high_conf,True,True,
genomics.scripps.edu/ADVISER,25706643,scripps genome adviser,,linguistic_novel,,very_high_conf,True,True,
http://interferome.its.monash.edu.au/interferome/,23203888,interferome,,linguistic_novel,interferome.its.monash.edu.au,very_high_conf,True,True,
http://rsnp3.psych.ac.cn,29140525,rsnpbase,,linguistic_novel,rsnp3.psych.ac.cn,very_high_conf,True,True,
http://atlas.dmi.unict.it/mirandola/index.html,23094086,mirandola,,linguistic_novel,atlas.dmi.unict.it,very_high_conf,True,True,
http://ub.cbm.uam.es/atlascbs,22798082,atlascbs,,linguistic_novel,ub.cbm.uam.es,very_high_conf,True,True,
http://www.ontobee.org/,27733503,ontobee,,linguistic_novel,www.ontobee.org,very_high_conf,True,True,
http://rloop.bii.a-star.edu.sg,27899586,r-loopdb,,linguistic_novel,rloop.bii.a-star.edu.sg,very_high_conf,True,True,
https://chaos.ugent.be/WE15/,24441765,,tr-db,linguistic_novel,chaos.ugent.be,very_high_conf,True,True,
http://www.ibiomedical.net/pigvar/,29220438,,pigvar,linguistic_novel,www.ibiomedical.net,db_keyword,True,True,
http://www.mcr.org.in/chloromitossrdb,26412851,chloromitossrdb,,linguistic_novel,www.mcr.org.in,db_keyword,True,True,
http://cbs.dtu.dk/services/NutriChem-1.0,25106869,nutrichem,,linguistic_novel,cbs.dtu.dk,db_keyword,True,True,
http://www.ncrnadatabases.org,22336709,,nrdr,linguistic_novel,www.ncrnadatabases.org,db_keyword,False,True,
http://dbtss.hgc.jp/,29126224,,dbtss,linguistic_novel,dbtss.hgc.jp,db_keyword,False,True,
http://www.mgc.ac.cn/VFs/,30395255,,vfdb,linguistic_novel,www.mgc.ac.cn,db_keyword,True,True,
http://www.ebi.ac.uk/metagenomics/,24165880,european nucleotide archive,,linguistic_novel,www.ebi.ac.uk,db_keyword,False,True,
http://symbiont.iis.sinica.edu.tw/evidence,26678286,,evidence,linguistic_novel,symbiont.iis.sinica.edu.tw,random,False,False,
http://enalossuite.novamechanics.com/,29934899,enalos suite,,linguistic_novel,enalossuite.novamechanics.com,random,False,False,
https://deepspecs.github.io/,34714871,specollate,,linguistic_novel,deepspecs.github.io,random,False,False,
http://prgdb.org,23161682,,prgdb,linguistic_novel,prgdb.org,random,True,True,
http://ibl.github.io/VCFr/,27797761,,vcf,linguistic_novel,ibl.github.io,random,False,False,
http://biorg.cis.fiu.edu/pluma,29618009,,pluma,linguistic_novel,biorg.cis.fiu.edu,random,False,False,
http://dockground.bioinformatics.ku.edu,25488330,dockground,,linguistic_novel,dockground.bioinformatics.ku.edu,random,False,False,
http://www.networkanalyst.ca,24861621,networkanalyst,,linguistic_novel,www.networkanalyst.ca,random,False,False,
http://bmi.xmu.edu.cn/plantapa,27446120,plantapa,,setfit_novel,bmi.xmu.edu.cn,very_high_conf,True,True,
https://www.crop-diversity.org/mgis/,29220435,,mgis,setfit_novel,www.crop-diversity.org,very_high_conf,True,True,
https://www.EuroGEMS.org,32906220,eurogems.org,,setfit_novel,www.EuroGEMS.org,very_high_conf,True,True,
https://genomics.scripps.edu/mtdna,28821228,sg-adviser mtdna,,setfit_novel,genomics.scripps.edu,very_high_conf,True,True,
https://www.scbit.org/dbdepc3/index.php,29688359,,dbdepc,setfit_novel,www.scbit.org,very_high_conf,True,True,
http://www.megabionet.org/tcmid/,29106634,,tcmid,setfit_novel,www.megabionet.org,very_high_conf,True,True,
http://ufq.unq.edu.ar/codnas,27022160,,codnas,setfit_novel,ufq.unq.edu.ar,very_high_conf,True,True,
http://www.compubio.in/chlorossrdb/,25380781,chlorossrdb,,setfit_novel,www.compubio.in,very_high_conf,True,True,
http://www.rbptd.com,32047888,,rbptd,setfit_novel,www.rbptd.com,very_high_conf,True,True,
http://www.bioinformatics.org/sspred,21904425,,sspred,setfit_novel,www.bioinformatics.org,very_high_conf,True,True,
http://www.ebi.ac.uk/thornton-srv/m-csa,29106569,,csa,setfit_novel,www.ebi.ac.uk,db_keyword,False,True,
http://proteomecentral.proteomexchange.org/dataset/PXD000764,25047258,,pride,setfit_novel,proteomecentral.proteomexchange.org,db_keyword,False,True,
http://www.emodnet-biology.eu/,25632106,,,setfit_novel,www.emodnet-biology.eu,db_keyword,False,True,
http://pdbj.org,21976737,,pdbj,setfit_novel,pdbj.org,db_keyword,False,True,
http://www.nipgr.ac.in/MedProDB,34527190,medprodb,,setfit_novel,www.nipgr.ac.in,db_keyword,True,True,
http://ngs.ym.edu.tw/driverdb/,24214964,driverdb,,setfit_novel,ngs.ym.edu.tw,db_keyword,True,True,
http://www.herbalgenomics.org/cpgavas,23256920,,cpgavas,setfit_novel,www.herbalgenomics.org,db_keyword,False,True,
http://www.megabionet.org/tcmid/,23203875,,tcmid,setfit_novel,www.megabionet.org,random,True,True,
http://knowlife.mpi-inf.mpg.de,25971816,knowlife,,setfit_novel,knowlife.mpi-inf.mpg.de,random,False,False,
http://www.unc.edu/∼yunmli/imputability.html,23292738,,,setfit_novel,www.unc.edu,random,False,True,
http://www.on-course.eu,23597757,on-course(®,,setfit_novel,www.on-course.eu,random,False,True,
http://proteasix.cs.man.ac.uk,29476519,endoproteofasp,,setfit_novel,proteasix.cs.man.ac.uk,random,False,False,
http://www.biostat.jhsph.edu/~gewu/ChIPPED/,23457041,chip-ped,,setfit_novel,www.biostat.jhsph.edu,random,False,False,
http://seek.princeton.edu/,25581801,,seek,setfit_novel,seek.princeton.edu,random,False,False,
http://cran.r-project.org/web/packages/BiSEp/index.html,26781748,,bisep,setfit_novel,cran.r-project.org,random,False,False,
