pmid,old_name,new_name,confidence,category,action
"22075998, 23193274, 23448259",ENCODE (genome),ENCODE,HIGH,HAS_BRACKETS,FIXED
"21948793, 26578601, 29140520",Therapeutic Target Database (bidd),Therapeutic Target Database,HIGH,HAS_BRACKETS,FIXED
"25685613, 27899642",CSC (genome),UCSC,HIGH,HAS_BRACKETS,FIXED
"24574175, 25159016, 26227301, 25407602, 26351202",Proteomexchange (proteomecentral),LC-MS,HIGH,HAS_BRACKETS,FIXED
32477412,EQTL (asan),EQTL,HIGH,HAS_BRACKETS,FIXED
22718978,ice,JBEI-ICE,HIGH,SHORT_LOWERCASE,FIXED
27794551,HIPPIE (cbdm),HIPPIE,HIGH,HAS_BRACKETS,FIXED
26228432,OCDB (alpha),OCDB,HIGH,HAS_BRACKETS,FIXED
30553813,Cellminercdb (discover),Cellminercdb,HIGH,HAS_BRACKETS,FIXED
33988716,EDGAR (edgar3),EDGAR3.0,HIGH,HAS_BRACKETS,FIXED
22776072,DMD (edystrophin),DMD,HIGH,HAS_BRACKETS,FIXED
26602693,TCGA (bioinformatics),TCGA,HIGH,HAS_BRACKETS,FIXED
22348130,HIPPIE (cbdm),HIPPIE,HIGH,HAS_BRACKETS,FIXED
24517501,Snpchimp (bioinformatics),Snpchimp,HIGH,HAS_BRACKETS,FIXED
23866767,acutrials(R),Acutrials®,HIGH,HAS_BRACKETS,FIXED
25881165,Snpchimp (bioinformatics),Snpchimp (bioinformatics),HIGH,HAS_BRACKETS,FIXED
33408850,DB,<i>Vf</i>ODB,MEDIUM,VERY_SHORT,FIXED
24243849,P(3)db,P,HIGH,HAS_BRACKETS,FIXED
25516408,Mitimpact (bioinformatics),Mitimpact (bioinformatics),HIGH,HAS_BRACKETS,FIXED
33172432,ophthatome(TM),ophthatome,HIGH,HAS_BRACKETS,FIXED
26087378,Schizconnect (central),Schizconnect (central),HIGH,HAS_BRACKETS,FIXED
29561219,4s,The network of Shanghai Stroke Service System (4S),MEDIUM,VERY_SHORT,FIXED
33590862,org,org,LOW,SHORT_LOWERCASE,FIXED
27899667,SEEK (snp-seek),Rice SNP,MEDIUM,HAS_BRACKETS,FIXED
29122012,TO,Drug,MEDIUM,VERY_SHORT,FIXED
25392408,Genomics (genome-cancer),The UCSC Cancer Genomics Browser,MEDIUM,HAS_BRACKETS,FIXED
"27899567, 30395331",GO,Expansion,MEDIUM,VERY_SHORT,FIXED
25428369,GO,Gene Ontology Consortium,MEDIUM,VERY_SHORT,FIXED
33008298,Database (pgl),Database,MEDIUM,HAS_BRACKETS,FIXED
25990738,3dgb,3dgb,LOW,SHORT_LOWERCASE,FIXED
23721660,IM,IM,LOW,VERY_SHORT,FIXED
23748957,CSC (sysbio),The UCSC Interaction Browser,MEDIUM,HAS_BRACKETS,FIXED
31100356,ase,Integrating Culture,MEDIUM,SHORT_LOWERCASE,FIXED
27863463,EQ,The ChIP,MEDIUM,VERY_SHORT,FIXED
34788390,RNA (plantcircrna),RNA (plantcircrna),LOW,HAS_BRACKETS,FIXED
29363422,Transcriptome (matsui-lab),Construction,MEDIUM,HAS_BRACKETS,FIXED
24767513,t4.0,Medicago,MEDIUM,SHORT_LOWERCASE,FIXED
31776723,AX,The JAX Synteny Browser,MEDIUM,VERY_SHORT,FIXED
29982559,Database (nksingh),Oryza,MEDIUM,HAS_BRACKETS,FIXED
28185543,tlas,An Atlas,MEDIUM,SHORT_LOWERCASE,FIXED
24271392,PORTAL (networks),Network,MEDIUM,HAS_BRACKETS,FIXED
29040688,Proteome (iomics),Tabloid Proteome,MEDIUM,HAS_BRACKETS,FIXED
24265219,Target Database (bidd),Therapeutic,MEDIUM,HAS_BRACKETS,FIXED
29527288,GXB (breastcancer),GXB (breastcancer),LOW,HAS_BRACKETS,FIXED
31290545,GXB (ige),GXB (ige),LOW,HAS_BRACKETS,FIXED
28413616,GXB (ivf),GXB (ivf),LOW,HAS_BRACKETS,FIXED
"27158451, 27158452",GXB (monocyte),GXB (monocyte),LOW,HAS_BRACKETS,FIXED
31559014,GXB (pid),GXB (pid),LOW,HAS_BRACKETS,FIXED
31711193,COSMIC (cr10),CR10,MEDIUM,HAS_BRACKETS,FIXED
28180281,Mirbase (wwwdev),Large,MEDIUM,HAS_BRACKETS,FIXED
23874379,Saccharomyces Genome Database (cobi),Saccharomyces Genome Database (cobi),LOW,HAS_BRACKETS,FIXED
31942161,SIBBR (ipt),Harvestmen,MEDIUM,HAS_BRACKETS,FIXED
28859252,ZENODO (bluebox),Open,MEDIUM,HAS_BRACKETS,FIXED
33555347,BR,DNA G,MEDIUM,VERY_SHORT,FIXED
30846902,ZENODO (trivellone),Hemiptera,MEDIUM,HAS_BRACKETS,FIXED
32941026,PX,Covalent Interactions Atlas Benchmark Data Sets,MEDIUM,VERY_SHORT,FIXED
27134731,GEO (hiv),gene expression omnibus,HIGH,HAS_BRACKETS,FIXED
33068406,COSMIC (score),Project Score,MEDIUM,HAS_BRACKETS,FIXED
25630311,A Large-scale (ball),Chinese,MEDIUM,HAS_BRACKETS,FIXED
27303626,GEO (placentalendocrinology),geo,HIGH,HAS_BRACKETS,FIXED
33858332,TCGA (manticore),tcga,HIGH,HAS_BRACKETS,FIXED
30783007,PDB (ifr48),pdb,HIGH,HAS_BRACKETS,FIXED
28195585,GBIF (science),gbif,HIGH,HAS_BRACKETS,FIXED
34323935,Prokaryotes (toolkit),prokaryotes,MEDIUM,HAS_BRACKETS,FIXED
26040196,Prokaryotes (mlsa),prokaryotes,MEDIUM,HAS_BRACKETS,FIXED
23192551,Genbank (hiv),genbank,MEDIUM,HAS_BRACKETS,FIXED
22080509,Genbank (webapps2),genbank,MEDIUM,HAS_BRACKETS,FIXED
28934507,GEO (134),geo,HIGH,HAS_BRACKETS,FIXED
33166149,Proteomexchange (massive),proteomexchange,MEDIUM,"HAS_BRACKETS,WRONG_EXTRACTION",FIXED
32284610,Prokaryotes (meltomeatlas),prokaryotes,MEDIUM,HAS_BRACKETS,FIXED
29605928,CHEBI,chebi,HIGH,WRONG_EXTRACTION,FIXED
24234439,CHEMBL,chembl,HIGH,WRONG_EXTRACTION,FIXED
24792157,STRING,string,HIGH,WRONG_EXTRACTION,FIXED
25977788,Uniprotkb,uniprotkb | proteomexchange,MEDIUM,WRONG_EXTRACTION,FIXED
"22970177, 28776320, 32003691, 34969046",NCT00931216,HIV,MEDIUM,WRONG_EXTRACTION,FIXED
"26132000, 28578176, 33905618",Phenxtoolkit,COVID-19,MEDIUM,WRONG_EXTRACTION,FIXED
26968569,IR_spectra,ATR-FT-IR,MEDIUM,WRONG_EXTRACTION,FIXED
32572450,DRAFC,AFC,MEDIUM,WRONG_EXTRACTION,FIXED
30999846,Melanoma (khaos),VIGLA-M,MEDIUM,"HAS_BRACKETS,WRONG_EXTRACTION",FIXED
34048576,Covid19dataportal,COVID-19,MEDIUM,WRONG_EXTRACTION,FIXED
21990165,LOVD (brca),BRCA,MEDIUM,"HAS_BRACKETS,WRONG_EXTRACTION",FIXED
31329239,Caliberresearch,CALIBER,MEDIUM,WRONG_EXTRACTION,FIXED
32838343,Covid19 (amp),COVID-19,MEDIUM,"HAS_BRACKETS,WRONG_EXTRACTION",FIXED
21929785,PRO (pir),PRO,MEDIUM,"HAS_BRACKETS,WRONG_EXTRACTION",FIXED
26616131,Hubzero,HIV,MEDIUM,WRONG_EXTRACTION,FIXED
33858848,Hla-ligand-atlas,HLA,MEDIUM,WRONG_EXTRACTION,FIXED
33564397,Covid-19-diagnostics,COVID-19,MEDIUM,WRONG_EXTRACTION,FIXED
21669962,Daikon,EST-SSR,MEDIUM,WRONG_EXTRACTION,FIXED
34613368,Covid19kg,COVID-19,MEDIUM,WRONG_EXTRACTION,FIXED
33630831,Mrcppu-covid,DNA-,MEDIUM,WRONG_EXTRACTION,FIXED
31959765,Ccafs-climate,CMIP5,MEDIUM,WRONG_EXTRACTION,FIXED
31341169,Crctcell,RNA,MEDIUM,WRONG_EXTRACTION,FIXED
34292965,265,265,LOW,NUMERIC_ONLY,FLAGGED_FOR_REVIEW
21841810,2d,2d,LOW,VERY_SHORT,FLAGGED_FOR_REVIEW
24136511,Databases,MAPA,MEDIUM,WRONG_EXTRACTION,FIXED
29152729,Guideline-for-fluoropyrimidines-and-dpyd,CPIC,MEDIUM,WRONG_EXTRACTION,FIXED
28039431,Database (hpcwebapps),Database (hpcwebapps),LOW,"HAS_BRACKETS,WRONG_EXTRACTION",FLAGGED_FOR_REVIEW
28432803,Brachypodium-t-dna-collection,JGI,MEDIUM,WRONG_EXTRACTION,FIXED
29680449,Repository,DEB,MEDIUM,WRONG_EXTRACTION,FIXED
21292723,Alcoholandpregnancy,RE-AIM,MEDIUM,WRONG_EXTRACTION,FIXED
22114206,Database (helixweb),Database (helixweb),LOW,HAS_BRACKETS,FLAGGED_FOR_REVIEW
33455583,BRC,RIKEN,MEDIUM,WRONG_EXTRACTION,FIXED
34078215,EMBASE,COVID-19,MEDIUM,WRONG_EXTRACTION,FIXED
32308920,Vcfclin,VMC,MEDIUM,WRONG_EXTRACTION,FIXED
22161327,Yeastgfp,GFP,MEDIUM,WRONG_EXTRACTION,FIXED
32189629,Rare-book-collection,NYU,MEDIUM,WRONG_EXTRACTION,FIXED
26234511,TargetPred,AIMS,MEDIUM,WRONG_EXTRACTION,FIXED
32266012,Repeatbrowser,UCSC,MEDIUM,WRONG_EXTRACTION,FIXED
34724898,JBrowse-1.16.5,BAC,MEDIUM,WRONG_EXTRACTION,FIXED
29092956,Personalizedcancertherapy,Personalizedcancertherapy,LOW,WRONG_EXTRACTION,FLAGGED_FOR_REVIEW
33683565,Healthy-worm-database,Healthy-worm-database,LOW,WRONG_EXTRACTION,FLAGGED_FOR_REVIEW
