pmid,title,has_url,is_bioresource,reason,is_false_positive,confidence,reason,consol_agent_agree,consol_is_fp,consol_reason
"30926570, 31294057",Genome Annotator Light (GAL): A Docker-based package for genome analysis and visualization.,True,,,Y,high,Title indicates software package for analysis; not a data repository.,N,N,Has URL and no strong FP indicators
"33599248, 34561023",bc-GenExMiner 4.5: new mining module computes breast cancer differential gene expression analyses.,True,,,Y,medium,Title emphasizes 'mining module computes' suggesting analysis tool; however may contain curated data.,N,N,Has URL and no strong FP indicators
"22385986, 22385986",CpGPAP: CpG island predictor analysis platform.,True,,,Y,high,Title indicates analysis platform/tool for prediction; not a data repository.,N,N,Has URL and no strong FP indicators
"29236971, 29718468",New algorithms to represent complex pseudoknotted RNA structures in dot-bracket notation.,True,,,Y,medium,Title emphasizes 'algorithms to represent'; methodology focus; URL suggests tool.,N,N,Has URL and no strong FP indicators
"21276275, 24532766",MEMOSys: Bioinformatics platform for genome-scale metabolic models.,True,,,Y,medium,Title indicates platform for metabolic modeling; more tool than data repository.,N,N,Has URL and no strong FP indicators
"21471015, 21471015",DIME: R-package for identifying differential ChIP-seq based on an ensemble of mixture models.,True,,,Y,high,Title indicates R-package for analysis; software tool not data repository.,N,N,Has URL and no strong FP indicators
"31598630, 31598630",Learning from the ligand: using ligand-based features to improve binding affinity prediction.,True,,,Y,high,Title indicates methodology for prediction; not a data repository.,N,N,Has URL and no strong FP indicators
23530693,A systematic comparison of the MetaCyc and KEGG pathway databases.,False,,,Y,high,Title describes comparison of databases; not a database itself; no URL.,N,N,Title contains database/resource keyword indicating data collection
21269480,Searching the protein structure database for ligand-binding site similarities using CPASS v.2.,True,,,Y,medium,Title emphasizes 'searching' tool CPASS; likely both database and tool.,N,N,Title contains database/resource keyword indicating data collection
30105017,ASAP - A Webserver for Immunoglobulin-Sequencing Analysis Pipeline.,True,,,Y,medium,Title indicates web server for analysis pipeline; may have database backend.,N,N,Has URL and no strong FP indicators
"23586463, 27141961",Enrichr: interactive and collaborative HTML5 gene list enrichment analysis tool.,True,,,Y,medium,Title indicates analysis tool; however has database of gene sets.,N,N,Has URL and no strong FP indicators
23039964,GeneFriends: an online co-expression analysis tool to identify novel gene targets for aging and complex diseases.,True,Y,,Y,medium,Title indicates 'analysis tool'; however GeneFriends contains curated coexpression data.,N,N,Has URL and no strong FP indicators
22701464,"pep2pro: the high-throughput proteomics data processing, analysis, and visualization tool.",True,,,Y,high,Title indicates data processing/analysis tool; not a data repository.,N,N,Has URL and no strong FP indicators
33794052,"Building Protein-Protein and Protein-Glycosaminoglycan Interaction Networks Using MatrixDB, the Extracellular Matrix Interaction Database.",False,,,Y,medium,Title describes using MatrixDB; tutorial/methods not database paper; no URL.,N,N,Title contains database/resource keyword indicating data collection
31033953,Mass Spectrometry-Based Proteomics Analyses Using the OpenProt Database to Unveil Novel Proteins Translated from Non-Canonical Open Reading Frames.,False,,,Y,medium,Title describes using OpenProt database for analysis; methods paper not database; no URL.,N,N,Title contains database/resource keyword indicating data collection
23875683,Cloud-based uniform ChIP-Seq processing tools for modENCODE and ENCODE.,True,,,Y,medium,Title indicates processing tools; provides access to ENCODE data.,N,N,Has URL and no strong FP indicators
32191543,CIViCpy: A Python Software Development and Analysis Toolkit for the CIViC Knowledgebase.,False,,,Y,medium,Title describes Python toolkit/software for accessing database; not database itself; no URL.,N,N,Title contains database/resource keyword indicating data collection
34619810,Using ConSurf to Detect Functionally Important Regions in RNA.,True,,,Y,medium,Title describes using tool ConSurf; methods/tutorial not database paper.,N,N,Has URL and no strong FP indicators
33045741,LncSEA: a platform for long non-coding RNA related sets and enrichment analysis.,True,Y,,Y,medium,Methodology/tool paper despite having URL,N,N,Has URL and no strong FP indicators
24712981,SFGD: a comprehensive platform for mining functional information from soybean transcriptome data and its use in identifying acyl-lipid metabolism pathways.,True,Y,,Y,medium,Methodology/tool paper despite having URL,N,N,Has URL and no strong FP indicators
24525374,lncRNAMap: a map of putative regulatory functions in the long non-coding transcriptome.,True,Y,map,Y,low,Unclear from title but likely not a primary data resource,N,N,Has URL and no strong FP indicators
27242503,Building the Ferretome.,True,Y,,Y,low,Unclear from title but likely not a primary data resource,N,N,Has URL and no strong FP indicators
22427539,The SMART Platform: early experience enabling substitutable applications for electronic health records.,True,Y,,Y,low,Unclear from title but likely not a primary data resource,N,N,Has URL and no strong FP indicators
28053162,POSTAR: a platform for exploring post-transcriptional regulation coordinated by RNA-binding proteins.,True,Y,,Y,medium,Methodology/tool paper despite having URL,N,N,Has URL and no strong FP indicators
"27797767, 30598108",miRNAmeConverter: an R/bioconductor package for translating mature miRNA names to different miRBase versions.,True,,,Y,medium,Methodology/tool paper despite having URL,N,N,Title contains database/resource keyword indicating data collection
23071556,MK4MDD: a multi-level knowledge base and analysis platform for major depressive disorder.,True,Y,knowledge base,Y,medium,Methodology/tool paper despite having URL,N,N,Title contains database/resource keyword indicating data collection
31797632,PGxMine: Text mining for curation of PharmGKB.,True,,,Y,low,Unclear from title but likely not a primary data resource,N,N,Has URL and no strong FP indicators
27102089,Gene-set activity toolbox (GAT): A platform for microarray-based cancer diagnosis using an integrative gene-set analysis approach.,True,,,Y,medium,Methodology/tool paper despite having URL,N,N,Has URL and no strong FP indicators
33471060,Cellinker: a platform of ligand-receptor interactions for intercellular communication analysis.,True,,,Y,low,Unclear from title but likely not a primary data resource,N,N,Has URL and no strong FP indicators
23110173,"SEED servers: high-performance access to the SEED genomes, annotations, and metabolic models.",True,,,Y,low,Unclear from title but likely not a primary data resource,N,N,Has URL and no strong FP indicators
"23180763, 25392407, 31740968",The Standard European Vector Architecture (SEVA): a coherent platform for the analysis and deployment of complex prokaryotic phenotypes.,True,,,Y,medium,Methodology/tool paper despite having URL,N,N,Has URL and no strong FP indicators
32777640,"MiDAS 3: An ecosystem-specific reference database, taxonomy and knowledge platform for activated sludge and anaerobic digesters reveals species-level microbiome composition of activated sludge.",False,Y,reference database,Y,medium,Contains database keyword but also methodology pattern and no URL,N,N,Title contains database/resource keyword indicating data collection
"29077811, 29145629, 29186351, 31691815, 31802127, 32486891",Reactome enhanced pathway visualization.,True,,,Y,low,Unclear from title but likely not a primary data resource,N,N,Has URL and no strong FP indicators
32392296,CoCoCoNet: conserved and comparative co-expression across a diverse set of species.,True,Y,,Y,low,Unclear from title but likely not a primary data resource,N,N,Has URL and no strong FP indicators
24234447,UniCarbKB: building a knowledge platform for glycoproteomics.,True,Y,knowledge platform,Y,medium,Methodology/tool paper despite having URL,N,N,Has URL and no strong FP indicators
29040563,Ten years of CAZypedia: a living encyclopedia of carbohydrate-active enzymes.,True,Y,encyclopedia,Y,low,Unclear from title but likely not a primary data resource,N,N,Has URL and no strong FP indicators
31602478,PmiREN: a comprehensive encyclopedia of plant miRNAs.,True,Y,encyclopedia,Y,low,Unclear from title but likely not a primary data resource,N,N,Has URL and no strong FP indicators
31809863,PsyMuKB: An Integrative De Novo Variant Knowledge Base for Developmental Disorders.,True,Y,knowledge base,Y,low,Unclear from title but likely not a primary data resource,N,N,Title contains database/resource keyword indicating data collection
26208906,TANRIC: An Interactive Open Platform to Explore the Function of lncRNAs in Cancer.,True,Y,,Y,low,Unclear from title but likely not a primary data resource,N,N,Has URL and no strong FP indicators
"28150246, 29145615",iPTMnet: Integrative Bioinformatics for Studying PTM Networks.,True,,,Y,low,Unclear from title but likely not a primary data resource,N,N,Has URL and no strong FP indicators
26476450,PlantPAN 2.0: an update of plant promoter analysis navigator for reconstructing transcriptional regulatory networks in plants.,True,Y,,Y,low,Unclear from title but likely not a primary data resource,N,N,Has URL and no strong FP indicators
28327601,BCIP: a gene-centered platform for identifying potential regulatory genes in breast cancer.,True,,,Y,medium,Methodology/tool paper despite having URL,N,N,Has URL and no strong FP indicators
28890946,OncoKB: A Precision Oncology Knowledge Base.,True,Y,knowledge base,Y,low,Unclear from title but likely not a primary data resource,N,N,Has URL and no strong FP indicators
28967693,HUMA: A platform for the analysis of genetic variation in humans.,True,,,Y,medium,Methodology/tool paper despite having URL,N,N,Has URL and no strong FP indicators
31171447,"SynGO: An Evidence-Based, Expert-Curated Knowledge Base for the Synapse.",True,Y,knowledge base,Y,low,Unclear from title but likely not a primary data resource,N,N,Title contains database/resource keyword indicating data collection
29106599,ASpedia: a comprehensive encyclopedia of human alternative splicing.,True,Y,encyclopedia,Y,low,Unclear from title but likely not a primary data resource,N,N,Has URL and no strong FP indicators
31640730,NARD: whole-genome reference panel of 1779 Northeast Asians improves imputation accuracy of rare and low-frequency variants.,True,Y,,Y,low,Unclear from title but likely not a primary data resource,N,N,Has URL and no strong FP indicators
24994456,BorreliaBase: a phylogeny-centered browser of Borrelia genomes.,True,Y,,Y,low,Unclear from title but likely not a primary data resource,N,N,Title contains database/resource keyword indicating data collection
33849445,TANTIGEN 2.0: a knowledge base of tumor T cell antigens and epitopes.,True,Y,,Y,low,Unclear from title but likely not a primary data resource,N,N,Title contains database/resource keyword indicating data collection
22397531,AtPAN: an integrated system for reconstructing transcriptional regulatory networks in Arabidopsis thaliana.,True,,,Y,low,Unclear from title but likely not a primary data resource,N,N,Has URL and no strong FP indicators
25982315,GraP: platform for functional genomics analysis of Gossypium raimondii.,True,,,Y,medium,Methodology/tool paper despite having URL,N,N,Has URL and no strong FP indicators
31648227,MANET 3.0: Hierarchy and modularity in evolving metabolic networks.,True,,,Y,low,Unclear from title but likely not a primary data resource,N,N,Has URL and no strong FP indicators
22086948,MetaCrop 2.0: managing and exploring information about crop plant metabolism.,True,Y,information,Y,low,Unclear from title but likely not a primary data resource,N,N,Has URL and no strong FP indicators
"29069501, 33179747",jMorp: Japanese Multi Omics Reference Panel.,True,Y,reference panel,Y,low,Unclear from title but likely not a primary data resource,N,N,Has URL and no strong FP indicators
23203890,OrysPSSP: a comparative platform for small secreted proteins from rice and other plants.,True,Y,,Y,medium,Methodology/tool paper despite having URL,N,N,Has URL and no strong FP indicators
"24297252, 26582926, 30418610",eggNOG v4.0: nested orthology inference across 3686 organisms.,True,Y,,Y,low,Unclear from title but likely not a primary data resource,N,N,Has URL and no strong FP indicators
27940610,RPAN: rice pan-genome browser for ∼3000 rice genomes.,True,Y,,Y,low,Unclear from title but likely not a primary data resource,N,N,Has URL and no strong FP indicators
"27076336, 30887928",A Cohesive and Integrated Platform for Immunogenicity Prediction.,True,,,Y,medium,Methodology/tool paper despite having URL,N,N,Has URL and no strong FP indicators
24001185,inTB - a data integration platform for molecular and clinical epidemiological analysis of tuberculosis.,True,Y,,Y,medium,Methodology/tool paper despite having URL,N,N,Has URL and no strong FP indicators
30365026,Victors: a web-based knowledge base of virulence factors in human and animal pathogens.,True,Y,knowledge base,Y,low,Unclear from title but likely not a primary data resource,N,N,Title contains database/resource keyword indicating data collection
24143170,Can inferred provenance and its visualisation be used to detect erroneous annotation? A case study using UniProtKB.,True,,,Y,high,Title focuses on methodology ('can...be used to detect'); case study paper,N,N,Has URL and no strong FP indicators
33449976,rfaRm: An R client-side interface to facilitate the analysis of the Rfam database of RNA families.,False,,,Y,high,Title describes client interface/tool not the database itself; no URL,N,N,Title contains database/resource keyword indicating data collection
22543366,DAVID-WS: a stateful web service to facilitate gene/protein list analysis.,True,,,Y,medium,Title emphasizes 'web service' for analysis not data storage,N,N,Has URL and no strong FP indicators
30235322,GC4S: A bioinformatics-oriented Java software library of reusable graphical user interface components.,True,,,Y,high,Title describes software library not a data resource; focuses on GUI components,N,N,Has URL and no strong FP indicators
29220476,"eGenPub, a text mining system for extending computationally mapped bibliography for UniProt Knowledgebase by capturing centrality.",False,,,Y,high,Title describes 'text mining system' for methodology; no URL,N,N,Title contains database/resource keyword indicating data collection
22753780,AutoBind: automatic extraction of protein-ligand-binding affinity data from biological literature.,True,,,Y,medium,Title emphasizes 'automatic extraction' methodology but has URL suggesting possible database,N,N,Has URL and no strong FP indicators
25326082,"A PDB-wide, evolution-based assessment of protein-protein interfaces.",True,,,Y,medium,Title describes assessment/analysis study not primary resource,N,N,Title contains database/resource keyword indicating data collection
25592564,Cell Index Database (CELLX): a web tool for cancer precision medicine.,False,Y,database,Y,high,Title emphasizes 'tool for' indicating methodology; no URL,N,N,Database keyword present despite lacking URL
25098641,Development of a Smartphone App for a Genetics Website: The Amyotrophic Lateral Sclerosis Online Genetics Database (ALSoD).,False,Y,database,Y,high,Title focuses on 'Development of' app/tool not database itself; no URL,N,N,Title contains database/resource keyword indicating data collection
29892514,Chemical curation to improve data accuracy: recent development of the 3DMET database.,False,,,Y,high,Title focuses on methodology ('curation to improve') not resource description; no URL,N,N,Title contains database/resource keyword indicating data collection
26519408,User Guidelines for the Brassica Database: BRAD.,False,,,Y,high,Title describes 'User Guidelines for' database not database itself; no URL,N,N,Title contains database/resource keyword indicating data collection
27634949,"Verdant: automated annotation, alignment and phylogenetic analysis of whole chloroplast genomes.",True,,,Y,medium,Title emphasizes automated analysis methods though has URL,N,N,Has URL and no strong FP indicators
32810730,Chemical space and diversity of seaweed metabolite database (SWMD): A cheminformatics study.,False,,,Y,medium,Study of a database rather than the database itself; lacks URL,N,N,Title contains database/resource keyword indicating data collection
21554709,PeakRanger: a cloud-enabled peak caller for ChIP-seq data.,True,,,Y,high,Title describes peak caller (methodology tool) not a data resource,N,N,Has URL and no strong FP indicators
34930224,cbpManager: a web application to streamline the integration of clinical and genomic data in cBioPortal to support the Molecular Tumor Board.,True,,,Y,medium,Title describes web application for data integration (tool) not a data resource,N,N,Has URL and no strong FP indicators
31805986,The SMART App: an interactive web application for comprehensive DNA methylation analysis and visualization.,True,,,Y,high,Title describes app/application for analysis and visualization (tool),N,N,Has URL and no strong FP indicators
29168245,Homology-based hydrogen bond information improves crystallographic structures in the PDB.,True,,,Y,medium,Title describes method for improving structures not a standalone database,N,N,Title contains database/resource keyword indicating data collection
28460117,Fast Genome-Wide Functional Annotation through Orthology Assignment by eggNOG-Mapper.,True,,,Y,high,Title describes annotation method/tool ('through' pattern),N,N,Has URL and no strong FP indicators
24779372,Applying genome-wide gene-based expression quantitative trait locus mapping to study population ancestry and pharmacogenetics.,True,,,Y,high,Title describes applying mapping methodology (analysis paper),N,N,Has URL and no strong FP indicators
26758513,CANEapp: a user-friendly application for automated next generation transcriptomic data analysis.,True,,,Y,high,Title describes application for data analysis (tool),N,N,Has URL and no strong FP indicators
26051695,ComiRNet: a web-based system for the analysis of miRNA-gene regulatory networks.,True,,,Y,high,Title describes system for analysis (tool) not a data resource,N,N,Has URL and no strong FP indicators
32315389,HotSpot3D web server: an integrated resource for mutation analysis in protein 3D structures.,True,,,Y,medium,Web server for analysis suggests tool though also resource,N,N,Has URL and no strong FP indicators
31504194,dbgap2x: an R package to explore and extract data from the database of Genotypes and Phenotypes (dbGaP).,True,,,Y,high,R package is software tool to access external database,N,N,Title contains database/resource keyword indicating data collection
25706687,PathVisio 3: an extendable pathway analysis toolbox.,True,,,Y,high,Title describes analysis toolbox (software tool),N,N,Has URL and no strong FP indicators
23630576,CMS: a web-based system for visualization and analysis of genome-wide methylation data of human cancers.,True,,,Y,medium,System for visualization and analysis suggests tool,N,N,Has URL and no strong FP indicators
24912499,REGNET: mining context-specific human transcription networks using composite genomic information.,True,,,Y,medium,Mining networks using information suggests analysis tool,N,N,Has URL and no strong FP indicators
27336457,Using the Semantic Web for Rapid Integration of WikiPathways with Other Biological Online Data Resources.,True,,,Y,high,Title describes integration method not a standalone database,N,N,Has URL and no strong FP indicators
23407358,GROMACS 4.5: a high-throughput and highly parallel open source molecular simulation toolkit.,True,,,Y,high,Title describes simulation toolkit (software tool),N,N,Has URL and no strong FP indicators
"29912385, 29967752",Metaxa2 Database Builder: enabling taxonomic identification from metagenomic or metabarcoding data using any genetic marker.,True,Y,,Y,high,Database Builder is tool for building databases not a database itself,N,N,Title contains database/resource keyword indicating data collection
33655207,TMSNP: a web server to predict pathogenesis of missense mutations in the transmembrane region of membrane proteins.,True,,,Y,high,Web server to predict suggests analysis tool,N,N,Has URL and no strong FP indicators
21337704,GPDE: A biological proteomic database for biomarker discovery and evaluation.,False,Y,,Y,high,Title explicitly contains 'database' but lacks URL which is suspicious,N,N,Title contains database/resource keyword indicating data collection
28438579,The BRENDA enzyme information system-From a database to an expert system.,False,Y,,Y,high,Describes evolution from database to expert system; lacks URL,N,N,Title contains database/resource keyword indicating data collection
30759968,CDRgator: An Integrative Navigator of Cancer Drug Resistance Gene Signatures.,True,,,Y,medium,Navigator suggests analysis tool though may include data,N,N,Has URL and no strong FP indicators
26980514,Effect of database drift on network topology and enrichment analyses: a case study for RegulonDB.,True,,,Y,high,Study analyzing database drift not the database itself,N,N,Title contains database/resource keyword indicating data collection
27551106,PPI4DOCK: large scale assessment of the use of homology models in free docking over more than 1000 realistic targets.,True,,,Y,medium,Title emphasizes assessment/benchmarking rather than data repository focus.,N,N,Has URL and no strong FP indicators
22115179,iRefR: an R package to manipulate the iRefIndex consolidated protein interaction database.,False,,,Y,high,Title describes R package/software tool not a database itself.,N,N,Title contains database/resource keyword indicating data collection
28704821,Application of the DruGeVar Database in Cancer Genomics and Pharmacogenomics.,False,,,Y,high,Title describes application/use of a database not the database itself.,N,N,Title contains database/resource keyword indicating data collection
34147079,ORFik: a comprehensive R toolkit for the analysis of translation.,True,,,Y,high,Title describes an R toolkit/software for analysis not a data resource.,N,N,Has URL and no strong FP indicators
31337975,SAROTUP: a suite of tools for finding potential target-unrelated peptides from phage display data.,True,,,Y,medium,Title emphasizes 'suite of tools' suggesting methodology focus.,N,N,Has URL and no strong FP indicators
29956270,Data Mining: Applying the AD&FTD Mutation Database to Progranulin.,True,,,Y,medium,Title emphasizes data mining application rather than database itself.,N,N,Title contains database/resource keyword indicating data collection
30185512,TaxAss: Leveraging a Custom Freshwater Database Achieves Fine-Scale Taxonomic Resolution.,False,,,Y,high,Title emphasizes methodology for achieving resolution not the database itself.,N,N,Title contains database/resource keyword indicating data collection
26016777,SeqGL Identifies Context-Dependent Binding Signals in Genome-Wide Regulatory Element Maps.,True,,,Y,medium,Title emphasizes identification methodology though includes data component.,N,N,Has URL and no strong FP indicators
26635364,Wasabi: An Integrated Platform for Evolutionary Sequence Analysis and Data Visualization.,True,Y,,Y,medium,Title emphasizes platform for analysis/visualization though includes data component.,N,N,Has URL and no strong FP indicators
32596782,The Human Gene Mutation Database (HGMD<sup>®</sup>): optimizing its use in a clinical diagnostic or research setting.,False,Y,,Y,medium,Title emphasizes optimizing use of database not the database itself.,N,N,Title contains database/resource keyword indicating data collection
34195963,Constructing CircRNA-miRNA-mRNA Regulatory Networks by Using GreenCircRNA Database.,False,,,Y,high,Title emphasizes constructing networks using a database not the database itself.,N,N,Title contains database/resource keyword indicating data collection
28797229,"ODG: Omics database generator - a tool for generating, querying, and analyzing multi-omics comparative databases to facilitate biological understanding.",False,,,Y,high,Title describes a tool for generating databases not a database itself.,N,N,Database keyword present despite lacking URL
32367111,UPCLASS: a deep learning-based classifier for UniProtKB entry publications.,True,,,Y,high,Title describes a classifier tool not a data repository.,N,N,Has URL and no strong FP indicators
27503226,shinyGEO: a web-based application for analyzing gene expression omnibus datasets.,True,,,Y,high,Title describes an application for analyzing data not a data repository.,N,N,Has URL and no strong FP indicators
27153614,Rail-dbGaP: analyzing dbGaP-protected data in the cloud with Amazon Elastic MapReduce.,True,,,Y,high,Title describes a tool for analyzing data not a data repository.,N,N,Title contains database/resource keyword indicating data collection
29854170,Initializing and Growing a Database of Health Information Technology (HIT) Events by Using TF-IDF and Biterm Topic Modeling.,False,,,Y,medium,Title emphasizes methodology for building database not the database itself.,N,N,Title contains database/resource keyword indicating data collection
27716338,Rational design of cancer gene panels with OncoPaD.,True,,,Y,medium,Title emphasizes design methodology though includes database component.,N,N,Has URL and no strong FP indicators
34188160,NOD: a web server to predict New use of Old Drugs to facilitate drug repurposing.,True,,,Y,medium,Title describes a prediction server/tool though may include data.,N,N,Has URL and no strong FP indicators
29472600,PANDA: Protein function prediction using domain architecture and affinity propagation.,True,,,Y,high,Title emphasizes prediction methodology not a data repository.,N,N,Has URL and no strong FP indicators
30305653,GOGO: An improved algorithm to measure the semantic similarity between gene ontology terms.,True,,,Y,high,Title describes an algorithm for measurement not a data repository.,N,N,Has URL and no strong FP indicators
34714871,SpeCollate: Deep cross-modal similarity network for mass spectrometry data based peptide deductions.,True,,,Y,medium,Title emphasizes similarity network/method though includes data.,N,N,Has URL and no strong FP indicators
29309429,ShinyGPA: An interactive visualization toolkit for investigating pleiotropic architecture using GWAS datasets.,True,,,Y,high,Title describes a visualization toolkit not a data repository.,N,N,Has URL and no strong FP indicators
30541431,VarGenius executes cohort-level DNA-seq variant calling and annotation and allows to manage the resulting data through a PostgreSQL database.,False,,,Y,medium,Title emphasizes variant calling tool not the database itself.,N,N,Title contains database/resource keyword indicating data collection
31666118,pTuneos: prioritizing tumor neoantigens from next-generation sequencing data.,True,,,Y,high,Title emphasizes prioritization methodology not a data repository.,N,N,Has URL and no strong FP indicators
22125387,DiseaseComps: a metric that discovers similar diseases based upon common toxicogenomic profiles at CTD.,True,,,Y,medium,Title emphasizes discovery metric though uses database.,N,N,Has URL and no strong FP indicators
31664892,RACS: rapid analysis of ChIP-Seq data for contig based genomes.,True,,,Y,high,Title emphasizes analysis methodology not a data repository.,N,N,Has URL and no strong FP indicators
34194678,WADDAICA: A webserver for aiding protein drug design by artificial intelligence and classical algorithm.,True,Y,,Y,high,Title describes a webserver tool for drug design not a data repository.,N,N,Has URL and no strong FP indicators
29762724,"AAI-profiler: fast proteome-wide exploratory analysis reveals taxonomic identity, misclassification and contamination.",True,,,Y,high,Title describes an analysis tool not a data repository.,N,N,Has URL and no strong FP indicators
28274758,GFD-Net: A novel semantic similarity methodology for the analysis of gene networks.,True,,,Y,medium,Title emphasizes methodology though includes network data component.,N,N,Has URL and no strong FP indicators
22913485,NetiNeti: discovery of scientific names from text using machine learning methods.,True,,,Y,high,Title describes a discovery tool using ML not a data repository.,N,N,Has URL and no strong FP indicators
22761559,ProteinHistorian: tools for the comparative analysis of eukaryote protein origin.,True,,,Y,medium,Title emphasizes tools for analysis though includes data component.,N,N,Has URL and no strong FP indicators
27473391,TopoICSim: a new semantic similarity measure based on gene ontology.,True,,,Y,high,Title describes a similarity measure/algorithm not a data repository.,N,N,Has URL and no strong FP indicators
29390042,"JABAWS 2.2 distributed web services for Bioinformatics: protein disorder, conservation and RNA secondary structure.",True,,,Y,medium,Title describes web services for analysis not a data repository.,N,N,Has URL and no strong FP indicators
30814982,Vgas: A Viral Genome Annotation System.,True,,,Y,high,Title describes an annotation system/tool not a data repository.,N,N,Has URL and no strong FP indicators
29762782,MetaboAnalyst 4.0: towards more transparent and integrative metabolomics analysis.,True,,,Y,medium,Title emphasizes analysis platform though includes data component.,N,N,Has URL and no strong FP indicators
31427293,Validating the AMRFinder Tool and Resistance Gene Database by Using Antimicrobial Resistance Genotype-Phenotype Correlations in a Collection of Isolates.,False,,,Y,high,Title emphasizes validation of a tool not the database itself.,N,N,Title contains database/resource keyword indicating data collection
25541727,ReNE: a cytoscape plugin for regulatory network enhancement.,True,,,Y,high,Title describes a plugin/tool for network analysis not a data repository.,N,N,Has URL and no strong FP indicators
31796060,Text-mining clinically relevant cancer biomarkers for curation into the CIViC database.,True,,,Y,medium,Title emphasizes text-mining methodology not the database itself.,N,N,Title contains database/resource keyword indicating data collection
"30668479, 33410688",TargetDBP: Accurate DNA-Binding Protein Prediction Via Sequence-Based Multi-View Feature Learning.,True,,,Y,high,Title emphasizes prediction methodology not a data repository.,N,N,Has URL and no strong FP indicators
27170236,Advancing Exposure Science through Chemical Data Curation and Integration in the Comparative Toxicogenomics Database.,False,,,Y,medium,Title emphasizes data curation advancement not the database itself.,N,N,Title contains database/resource keyword indicating data collection
28338930,EXPath tool-a system for comprehensively analyzing regulatory pathways and coexpression networks from high-throughput transcriptome data.,True,,,Y,medium,Title emphasizes analysis tool though includes pathway data.,N,N,Has URL and no strong FP indicators
30423080,DREAM-Yara: an exact read mapper for very large databases with short update time.,False,,,Y,high,Title describes a read mapper tool not a data repository itself.,N,N,Title contains database/resource keyword indicating data collection
32522662,NeuroPycon: An open-source python toolbox for fast multi-modal and reproducible brain connectivity pipelines.,True,,,Y,high,Title describes a toolbox for analysis pipelines not a data repository.,N,N,Has URL and no strong FP indicators
30843052,PhenoPro: a novel toolkit for assisting in the diagnosis of Mendelian disease.,True,,,Y,medium,Title describes a toolkit for diagnosis not primarily a data repository.,N,N,Has URL and no strong FP indicators
20857233,BrainKnowledge: a human brain function mapping knowledge-base system.,False,Y,,Y,medium,Title describes a knowledge-base system for mapping not primarily a data repository.,N,N,Title contains database/resource keyword indicating data collection
23116482,CooVar: co-occurring variant analyzer.,True,,,Y,high,Title describes an analyzer tool not a data repository.,N,N,Has URL and no strong FP indicators
22368248,Unipro UGENE: a unified bioinformatics toolkit.,True,,,Y,medium,Title describes a toolkit not primarily a data repository.,N,N,Has URL and no strong FP indicators
22230096,ProFASTA: a pipeline web server for fungal protein scanning with integration of cell surface prediction software.,True,,,Y,medium,Title emphasizes pipeline/scanning tool though includes data component.,N,N,Has URL and no strong FP indicators
"28431131, 31612957",DNAproDB: an interactive tool for structural analysis of DNA-protein complexes.,True,,,N,medium,Title contains database suffix 'DB' but also mentions 'tool for'; database nature indicated by naming.,N,Y,"Title contains methodology pattern ('tool for', 'method for', etc.)"
"30265627, 33313778",VIPERdb: A Tool for Virus Research.,True,Y,DB in name,N,high,Title contains 'db' (database) in name.,N,Y,"Title contains methodology pattern ('tool for', 'method for', etc.)"
"24112409, 30371820",Towards a unified paradigm for sequence-based identification of fungi.,True,,,N,high,UNITE is a fungal database repository.,N,Y,"Title contains methodology pattern ('tool for', 'method for', etc.)"
"27153631, 29186503",MINTbase: a framework for the interactive exploration of mitochondrial and nuclear tRNA fragments.,True,Y,,N,high,Title contains 'base' (database) and describes data exploration.,N,Y,Methodology focus despite database component
"23220694, 26519402",The plant ontology as a tool for comparative plant anatomy and genomic analyses.,True,,,N,medium,Plant Ontology is a data resource; 'as a tool' suggests application.,N,Y,"Title contains methodology pattern ('tool for', 'method for', etc.)"
"24574175, 25159016, 26227301, 25407602, 26351202",Label-free LC-MS/MS identification of phosphatidylglycerol-regulated proteins in Synechocystis sp. PCC6803.,True,,,N,medium,Describes proteomics data in ProteomeXchange repository.,N,Y,"Title contains methodology pattern ('tool for', 'method for', etc.)"
"23088274, 26268340",Computational tools and resources for metabolism-related property predictions. 2. Application to prediction of half-life time in human liver microsomes.,True,,,N,medium,Title contains 'resources'; provides metabolism data.,N,Y,"Title contains methodology pattern ('tool for', 'method for', etc.)"
30841849,"mGAP: the macaque genotype and phenotype resource, a framework for accessing and interpreting macaque variant data, and identifying new models of human disease.",True,Y,,N,high,Title explicitly contains 'resource'.,N,Y,"Title contains methodology pattern ('tool for', 'method for', etc.)"
30152809,FungiDB: An Integrated Bioinformatic Resource for Fungi and Oomycetes.,False,Y,DB in name,N,medium,Title contains 'DB' and 'Resource' but no URL; FungiDB is established database.,N,Y,No URL provided - strong false positive indicator
33685383,lncRNADetector: a bioinformatics pipeline for long non-coding RNA identification and MAPslnc: a repository of medicinal and aromatic plant lncRNAs.,True,,,N,high,Contains database/repository keyword indicating data resource,N,Y,Methodology focus despite database component
29761470,Navigating the i5k Workspace@NAL: A Resource for Arthropod Genomes.,False,,,N,high,Contains database/repository keyword indicating data resource,N,Y,No URL provided - strong false positive indicator
24441647,"An Overview of the Challenges in Designing, Integrating, and Delivering BARD: A Public Chemical-Biology Resource and Query Portal for Multiple Organizations, Locations, and Disciplines.",False,,,N,high,Contains database/repository keyword indicating data resource,N,Y,No URL provided - strong false positive indicator
26519404,Gramene: A Resource for Comparative Analysis of Plants Genomes and Pathways.,False,Y,,N,high,Contains database/repository keyword indicating data resource,N,Y,No URL provided - strong false positive indicator
"29301376, 34014674","SistematX, an Online Web-Based Cheminformatics Tool for Data Management of Secondary Metabolites.",True,Y,,N,medium,Tool for 'data management' suggests database component; has URL,N,Y,"Title contains methodology pattern ('tool for', 'method for', etc.)"
32542364,GTDB: an integrated resource for glycosyltransferase sequences and annotations.,False,Y,DB in name,N,medium,Title contains 'resource' and 'DB' suffix but lacks URL,N,Y,No URL provided - strong false positive indicator
23875173,MelanomaDB: A Web Tool for Integrative Analysis of Melanoma Genomic Information to Identify Disease-Associated Molecular Pathways.,True,Y,DB in name,N,high,Database indicated by 'DB' suffix; has URL,N,Y,"Title contains methodology pattern ('tool for', 'method for', etc.)"
23378291,"PhenoDB: a new web-based tool for the collection, storage, and analysis of phenotypic features.",True,Y,DB in name,N,high,Database indicated by 'DB' suffix; has URL,N,Y,"Title contains methodology pattern ('tool for', 'method for', etc.)"
23396300,pseudoMap: an innovative and comprehensive resource for identification of siRNA-mediated mechanisms in human transcribed pseudogenes.,True,Y,map and resource,N,high,Title contains 'resource' indicating data collection,N,Y,"Title contains methodology pattern ('tool for', 'method for', etc.)"
30335862,miRWalk: An online resource for prediction of microRNA binding sites.,True,,,N,high,Title contains 'resource' indicating data collection,N,Y,"Title contains methodology pattern ('tool for', 'method for', etc.)"
29036324,PancanQTL: systematic identification of cis-eQTLs and trans-eQTLs in 33 cancer types.,True,,,N,medium,Systematic identification suggests database resource with URL,N,Y,"Title contains methodology pattern ('tool for', 'method for', etc.)"
21729256,RASOnD-a comprehensive resource and search tool for RAS superfamily oncogenes from various species.,True,,,N,high,Title contains 'resource' indicating data collection,N,Y,"Title contains methodology pattern ('tool for', 'method for', etc.)"
23271954,Vesiclepedia: a compendium for extracellular vesicles with continuous community annotation.,False,,,N,medium,Title contains 'compendium' but lacks URL,N,Y,No URL provided - strong false positive indicator
"21976737, 27789697",Protein Data Bank Japan (PDBj): maintaining a structural data archive and resource description framework format.,True,Y,DB in name,N,high,Title contains 'archive' and 'resource' for structural data.,N,Y,Methodology focus despite database component
26201819,"The Arabidopsis information resource: Making and mining the ""gold standard"" annotated reference plant genome.",False,Y,resource,N,medium,Title describes an information resource for genome data.,N,Y,No URL provided - strong false positive indicator
34272855,The Progenetix oncogenomic resource in 2021.,False,Y,resource,N,high,Title describes an oncogenomic resource/database.,N,Y,No URL provided - strong false positive indicator
22292669,TranscriptomeBrowser 3.0: introducing a new compendium of molecular interactions and a new visualization tool for the study of gene regulatory networks.,True,,,N,high,Title describes a browser/compendium with curated interaction data.,N,Y,"Title contains methodology pattern ('tool for', 'method for', etc.)"
32477412,Expression Quantitative Trait Loci (eQTL) Mapping in Korean Patients With Crohn's Disease and Identification of Potential Causal Genes Through Integration With Disease Associations.,True,,,N,medium,Title describes eQTL mapping but includes database resource.,N,Y,"Title contains methodology pattern ('tool for', 'method for', etc.)"
28158179,TrypsNetDB: An integrated framework for the functional characterization of trypanosomatid proteins.,True,Y,DB in name,N,high,Title explicitly names a database framework.,N,Y,"Title contains methodology pattern ('tool for', 'method for', etc.)"
34669691,RefPlantNLR is a comprehensive collection of experimentally validated plant disease resistance proteins from the NLR family.,False,Y ,collection,N,high,Title describes a comprehensive collection/database.,N,Y,No URL provided - strong false positive indicator
25118648,PDB explorer -- a web based algorithm for protein annotation viewer and 3D visualization.,True,,,Y,high,Title indicates web-based tool for visualization; not a data repository.,Y,,
32395768,RESTful API for iPTMnet: a resource for protein post-translational modification network discovery.,False,Y,API,Y,medium,Title describes API for accessing database; no URL; focuses on interface not database itself.,Y,,
21507258,"PheMaDB: a solution for storage, retrieval, and analysis of high throughput phenotype data.",False,Y,DB in name,Y,medium,Title describes database solution but no URL; emphasis on storage/retrieval suggests infrastructure.,Y,,
21943338,"TIGER: Toolbox for integrating genome-scale metabolic models, expression data, and transcriptional regulatory networks.",False,,,Y,high,No URL provided - unlikely to be a data resource,Y,,
28850115,"RefEx, a reference gene expression dataset as a web tool for the functional analysis of genes.",True,,,Y,medium,Methodology/tool paper despite having URL,Y,,
28724888,CrossCheck: an open-source web tool for high-throughput screen data analysis.,True,,,Y,medium,Methodology/tool paper despite having URL,Y,,
27581336,IBIS: an OR ready open-source platform for image-guided neurosurgery.,False,,,Y,high,Methodology/tool paper with no URL,Y,,
26989148,Wikidata as a semantic framework for the Gene Wiki initiative.,True,,,Y,medium,Methodology/tool paper despite having URL,Y,,
31404401,miRDRN-miRNA disease regulatory network: a tool for exploring disease and tissue-specific microRNA regulatory networks.,True,,,Y,medium,Methodology/tool paper despite having URL,Y,,
22800758,"'MicroRNA Targets', a new AthaMap web-tool for genome-wide identification of miRNA targets in Arabidopsis thaliana.",True,,,Y,medium,Methodology/tool paper despite having URL,Y,,
33137193,"AcrHub: an integrative hub for investigating, predicting and mapping anti-CRISPR proteins.",True,Y,hub,Y,medium,Methodology/tool paper despite having URL,Y,,
24589857,iLIR: A web resource for prediction of Atg8-family interacting proteins.,False,Y ,resource,Y,medium,Contains database keyword but also methodology pattern and no URL,Y,,
25336620,The Biobanking Analysis Resource Catalogue (BARCdb): a new research tool for the analysis of biobank samples.,False,Y,DB in name,Y,medium,Contains database keyword but also methodology pattern and no URL,Y,,
24952385,ShrimpGPAT: a gene and protein annotation tool for knowledge sharing and gene discovery in shrimp.,True,,,Y,medium,Methodology/tool paper despite having URL,Y,,
"23599415, 24304896",Preliminary evaluation of the CellFinder literature curation pipeline for gene expression in kidney cells and anatomical parts.,True,,,Y,medium,Methodology/tool paper despite having URL,Y,,
21960044,Comparison of embryonic expression within multigene families using the FlyExpress discovery platform reveals more spatial than temporal divergence.,False,,,Y,high,Title describes analysis/comparison study; no URL confirms not a resource,Y,,
32228442,Transcriptome Ortholog Alignment Sequence Tools (TOAST) for phylogenomic dataset assembly.,False,,,Y,high,Title emphasizes 'Tools for' indicating methodology not data resource; no URL,Y,,
31583637,Explore Protein-Protein Interactions for Cancer Target Discovery Using the OncoPPi Portal.,False,,,Y,high,Title focuses on methodology ('Using') not resource description; no URL,Y,,
23657089,DDBJ read annotation pipeline: a cloud computing-based pipeline for high-throughput analysis of next-generation sequencing data.,True,,,Y,medium,Title emphasizes 'pipeline for' analysis but URL suggests data resource,Y,,
25069839,ELM: enhanced lowest common ancestor based method for detecting a pathogenic virus from a large sequence dataset.,True,,,Y,medium,Title emphasizes 'method for detecting' but has URL,Y,,
26800248,The Salmonella In Silico Typing Resource (SISTR): An Open Web-Accessible Tool for Rapidly Typing and Subtyping Draft Salmonella Genome Assemblies.,True,,,Y,medium,Title emphasizes 'Tool for' typing/subtyping but has URL and resource component,Y,,
21253599,PoPoolation: a toolbox for population genetic analysis of next generation sequencing data from pooled individuals.,False,,,Y,high,Title describes 'toolbox for' analysis not data resource; no URL,Y,,
28577791,PlanTEnrichment: A tool for enrichment analysis of transposable elements in plants.,True,,,Y,high,Title contains 'tool for' pattern indicating methodology tool,Y,,
21980353,pubmed2ensembl: a resource for mining the biological literature on genes.,False,,,Y,high,Describes mining tool and lacks URL indicating no hosted data,Y,,
22821489,SpectraBank: an open access tool for rapid microbial identification by MALDI-TOF MS fingerprinting.,True,,,Y,medium,Title contains 'tool for' pattern though 'Bank' suggests data storage,Y,,
33577575,MetNet: A two-level approach to reconstructing and comparing metabolic networks.,False,,,Y,high,Title describes approach/method and lacks URL,Y,,
21252074,PhyloPro: a web-based tool for the generation and visualization of phylogenetic profiles across Eukarya.,True,,,Y,high,Title contains 'tool for' pattern indicating methodology tool,Y,,
25735289,IBEX: an open infrastructure software platform to facilitate collaborative work in radiomics.,False,,,Y,high,Title describes software platform (tool) and lacks URL,Y,,
23092397,admetSAR: a comprehensive source and free tool for assessment of chemical ADMET properties.,True,,,Y,medium,Title contains 'tool for' pattern though also source of data,Y,,
25283306,IUTA: a tool for effectively detecting differential isoform usage from RNA-Seq data.,True,,,Y,high,Title contains 'tool for' pattern indicating methodology tool,Y,,
28499008,RiPPMiner: a bioinformatics resource for deciphering chemical structures of RiPPs based on prediction of cleavage and cross-links.,True,Y,resource,Y,medium,Miner suggests tool though also described as resource,Y,,
24150937,LoQAtE--Localization and Quantitation ATlas of the yeast proteomE. A new tool for multiparametric dissection of single-protein behavior in response to biological perturbations in yeast.,True,,,Y,medium,Title contains 'atlas' but also 'tool for' indicating dual nature; tool emphasis wins,Y,,
31847917,FIREVAT: finding reliable variants without artifacts in human cancer samples using etiologically relevant mutational signatures.,False,,,Y,high,Title describes finding variants using method and lacks URL (tool),Y,,
27209025,NemaCount: quantification of nematode chemotaxis behavior in a browser.,False,,,Y,high,Title describes quantification tool and lacks URL,Y,,
29954318,FamPlex: a resource for entity recognition and relationship resolution of human protein families and complexes in biomedical text mining.,False,,,Y,high,Title describes resource for text mining (tool) and lacks URL,Y,,
30854455,ePAD: An Image Annotation and Analysis Platform for Quantitative Imaging.,False,,,Y,high,Title describes platform for annotation and analysis (tool) and lacks URL,Y,,
22761802,SECOM: a novel hash seed and community detection based-approach for genome-scale protein domain identification.,True,,,Y,high,Title describes approach/method for identification,Y,,
"26139634, 27899584, 30398663",Functional classification of CATH superfamilies: a domain-based approach for protein function annotation.,True,,,Y,medium,Title describes approach for annotation (methodology),Y,,
23497159,Promzea: a pipeline for discovery of co-regulatory motifs in maize and other plant species and its application to the anthocyanin and phlobaphene biosynthetic pathways and the Maize Development Atlas.,True,,,Y,high,Title contains 'pipeline for' pattern indicating methodology tool,Y,,
26930599,RED: A Java-MySQL Software for Identifying and Visualizing RNA Editing Sites Using Rule-Based and Statistical Filters.,False,,,Y,high,Title describes software for identifying sites (tool) and lacks URL,Y,,
32778891,MolAICal: a soft tool for 3D drug design of protein targets by artificial intelligence and classical algorithm.,True,,,Y,high,Title describes tool for drug design using AI/algorithms,Y,,
34174938,"Advancing clinical genomics and precision medicine with GVViZ: FAIR bioinformatics platform for variable gene-disease annotation, visualization, and expression analysis.",False,,,Y,high,Title describes platform for annotation/visualization/analysis (tool) and lacks URL,Y,,
26298580,PPDB: A Tool for Investigation of Plants Physiology Based on Gene Ontology.,True,Y,DB in name,Y,medium,Title emphasizes 'tool for investigation' suggesting methodology focus.,Y,,
23162083,PTID: an integrated web resource and computational tool for agrochemical discovery.,True,Y,resource,Y,medium,Title emphasizes 'computational tool' suggesting methodology focus.,Y,,
34273949,ARPEGGIO: Automated Reproducible Polyploid EpiGenetic GuIdance workflOw.,False,,,Y,high,Title describes an automated workflow/pipeline not a data resource.,Y,,
33324449,Web-Based Genome Analysis of Bacterial Meningitis Pathogens for Public Health Applications Using the Bacterial Meningitis Genomic Analysis Platform (BMGAP).,False,,,Y,high,Title emphasizes analysis platform/tool rather than data repository.,Y,,
34521345,PathFams: statistical detection of pathogen-associated protein domains.,True,,,Y,medium,Title emphasizes 'detection' methodology suggesting analysis tool.,Y,,
30583062,RGAAT: A Reference-based Genome Assembly and Annotation Tool for New Genomes and Upgrade of Known Genomes.,False,,,Y,high,Title describes a tool for genome assembly/annotation not a data resource.,Y,,
25970601,"PAPST, a User Friendly and Powerful Java Platform for ChIP-Seq Peak Co-Localization Analysis and Beyond.",False,,,Y,high,Title describes an analysis platform/tool not a data repository.,Y,,
24666611,openBEB: open biological experiment browser for correlative measurements.,False,,,Y,high,Title describes a browser/tool for viewing data not a data repository.,Y,,
33067342,OpenPepXL: An Open-Source Tool for Sensitive Identification of Cross-Linked Peptides in XL-MS.,True,,,Y,high,Title describes a tool for identification/analysis not a data resource.,Y,,
33270643,SeqRepo: A system for managing local collections of biological sequences.,False,,,Y,high,Title describes a system/tool for managing data not a data repository itself.,Y,,
26042145,FAST: FAST Analysis of Sequences Toolbox.,False,,,Y,high,Title describes an analysis toolbox not a data repository.,Y,,
30535139,AStrap: identification of alternative splicing from transcript sequences without a reference genome.,False,,,Y,high,Title describes a tool for identification/analysis not a data resource.,Y,,
26678566,YAGM: a web tool for mining associated genes in yeast based on diverse biological associations.,True,,,Y,medium,Title emphasizes 'tool for mining' suggesting methodology focus.,Y,,
25993562,"RulNet: A Web-Oriented Platform for Regulatory Network Inference, Application to Wheat -Omics Data.",False,,,Y,high,Title describes a platform for network inference not a data repository.,Y,,
33381847,"MirCure: a tool for quality control, filter and curation of microRNAs of animals and plants.",True,,,Y,high,Title describes a tool for QC/filtering not a data repository.,Y,,
28152980,DMDtoolkit: a tool for visualizing the mutated dystrophin protein and predicting the clinical severity in DMD.,True,,,Y,medium,Title describes a tool for visualization/prediction not a data repository.,Y,,
32983048,KmerGO: A Tool to Identify Group-Specific Sequences With <i>k</i>-mers.,False,,,Y,high,Title describes a tool for identification not a data repository.,Y,,
34752463,QuickFigures: A toolkit and ImageJ PlugIn to quickly transform microscope images into scientific figures.,False,,,Y,high,Title describes a toolkit/plugin for image processing not a data resource.,Y,,
31074377,ODAE: Ontology-based systematic representation and analysis of drug adverse events and its usage in study of adverse events given different patient age and disease conditions.,False,,,Y,medium,Title emphasizes analysis methodology not the database itself.,Y,,
25114903,miRSeq: a user-friendly standalone toolkit for sequencing quality evaluation and miRNA profiling.,False,,,Y,high,Title describes a toolkit for analysis not a data repository.,Y,,
27955641,Microbial phenomics information extractor (MicroPIE): a natural language processing tool for the automated acquisition of prokaryotic phenotypic characters from text sources.,False,,,Y,high,Title describes a text mining tool not a data repository.,Y,,
30733714,"SqueezeMeta, A Highly Portable, Fully Automatic Metagenomic Analysis Pipeline.",False,,,Y,high,Title describes an analysis pipeline not a data repository.,Y,,
30131825,"MARVEL, a Tool for Prediction of Bacteriophage Sequences in Metagenomic Bins.",False,,,Y,high,Title describes a prediction tool not a data repository.,Y,,
26485569,MATtrack: A MATLAB-Based Quantitative Image Analysis Platform for Investigating Real-Time Photo-Converted Fluorescent Signals in Live Cells.,False,,,Y,high,Title describes an analysis platform/tool not a data repository.,Y,,
29414924,"VSpipe, an Integrated Resource for Virtual Screening and Hit Selection: Applications to Protein Tyrosine Phospahatase Inhibition.",False,,,Y,high,Title describes a pipeline for virtual screening not a data repository.,Y,,
34038408,PRER: A patient representation with pairwise relative expression of proteins on biological networks.,False,,,Y,high,Title describes a representation method not a data repository.,Y,,
26763976,FRAMA: from RNA-seq data to annotated mRNA assemblies.,False,,,Y,high,Title describes a pipeline/workflow not a data repository.,Y,,
25510498,"T-lex2: genotyping, frequency estimation and re-annotation of transposable elements using single or pooled next-generation sequencing data.",False,,,Y,high,Title describes a genotyping tool not a data repository.,Y,,
30678631,PaperBot: open-source web-based search and metadata organization of scientific literature.,False,,,Y,high,Title describes a search/organization tool not a data repository.,Y,,
32639154,DUBS: A Framework for Developing &lt;u&gt;D&lt;/u&gt;irectory of &lt;u&gt;U&lt;/u&gt;seful &lt;u&gt;B&lt;/u&gt;enchmarking &lt;u&gt;S&lt;/u&gt;ets for Virtual Screening.,False,,,Y,high,Title describes a framework for developing benchmarking sets not a database itself.,Y,,
33610654,CorRelator: Interactive software for real-time high precision cryo-correlative light and electron microscopy.,False,,,Y,high,Title describes software for microscopy not a data repository.,Y,,
33372147,DeepTFactor: A deep learning-based tool for the prediction of transcription factors.,False,,,Y,high,Title describes a prediction tool not a data repository.,Y,,
32611389,Proteus: An algorithm for proposing stabilizing mutation pairs based on interactions observed in known protein 3D structures.,True,,,Y,medium,Title emphasizes algorithm though accesses structural data.,Y,,
30092755,REHUNT: a reliable and open source package for restriction enzyme hunting.,False,,,Y,high,Title describes a software package for enzyme hunting not a data repository.,Y,,
29544777,NiftyNet: a deep-learning platform for medical imaging.,False,,,Y,high,Title describes a deep learning platform not a data repository.,Y,,
31443733,Variant Interpretation for Cancer (VIC): a computational tool for assessing clinical impacts of somatic variants.,False,,,Y,high,Title describes a computational tool for assessment not a data repository.,Y,,
28105921,SIMBA: a web tool for managing bacterial genome assembly generated by Ion PGM sequencing technology.,False,,,Y,high,Title describes a tool for managing assemblies not a data repository.,Y,,
26280450,JMS: An Open Source Workflow Management System and Web-Based Cluster Front-End for High Performance Computing.,False,,,Y,high,Title describes a workflow management system not a data repository.,Y,,
21982513,Snat: a SNP annotation tool for bovine by integrating various sources of genomic information.,False,,,Y,high,Title describes an annotation tool not a data repository.,Y,,
"31218353, 32938368",DeepMito: accurate prediction of protein sub-mitochondrial localization using convolutional neural networks.,True,,,Y,high,Title describes a prediction tool not a data repository.,Y,,
29132360,NeoAnalysis: a Python-based toolbox for quick electrophysiological data processing and analysis.,False,,,Y,high,Title describes a toolbox for analysis not a data repository.,Y,,
23051646,CloudMap: a cloud-based pipeline for analysis of mutant genome sequences.,True,,,Y,high,Title describes an analysis pipeline not a data repository.,Y,,
28158419,NSSRF: global network similarity search with subgraph signatures and its applications.,False,,,Y,high,Title describes a search method not a data repository.,Y,,
34342226,ppx: Programmatic Access to Proteomics Data Repositories.,False,,,Y,high,Title describes an access tool not a data repository itself.,Y,,
28640810,LASSIM-A network inference toolbox for genome-wide mechanistic modeling.,False,,,Y,high,Title describes a toolbox for inference not a data repository.,Y,,
22464129,BioLemmatizer: a lemmatization tool for morphological processing of biomedical text.,False,,,Y,high,Title describes a text processing tool not a data repository.,Y,,
22647087,PyMS: a Python toolkit for processing of gas chromatography-mass spectrometry (GC-MS) data. Application and comparative study of selected tools.,False,,,Y,high,Title describes a toolkit for data processing not a data repository.,Y,,
30999845,GenHap: a novel computational method based on genetic algorithms for haplotype assembly.,False,,,Y,high,Title describes a computational method not a data repository.,Y,,
31974805,Speeding up the detection of non-iconic and iconic gestures (SPUDNIG): A toolkit for the automatic detection of hand movements and gestures in video data.,False,,,Y,high,Title describes a detection toolkit not a data repository.,Y,,
21898158,GazeAlyze: a MATLAB toolbox for the analysis of eye movement data.,False,,,Y,high,Title describes a toolbox for analysis not a data repository.,Y,,
26504853,FluKB: A Knowledge-Based System for Influenza Vaccine Target Discovery and Analysis of the Immunological Properties of Influenza Viruses.,False,Y,knowledge base,Y,medium,Title emphasizes system for discovery/analysis not primarily a data repository.,Y,,
32082281,FeGenie: A Comprehensive Tool for the Identification of Iron Genes and Iron Gene Neighborhoods in Genome and Metagenome Assemblies.,False,,,Y,high,Title describes a tool for identification not a data repository.,Y,,
34235898,3DPhenoFish: Application for two- and three-dimensional fish morphological phenotype extraction from point cloud analysis.,False,,,Y,high,Title describes an application for phenotype extraction not a data repository.,Y,,
30241466,ECPred: a tool for the prediction of the enzymatic functions of protein sequences based on the EC nomenclature.,True,,,Y,high,Title describes a prediction tool not a data repository.,Y,,
