pmid,title,category,has_fulltext,fulltext_source,fulltext_length,urls_found,urls_count,best_url,best_url_score,best_url_title_match,best_url_matched_keywords,best_url_context,best_url_is_live,best_url_status,best_url_error,all_url_details
23071595,"Neurotree: a collaborative, graphical database of the academic genealogy of neuroscience.",DATABASE_NO_URL,True,PMC,49386,http://neurotree.org/neurotree/clusters.php | http://neurotree.org/ | http://neurotree.org/neurotree/faq.php,3,http://neurotree.org/neurotree/clusters.php,65.0,True,neurotree,...e version of this analysis is available online at http://neurotree.org/neurotree/clusters.php [5] . 10.1371/journal.pone.0046608.g007 Figure 7...,True,200.0,,"[{""url"": ""http://neurotree.org/neurotree/clusters.php"", ""score"": 65.0, ""title_match"": true, ""matched_keywords"": ""neurotree"", ""context"": ""...e version of this analysis is available online at http://neurotree.org/neurotree/clusters.php [5] . 10.1371/journal.pone.0046608.g007 Figure 7...""}, {""url"": ""http://neurotree.org/"", ""score"": 55.0, ""title_match"": true, ""matched_keywords"": ""neurotree"", ""context"": ""...Neurotree is accessed through a public website at http://neurotree.org/ [5] . The site is built using a set of custom-pro...""}, {""url"": ""http://neurotree.org/neurotree/faq.php"", ""score"": 55.0, ""title_match"": true, ""matched_keywords"": ""neurotree"", ""context"": ""...questing the data are included in the site FAQ at http://neurotree.org/neurotree/faq.php [5] . Ethics statement Data in Neurotree are coll...""}]"
31932586,A database for global soil health assessment.,DATABASE_NO_URL,True,PMC,38482,https://www.freemaptools.com/elevation-finder.htm | http://www.freemaptools.com/elevation-finder.htm | http://climate.geog.udel.edu/~climate/html_pages/README.ghcn_ts2.html | http://www.soilhealthinstituteresearch.org | https://www.findlatitudeandlongitude.com | http://www.findlatitudeandlongitude.com,6,https://www.freemaptools.com/elevation-finder.htm,11.0,False,,"...er, it was identified by latitude and longitude ( https://www.freemaptools.com/elevation-finder.htm ). In total, 5,907 comparisons were collected fro...",True,200.0,,"[{""url"": ""https://www.freemaptools.com/elevation-finder.htm"", ""score"": 11.0, ""title_match"": false, ""matched_keywords"": """", ""context"": ""...er, it was identified by latitude and longitude ( https://www.freemaptools.com/elevation-finder.htm ). In total, 5,907 comparisons were collected fro...""}, {""url"": ""http://www.freemaptools.com/elevation-finder.htm"", ""score"": 11.0, ""title_match"": false, ""matched_keywords"": """", ""context"": """"}, {""url"": ""http://climate.geog.udel.edu/~climate/html_pages/README.ghcn_ts2.html"", ""score"": 5.0, ""title_match"": false, ""matched_keywords"": """", ""context"": ""...ersity of Delaware Center for Climate Research ., http://climate.geog.udel.edu/~climate/html_pages/README.ghcn_ts2.html (2001). 24. Moebius-Clune, B. N. et al . Comprehe...""}, {""url"": ""http://www.soilhealthinstituteresearch.org"", ""score"": 5.0, ""title_match"": false, ""matched_keywords"": """", ""context"": """"}, {""url"": ""https://www.findlatitudeandlongitude.com"", ""score"": 0.0, ""title_match"": false, ""matched_keywords"": """", ""context"": ""...ure, the site name was entered into the website ( https://www.findlatitudeandlongitude.com ) to estimate location. Whenever elevation was mi...""}, {""url"": ""http://www.findlatitudeandlongitude.com"", ""score"": 0.0, ""title_match"": false, ""matched_keywords"": """", ""context"": """"}]"
34716354,A curated diverse molecular database of blood-brain barrier permeability with chemical descriptors.,DATABASE_NO_URL,True,PMC,40329,https://tdcommons.ai,1,https://tdcommons.ai,0.0,False,,...mons: Machine learning datasets for therapeutics. https://tdcommons.ai (2020). 54. Carpenter TS A method to predict bloo...,True,200.0,,"[{""url"": ""https://tdcommons.ai"", ""score"": 0.0, ""title_match"": false, ""matched_keywords"": """", ""context"": ""...mons: Machine learning datasets for therapeutics. https://tdcommons.ai (2020). 54. Carpenter TS A method to predict bloo...""}]"
26523133,A Database of Gene Expression Profiles of Korean Cancer Genome.,DATABASE_NO_URL,True,PMC,12496,http://www.genominfo.org/src/sm/gni-13-86-s001.pdf | http://tomcat.apache.org | http://www.bioconductor.org | http://www.kcgd.kr | http://www.icesoft.org/ | http://www.r-project.org | http://dev.mysql.com,7,http://www.genominfo.org/src/sm/gni-13-86-s001.pdf,23.0,False,,"...figures
can be found with this article online at http://www.genominfo.org/src/sm/gni-13-86-s001.pdf . Supplementary Table 1 Statistics in the KCGD da...",True,200.0,,"[{""url"": ""http://www.genominfo.org/src/sm/gni-13-86-s001.pdf"", ""score"": 23.0, ""title_match"": false, ""matched_keywords"": """", ""context"": ""...figures\ncan be found with this article online at http://www.genominfo.org/src/sm/gni-13-86-s001.pdf . Supplementary Table 1 Statistics in the KCGD da...""}, {""url"": ""http://tomcat.apache.org"", ""score"": 15.0, ""title_match"": false, ""matched_keywords"": """", ""context"": ""...d on an Apache Tomcat web server (version 6.0.26, http://tomcat.apache.org ). A schematic diagram of the system architecture...""}, {""url"": ""http://www.bioconductor.org"", ""score"": 13.0, ""title_match"": false, ""matched_keywords"": """", ""context"": ""...ct.org ) with Bioconductor plugins (version 2.12, http://www.bioconductor.org ). Calling R modules from JAVA is managed by the...""}, {""url"": ""http://www.kcgd.kr"", ""score"": 10.0, ""title_match"": false, ""matched_keywords"": """", ""context"": ""...rogram. Availability: KCGD is freely available at http://www.kcgd.kr . 1 Mutation Consequences and Pathway Analysis wo...""}, {""url"": ""http://www.icesoft.org/"", ""score"": 5.0, ""title_match"": false, ""matched_keywords"": """", ""context"": ""...d active interfaces, the ICEfaces (version 3.3.0, http://www.icesoft.org/ ) framework was used. To store and handle the dat...""}, {""url"": ""http://www.r-project.org"", ""score"": 5.0, ""title_match"": false, ""matched_keywords"": """", ""context"": ""...methods were implemented using R (version 3.0.1, http://www.r-project.org ) with Bioconductor plugins (version 2.12, http:/...""}, {""url"": ""http://dev.mysql.com"", ""score"": 0.0, ""title_match"": false, ""matched_keywords"": """", ""context"": ""...abase management system was used (version 5.5.11, http://dev.mysql.com ). Data queries on MySQL from JAVA are controlled...""}]"
28115530,A Database of Human Immune Receptor Alleles Recovered from Population Sequencing Data.,DATABASE_NO_URL,False,,0,,0,,0.0,False,,,False,,,
31258155,"New UV-source catalogs, UV spectral database, UV variables and science tools from the GALEX surveys.",DATABASE_NO_URL,True,PMC,34479,http://dolomiti.pha.jhu.edu/uvsky,1,http://dolomiti.pha.jhu.edu/uvsky,5.0,False,,"...d science tools, is accessible from LB’s web site http://dolomiti.pha.jhu.edu/uvsky , from MAST Casjobs, and soon from from CDS’s Viz...",True,200.0,,"[{""url"": ""http://dolomiti.pha.jhu.edu/uvsky"", ""score"": 5.0, ""title_match"": false, ""matched_keywords"": """", ""context"": ""...d science tools, is accessible from LB\u2019s web site http://dolomiti.pha.jhu.edu/uvsky , from MAST Casjobs, and soon from from CDS\u2019s Viz...""}]"
34289491,The world within reach: An image database of reach-relevant environments.,DATABASE_NO_URL,True,PMC,35901,https://www.reachspacedatabase.com/ | http://www.reachspacedatabase.com/ | https://osf.io/bfyxk/ | osf.io/bfyxk/,4,https://www.reachspacedatabase.com/,58.0,True,"database, reach","...he database can also be previewed and explored at https://www.reachspacedatabase.com/ . Results The database contains a total of 11,276...",True,200.0,,"[{""url"": ""https://www.reachspacedatabase.com/"", ""score"": 58.0, ""title_match"": true, ""matched_keywords"": ""database, reach"", ""context"": ""...he database can also be previewed and explored at https://www.reachspacedatabase.com/ . Results The database contains a total of 11,276...""}, {""url"": ""http://www.reachspacedatabase.com/"", ""score"": 58.0, ""title_match"": true, ""matched_keywords"": ""database, reach"", ""context"": """"}, {""url"": ""https://osf.io/bfyxk/"", ""score"": 0.0, ""title_match"": false, ""matched_keywords"": """", ""context"": ""...are available for download in an OSF repository ( https://osf.io/bfyxk/ ). The database consists of the images, divided i...""}, {""url"": ""osf.io/bfyxk/"", ""score"": 0.0, ""title_match"": false, ""matched_keywords"": """", ""context"": ""...able for download on the Open Science Framework ( osf.io/bfyxk/ ). Introduction Reachable environments are the lo...""}]"
34272372,A database of submarine landslides offshore West and Southwest Iberia.,DATABASE_NO_URL,True,PMC,33595,https://www.emodnet-bathymetry.eu/data-products | http://www.emodnet-bathymetry.eu/data-products,2,https://www.emodnet-bathymetry.eu/data-products,8.0,False,,"...raster Data downloaded from EMODnet data portal ( https://www.emodnet-bathymetry.eu/data-products ) Used the XYZ data version of the F3 panel, whic...",True,200.0,,"[{""url"": ""https://www.emodnet-bathymetry.eu/data-products"", ""score"": 8.0, ""title_match"": false, ""matched_keywords"": """", ""context"": ""...raster Data downloaded from EMODnet data portal ( https://www.emodnet-bathymetry.eu/data-products ) Used the XYZ data version of the F3 panel, whic...""}, {""url"": ""http://www.emodnet-bathymetry.eu/data-products"", ""score"": 8.0, ""title_match"": false, ""matched_keywords"": """", ""context"": """"}]"
30643682,A public database for the new MLST scheme for <i>Treponema pallidum</i> subsp. <i>pallidum</i>: surveillance and epidemiology of the causative agent of syphilis.,DATABASE_NO_URL,True,PMC,32838,https://pubmlst.org/tpallidum/ | http://www.who.int/reproductivehealth/publications/rtis/syphilis-treatment-guidelines/en/,2,https://pubmlst.org/tpallidum/,65.0,True,"mlst, pallidum",...al results etc.). The database can be accessed at https://pubmlst.org/tpallidum/ . The database is primarily designed to be used a...,True,200.0,,"[{""url"": ""https://pubmlst.org/tpallidum/"", ""score"": 65.0, ""title_match"": true, ""matched_keywords"": ""mlst, pallidum"", ""context"": ""...al results etc.). The database can be accessed at https://pubmlst.org/tpallidum/ . The database is primarily designed to be used a...""}, {""url"": ""http://www.who.int/reproductivehealth/publications/rtis/syphilis-treatment-guidelines/en/"", ""score"": 50.0, ""title_match"": true, ""matched_keywords"": ""public"", ""context"": ""...e treatment of Treponema pallidum (syphilis) 2016 http://www.who.int/reproductivehealth/publications/rtis/syphilis-treatment-guidelines/en/ Zhou et al. (2018) Zhou Z Alikhan N-F Sergeant MJ...""}]"
29989590,A functional trait database for Mediterranean Basin plants.,DATABASE_NO_URL,True,PMC,49292,http://www.theplantlist.org | http://www.floraiberica.org | http://bgbm3.bgbm.fu-berlin.de/iopi/gpc/,3,http://www.theplantlist.org,5.0,False,,"...89 ). The Plant List. The Plant List, version 1.1 http://www.theplantlist.org ( 2013 ). Govaerts R. & Frodin D. G. World Checkl...",True,200.0,,"[{""url"": ""http://www.theplantlist.org"", ""score"": 5.0, ""title_match"": false, ""matched_keywords"": """", ""context"": ""...89 ). The Plant List. The Plant List, version 1.1 http://www.theplantlist.org ( 2013 ). Govaerts R. & Frodin D. G. World Checkl...""}, {""url"": ""http://www.floraiberica.org"", ""score"": 5.0, ""title_match"": false, ""matched_keywords"": """", ""context"": """"}, {""url"": ""http://bgbm3.bgbm.fu-berlin.de/iopi/gpc/"", ""score"": 0.0, ""title_match"": false, ""matched_keywords"": """", ""context"": ""...ganization for Plant Information (IOPI 1996-2007) http://bgbm3.bgbm.fu-berlin.de/iopi/gpc/ ( 1998 ). Pankhurst R . Rosaceae Family Database....""}]"
28385663,A curated gluten protein sequence database to support development of proteomics methods for determination of gluten in gluten-free foods.,DATABASE_NO_URL,True,PMC,54117,https://omics.pnl.gov/software/protein-coverage-summarizer | http://www.allergenonline.org/,2,https://omics.pnl.gov/software/protein-coverage-summarizer,13.0,False,,".... Protein Coverage Summariser. 641, OMICS.PNL.GOV https://omics.pnl.gov/software/protein-coverage-summarizer 37 Battais F. Mothes T. Moneret-Vautrin D.A. Pine...",True,200.0,,"[{""url"": ""https://omics.pnl.gov/software/protein-coverage-summarizer"", ""score"": 13.0, ""title_match"": false, ""matched_keywords"": """", ""context"": "".... Protein Coverage Summariser. 641, OMICS.PNL.GOV https://omics.pnl.gov/software/protein-coverage-summarizer 37 Battais F. Mothes T. Moneret-Vautrin D.A. Pine...""}, {""url"": ""http://www.allergenonline.org/"", ""score"": 5.0, ""title_match"": false, ""matched_keywords"": """", ""context"": ""...gy - FigTree 2007 34 Goodman R.E. Allergen Online http://www.allergenonline.org/> 35 Minkiewicz P. Dziuba J. Iwaniak A. Dziuba M....""}]"
32484558,Comprehensive database and evolutionary dynamics of U12-type introns.,DATABASE_NO_URL,True,PMC,57206,introndb.lerner.ccf.org,1,introndb.lerner.ccf.org,26.0,False,,...d Methods). The website is publicly accessible at introndb.lerner.ccf.org. MATERIALS AND METHODS Classifying intron type wi...,False,,Error: Invalid URL 'introndb.lerner.ccf.org': No scheme s,"[{""url"": ""introndb.lerner.ccf.org"", ""score"": 26.0, ""title_match"": false, ""matched_keywords"": """", ""context"": ""...d Methods). The website is publicly accessible at introndb.lerner.ccf.org. MATERIALS AND METHODS Classifying intron type wi...""}]"
31387779,Development of breast lesions models database.,DATABASE_NO_URL,False,,0,,0,,0.0,False,,,False,,,
28509907,A database of georeferenced nutrient chemistry data for mountain lakes of the Western United States.,DATABASE_NO_URL,True,PMC,39060,http://nadp.sws.uiuc.edu/data/annualmaps.aspx | https://www.epa.gov/national-aquatic-resource-surveys/nla | http://www.epa.gov/national-aquatic-resource-surveys/nla | http://waterqualitydata.us/ | http://science.nature.nps.gov/im/ | http://views.cira.colostate.edu/fed/ | http://www.horizon-systems.com/nhdplus/NHDPlusV2_home.php | https://rstudio.github.io/packrat/,8,http://nadp.sws.uiuc.edu/data/annualmaps.aspx,23.0,False,,...rom the National Atmospheric Deposition Program ( http://nadp.sws.uiuc.edu/data/annualmaps.aspx ). Phosphorus deposition measurements and model d...,False,,"Connection error: HTTPConnectionPool(host='nadp.sws.uiuc.edu', port=","[{""url"": ""http://nadp.sws.uiuc.edu/data/annualmaps.aspx"", ""score"": 23.0, ""title_match"": false, ""matched_keywords"": """", ""context"": ""...rom the National Atmospheric Deposition Program ( http://nadp.sws.uiuc.edu/data/annualmaps.aspx ). Phosphorus deposition measurements and model d...""}, {""url"": ""https://www.epa.gov/national-aquatic-resource-surveys/nla"", ""score"": 13.0, ""title_match"": false, ""matched_keywords"": """", ""context"": ""...ssessments were obtained from the USEPA website ( https://www.epa.gov/national-aquatic-resource-surveys/nla ). To obtain relevant NPS and USFS data not in WQ...""}, {""url"": ""http://www.epa.gov/national-aquatic-resource-surveys/nla"", ""score"": 13.0, ""title_match"": false, ""matched_keywords"": """", ""context"": """"}, {""url"": ""http://waterqualitydata.us/"", ""score"": 11.0, ""title_match"": false, ""matched_keywords"": """", ""context"": ""...toring Council Water Quality Portal (WQ Portal) ( http://waterqualitydata.us/ ) were queried using the WQ Portal website on Jun...""}, {""url"": ""http://science.nature.nps.gov/im/"", ""score"": 5.0, ""title_match"": false, ""matched_keywords"": """", ""context"": ""...d Monitoring (I&M) networks in the Western U.S. ( http://science.nature.nps.gov/im/ ). Data were provided by the NPS Rocky Mountain (...""}, {""url"": ""http://views.cira.colostate.edu/fed/"", ""score"": 5.0, ""title_match"": false, ""matched_keywords"": """", ""context"": ""...Federal Land Manager Environmental Database (FED, http://views.cira.colostate.edu/fed/ ) in November 2015. FED is maintained by multiple...""}, {""url"": ""http://www.horizon-systems.com/nhdplus/NHDPlusV2_home.php"", ""score"": 0.0, ""title_match"": false, ""matched_keywords"": """", ""context"": ""...sing the National Hydrography Dataset (NHDPlusv2, http://www.horizon-systems.com/nhdplus/NHDPlusV2_home.php ). NHDPlusv2 is a free suite of geospatial datase...""}, {""url"": ""https://rstudio.github.io/packrat/"", ""score"": 0.0, ""title_match"": false, ""matched_keywords"": """", ""context"": ""...create the scripts has been saved using packrat ( https://rstudio.github.io/packrat/ , version 0.4.8\u20131), and is provided in the append...""}]"
29583143,A database of the coseismic effects following the 30 October 2016 Norcia earthquake in Central Italy.,DATABASE_NO_URL,True,PMC,33564,http://geo.umbriaterritorio.it/umbriageo/atlante/ | http://www.ambiente.marche.it/Territorio/Cartografiaeinformazioniterritoriali | http://services.arcgisonline.com/ArcGIS/rest/services/World_Imagery/MapServer | http://qgis.org/it/site/about/index.html | http://www.earthquakegeology.com/index.php?page=projects&s=4 | http://www.rockgecko.com,6,http://geo.umbriaterritorio.it/umbriageo/atlante/,10.0,False,,...al maps provided by Regione Umbria (available at: http://geo.umbriaterritorio.it/umbriageo/atlante/ ) and Regione Marche (available at: http://www.am...,False,403.0,HTTP 403,"[{""url"": ""http://geo.umbriaterritorio.it/umbriageo/atlante/"", ""score"": 10.0, ""title_match"": false, ""matched_keywords"": """", ""context"": ""...al maps provided by Regione Umbria (available at: http://geo.umbriaterritorio.it/umbriageo/atlante/ ) and Regione Marche (available at: http://www.am...""}, {""url"": ""http://www.ambiente.marche.it/Territorio/Cartografiaeinformazioniterritoriali"", ""score"": 10.0, ""title_match"": false, ""matched_keywords"": """", ""context"": ""...ageo/atlante/ ) and Regione Marche (available at: http://www.ambiente.marche.it/Territorio/Cartografiaeinformazioniterritoriali ). The Mt. Vettore \u2013 Mt. Bove Fault-System (VBFS)...""}, {""url"": ""http://services.arcgisonline.com/ArcGIS/rest/services/World_Imagery/MapServer"", ""score"": 8.0, ""title_match"": false, ""matched_keywords"": """", ""context"": ""...olution images obtained from ESRI World Imagery ( http://services.arcgisonline.com/ArcGIS/rest/services/World_Imagery/MapServer ) together with very recent post-seismic Google M...""}, {""url"": ""http://qgis.org/it/site/about/index.html"", ""score"": 5.0, ""title_match"": false, ""matched_keywords"": """", ""context"": ""...ng and conversion using the software QGIS 2.18\u00a9 ( http://qgis.org/it/site/about/index.html ). After final editing, the .shp file was finally...""}, {""url"": ""http://www.earthquakegeology.com/index.php?page=projects&s=4"", ""score"": 0.0, ""title_match"": false, ""matched_keywords"": """", ""context"": ""...9 SURFACE\u2014SURface FAulting Catalogue Earthquakes; http://www.earthquakegeology.com/index.php?page=projects&s=4 ). Methods The survey of geological coseismic eff...""}, {""url"": ""http://www.rockgecko.com"", ""score"": 0.0, ""title_match"": false, ""matched_keywords"": """", ""context"": """"}]"
33936422,A semantic database for integrated management of image and dosimetric data in low radiation dose research in medical imaging.,DATABASE_NO_URL,False,,0,,0,,0.0,False,,,False,,,
31832526,A long term physical and biogeochemical database of a hyper-eutrophicated Mediterranean micro-estuary.,DATABASE_NO_URL,True,PMC,22685,http://reco.ruppin.ac.il/eng/sensor/ | http://reco.ruppin.ac.il/eng/template/?Pid=26 | http://reco.ruppin.ac.il/,3,http://reco.ruppin.ac.il/eng/sensor/,10.0,False,,...sensors data can be plotted or downloaded here ( http://reco.ruppin.ac.il/eng/sensor/ ) B. Inland estuarine stations data can be access...,False,404.0,HTTP 404,"[{""url"": ""http://reco.ruppin.ac.il/eng/sensor/"", ""score"": 10.0, ""title_match"": false, ""matched_keywords"": """", ""context"": ""...sensors data can be plotted or downloaded here ( http://reco.ruppin.ac.il/eng/sensor/ ) B. Inland estuarine stations data can be access...""}, {""url"": ""http://reco.ruppin.ac.il/eng/template/?Pid=26"", ""score"": 0.0, ""title_match"": false, ""matched_keywords"": """", ""context"": ""...ready table that is updated on a monthly basis ( http://reco.ruppin.ac.il/eng/template/?Pid=26 ). Data source location Alexander estuary, Israel...""}, {""url"": ""http://reco.ruppin.ac.il/"", ""score"": 0.0, ""title_match"": false, ""matched_keywords"": """", ""context"": ""...ready table that is updated on a monthly basis ( http://reco.ruppin.ac.il/eng/template/?Pid=26 ). Data source location Alexa...""}]"
29381146,Australia's continental-scale acoustic tracking database and its automated quality control process.,DATABASE_NO_URL,True,PMC,29570,http://imos.org.au/fileadmin/user_upload/shared/AATAMS/Recommended_guidelines_for_using_data_from_the_IMOS_ATF_Acoustic_Animal_Tracking_Database_July2017.pdf | http://imos.org.au/fileadmin/user_upload/shared/AATAMS/IMOS-Animal_Tracking_-_Database_Security_Policy.pdf | https://portal.aodn.org.au/ | https://portal.aodn.org.au | https://portal.aodn.org.au/search?uuid=0ede6b3d-8635-472f-b91c-56a758b4e091 | http://data.aodn.org.au/?prefix=IMOS/AATAMS/acoustic_tagging | http://imos.org.au/fileadmin/user_upload/shared/AATAMS/IMOS-Animal_Tracking_-_Protected_Data_Policy.pdf | https://animaltracking.aodn.org.au/ | https://animaltracking.aodn.org.au | https://cran.r-project.org/web/packages/rworldxtra/index.html | https://cran.r-project.org/web/packages/gdistance/index.html | http://www.ala.org.au/ | http://fish.ala.org.au/ | http://imos.org.au/fileadmin/user_upload/shared/IMOS | http://imos.org.au/fileadmin/user_upload/shared/AATAMS/IMOS-Animal_Tracking_-_Tag_Embargo_Policy.pdf | https://www.r-project.org/ | http://www.imos.org.au | http://www.motus.org | http://www.r-project.org/ | https://vemco.com/wp-content/uploads/2012/11/gate_design.htm | http://vemco.com/wp-content/uploads/2012/11/false_detections.pdf | http://www.cmar.csiro.au/e-print/open/2009/lynevd_2009.pdf,22,http://imos.org.au/fileadmin/user_upload/shared/AATAMS/Recommended_guidelines_for_using_data_from_the_IMOS_ATF_Acoustic_Animal_Tracking_Database_July2017.pdf,63.0,True,database,...ing System ( www.motus.org ) and summarised here: http://imos.org.au/fileadmin/user_upload/shared/AATAMS/Recommended_guidelines_for_using_data_from_the_IMOS_ATF_Acoustic_Animal_Tracking_Database_July2017.pdf . Jaine F. R. A. et al. When giants turn up: sigh...,False,404.0,HTTP 404,"[{""url"": ""http://imos.org.au/fileadmin/user_upload/shared/AATAMS/Recommended_guidelines_for_using_data_from_the_IMOS_ATF_Acoustic_Animal_Tracking_Database_July2017.pdf"", ""score"": 63.0, ""title_match"": true, ""matched_keywords"": ""database"", ""context"": ""...ing System ( www.motus.org ) and summarised here: http://imos.org.au/fileadmin/user_upload/shared/AATAMS/Recommended_guidelines_for_using_data_from_the_IMOS_ATF_Acoustic_Animal_Tracking_Database_July2017.pdf . Jaine F. R. A. et al. When giants turn up: sigh...""}, {""url"": ""http://imos.org.au/fileadmin/user_upload/shared/AATAMS/IMOS-Animal_Tracking_-_Database_Security_Policy.pdf"", ""score"": 63.0, ""title_match"": true, ""matched_keywords"": ""database"", ""context"": ""...IMOS. IMOS Animal Tracking Data Security Policy , http://imos.org.au/fileadmin/user_upload/shared/AATAMS/IMOS-Animal_Tracking_-_Database_Security_Policy.pdf ( 2016 ). Meeuwig J. J. , Harcourt R. G. & Whoris...""}, {""url"": ""https://portal.aodn.org.au/"", ""score"": 26.0, ""title_match"": false, ""matched_keywords"": """", ""context"": ""...h the Australian Ocean Data Network portal (AODN: https://portal.aodn.org.au/ ), the primary national repository for marine and...""}, {""url"": ""https://portal.aodn.org.au"", ""score"": 26.0, ""title_match"": false, ""matched_keywords"": """", ""context"": ""...h the Australian Ocean Data Network portal (AODN: https://portal.aodn.org.au/ ), the primary national repository for marine an...""}, {""url"": ""https://portal.aodn.org.au/search?uuid=0ede6b3d-8635-472f-b91c-56a758b4e091"", ""score"": 16.0, ""title_match"": false, ""matched_keywords"": """", ""context"": ""...may be directly accessed using the following URL: https://portal.aodn.org.au/search?uuid=0ede6b3d-8635-472f-b91c-56a758b4e091 . Alternatively, individual data files may be dow...""}, {""url"": ""http://data.aodn.org.au/?prefix=IMOS/AATAMS/acoustic_tagging"", ""score"": 16.0, ""title_match"": false, ""matched_keywords"": """", ""context"": ""...s may be downloaded through the AODN S3 browser ( http://data.aodn.org.au/?prefix=IMOS/AATAMS/acoustic_tagging ). This static dataset will be complemented by a...""}, {""url"": ""http://imos.org.au/fileadmin/user_upload/shared/AATAMS/IMOS-Animal_Tracking_-_Protected_Data_Policy.pdf"", ""score"": 13.0, ""title_match"": false, ""matched_keywords"": """", ""context"": ""...MOS. IMOS Animal Tracking\u2014Protected Data Policy , http://imos.org.au/fileadmin/user_upload/shared/AATAMS/IMOS-Animal_Tracking_-_Protected_Data_Policy.pdf ( 2016 ). Cooke S. J. et al. Troubling issues at...""}, {""url"": ""https://animaltracking.aodn.org.au/"", ""score"": 5.0, ""title_match"": false, ""matched_keywords"": """", ""context"": ""...F database supports a front-end web application ( https://animaltracking.aodn.org.au/ ) through which users input transmitter and recei...""}, {""url"": ""https://animaltracking.aodn.org.au"", ""score"": 5.0, ""title_match"": false, ""matched_keywords"": """", ""context"": ""...F database supports a front-end web application ( https://animaltracking.aodn.org.au/ ) through which users input transmitter and rece...""}, {""url"": ""https://cran.r-project.org/web/packages/rworldxtra/index.html"", ""score"": 5.0, ""title_match"": false, ""matched_keywords"": """", ""context"": ""...h the \u2018rworldmap\u2019 and \u2018rworldxtra\u2019 libraries 27 ( https://cran.r-project.org/web/packages/rworldxtra/index.html , last accessed 22 Nov 2017) which we then raster...""}]"
23164410,Transcriptome database resource and gene expression atlas for the rose.,DATABASE_NO_URL,True,PMC,49827,http://pathway-tools.toulouse.inra.fr/ROSACYC | http://www.rosaceae.org/peach/genome | http://pathway-tools.toulouse.inra.fr/ROSACYC/new-image?type=PATHWAY&object=CAROTENOID-PWY | http://iant.toulouse.inra.fr/R.chinensis | http://lipm-bioinfo.toulouse.inra.fr/download/glint/,5,http://pathway-tools.toulouse.inra.fr/ROSACYC,21.0,False,,...ified using semi-automated tools are available at http://pathway-tools.toulouse.inra.fr/ROSACYC under ROSAcyc . The majority of the previously re...,False,401.0,HTTP 401,"[{""url"": ""http://pathway-tools.toulouse.inra.fr/ROSACYC"", ""score"": 21.0, ""title_match"": false, ""matched_keywords"": """", ""context"": ""...ified using semi-automated tools are available at http://pathway-tools.toulouse.inra.fr/ROSACYC under ROSAcyc . The majority of the previously re...""}, {""url"": ""http://www.rosaceae.org/peach/genome"", ""score"": 13.0, ""title_match"": false, ""matched_keywords"": """", ""context"": ""...being supported by transcriptome mapping ([ 20 ]; http://www.rosaceae.org/peach/genome ). Overall, about 53% and 44% of the predicted tr...""}, {""url"": ""http://pathway-tools.toulouse.inra.fr/ROSACYC/new-image?type=PATHWAY&object=CAROTENOID-PWY"", ""score"": 11.0, ""title_match"": false, ""matched_keywords"": """", ""context"": ""...ROSAcyc database by numerous putative peptides ( http://pathway-tools.toulouse.inra.fr/ROSACYC/new-image?type=PATHWAY&object=CAROTENOID-PWY ). The database provides information on peptides...""}, {""url"": ""http://iant.toulouse.inra.fr/R.chinensis"", ""score"": 10.0, ""title_match"": false, ""matched_keywords"": """", ""context"": ""...available at the ROSAseq web interface database , http://iant.toulouse.inra.fr/R.chinensis . An additional 1248 clusters had significant mat...""}, {""url"": ""http://lipm-bioinfo.toulouse.inra.fr/download/glint/"", ""score"": 8.0, ""title_match"": false, ""matched_keywords"": """", ""context"": ""...using glint software (Faraut T. and Courcelle E.; http://lipm-bioinfo.toulouse.inra.fr/download/glint/ , unpublished) onto the EST clusters generated fr...""}]"
34597583,Atlas of clinically distinct cell states and ecosystems across human solid tumors.,ATLAS_NO_URL,False,,0,,0,,0.0,False,,,False,,,
31474372,A Structure-Informed Atlas of Human-Virus Interactions.,ATLAS_NO_URL,False,,0,,0,,0.0,False,,,False,,,
34144929,A high-resolution cell atlas of the domestic pig lung and an online platform for exploring lung single-cell data.,ATLAS_NO_URL,False,,0,,0,,0.0,False,,,False,,,
33288755,Establishment of a morphological atlas of the Caenorhabditis elegans embryo using deep-learning-based 4D segmentation.,ATLAS_NO_URL,True,PMC,92049,https://svi.nl/HomePage,1,https://svi.nl/HomePage,0.0,False,,...e Scientific Volume Imaging (SVI) Huygens Suite ( https://svi.nl/HomePage ). Codes for C. elegans embryo segmentation and s...,True,200.0,,"[{""url"": ""https://svi.nl/HomePage"", ""score"": 0.0, ""title_match"": false, ""matched_keywords"": """", ""context"": ""...e Scientific Volume Imaging (SVI) Huygens Suite ( https://svi.nl/HomePage ). Codes for C. elegans embryo segmentation and s...""}]"
24670764,A promoter-level mammalian expression atlas.,ATLAS_NO_URL,False,,0,,0,,0.0,False,,,False,,,
30857592,Functional proteomic atlas of HIV infection in primary human CD4+ T cells.,ATLAS_NO_URL,True,PMC,107081,http://proteomecentral.proteomexchange.org | http://amigo.geneontology.org/amigo | https://david.ncifcrf.gov/ | http://cytoscape.org/ | http://baderlab.org/Software/EnrichmentMap | http://bonsai.hgc.jp/~mdehoon/software/cluster/software.htm,6,http://proteomecentral.proteomexchange.org,23.0,False,,...er PXD012263 and 10.6019/PXD012263 (accessible at http://proteomecentral.proteomexchange.org ). For functional analysis of proteins significan...,True,200.0,,"[{""url"": ""http://proteomecentral.proteomexchange.org"", ""score"": 23.0, ""title_match"": false, ""matched_keywords"": """", ""context"": ""...er PXD012263 and 10.6019/PXD012263 (accessible at http://proteomecentral.proteomexchange.org ). For functional analysis of proteins significan...""}, {""url"": ""http://amigo.geneontology.org/amigo"", ""score"": 13.0, ""title_match"": false, ""matched_keywords"": """", ""context"": ""...retrieved from AmiGO 2 (accessed on 27/7/2018 at http://amigo.geneontology.org/amigo ) ( Carbon et al., 2009 ). To account for redunda...""}, {""url"": ""https://david.ncifcrf.gov/"", ""score"": 5.0, ""title_match"": false, ""matched_keywords"": """", ""context"": ""...., 2009a ; Huang et al., 2009b ) RRID: SCR_001881 https://david.ncifcrf.gov/ Software, algorithm Cytoscape 3.6.1 ( Shannon et...""}, {""url"": ""http://cytoscape.org/"", ""score"": 5.0, ""title_match"": false, ""matched_keywords"": """", ""context"": ""...e 3.6.1 ( Shannon et al., 2003 ) RRID: SCR_003032 http://cytoscape.org/ Software, algorithm Enrichment Map 3.1.0 Cystosca...""}, {""url"": ""http://baderlab.org/Software/EnrichmentMap"", ""score"": 5.0, ""title_match"": false, ""matched_keywords"": """", ""context"": ""...e plugin ( Merico et al., 2010 ) RRID: SCR_016052 http://baderlab.org/Software/EnrichmentMap Software, algorithm Cluster 3.0 ( de Hoon et al.,...""}, {""url"": ""http://bonsai.hgc.jp/~mdehoon/software/cluster/software.htm"", ""score"": 0.0, ""title_match"": false, ""matched_keywords"": """", ""context"": ""...ter 3.0 ( de Hoon et al., 2004 ) RRID: SCR_013505 http://bonsai.hgc.jp/~mdehoon/software/cluster/software.htm Software, algorithm Java TreeView 1.1.6r4 ( Salda...""}]"
33813032,A knowledge base of clinical trial eligibility criteria.,KB_NO_URL,False,,0,,0,,0.0,False,,,False,,,
26050794,A knowledge base for Vitis vinifera functional analysis.,KB_NO_URL,True,PMC,40326,http://www.genoscope.cns.fr/externe/GenomeBrowser/Vitis/ | https://urgi.versailles.inra.fr/Species/Vitis | http://alpha.dmi.unict.it/biowine/ | http://www.biomedcentral.com/bmcsystbiol/supplements/9/S3 | http://www.plantgdb.org/VvGDB/ | http://genomes.cribi.unipd.it/grape/ | http://www.cytoscape.org/,7,http://www.genoscope.cns.fr/externe/GenomeBrowser/Vitis/,58.0,True,vitis,...1 122 10.1186/1471-2164-13-122 22455456 Genoscope http://www.genoscope.cns.fr/externe/GenomeBrowser/Vitis/ Cribi http://genomes.cribi.unipd.it/grape/ Urgi h...,True,200.0,,"[{""url"": ""http://www.genoscope.cns.fr/externe/GenomeBrowser/Vitis/"", ""score"": 58.0, ""title_match"": true, ""matched_keywords"": ""vitis"", ""context"": ""...1 122 10.1186/1471-2164-13-122 22455456 Genoscope http://www.genoscope.cns.fr/externe/GenomeBrowser/Vitis/ Cribi http://genomes.cribi.unipd.it/grape/ Urgi h...""}, {""url"": ""https://urgi.versailles.inra.fr/Species/Vitis"", ""score"": 50.0, ""title_match"": true, ""matched_keywords"": ""vitis"", ""context"": "".../ Cribi http://genomes.cribi.unipd.it/grape/ Urgi https://urgi.versailles.inra.fr/Species/Vitis Wong DCJ Sweetman C Drew DP Ford CM VTCdb: a gene...""}, {""url"": ""http://alpha.dmi.unict.it/biowine/"", ""score"": 18.0, ""title_match"": false, ""matched_keywords"": """", ""context"": ""...ate web-interface available at the following URL: http://alpha.dmi.unict.it/biowine/ . Construction and content Data source Vitis Vini...""}, {""url"": ""http://www.biomedcentral.com/bmcsystbiol/supplements/9/S3"", ""score"": 18.0, ""title_match"": false, ""matched_keywords"": """", ""context"": ""...ontents of the supplement are available online at http://www.biomedcentral.com/bmcsystbiol/supplements/9/S3 . Mullins MG Bouquet A Williams LE Biology of the...""}, {""url"": ""http://www.plantgdb.org/VvGDB/"", ""score"": 16.0, ""title_match"": false, ""matched_keywords"": """", ""context"": ""..., was presented [ 7 ] and deposited in PlantGDB ( http://www.plantgdb.org/VvGDB/ ). The availability of the whole grapevine genome...""}, {""url"": ""http://genomes.cribi.unipd.it/grape/"", ""score"": 8.0, ""title_match"": false, ""matched_keywords"": """", ""context"": ""...noscope.cns.fr/externe/GenomeBrowser/Vitis/ Cribi http://genomes.cribi.unipd.it/grape/ Urgi https://urgi.versailles.inra.fr/Species/Viti...""}, {""url"": ""http://www.cytoscape.org/"", ""score"": 5.0, ""title_match"": false, ""matched_keywords"": """", ""context"": ""...f results . Cytoscape web network visualization ( http://www.cytoscape.org/ ) has been used to show the protein-protein inter...""}]"
27280867,A knowledge base for tracking the impact of genomics on population health.,KB_NO_URL,False,,0,,0,,0.0,False,,,False,,,
22110059,"pTransgenesis: a cross-species, modular transgenesis resource.",RESOURCE_NO_URL,False,,0,,0,,0.0,False,,,False,,,
32521246,iEcology: Harnessing Large Online Resources to Generate Ecological Insights.,RESOURCE_NO_URL,False,,0,,0,,0.0,False,,,False,,,
21627789,RAG: an update to the RNA-As-Graphs resource.,RESOURCE_NO_URL,True,PMC,51852,http://www.biomath.nyu.edu/rna/analysis/rna_matrix.php | http://www.biomath.nyu.edu/rna | http://rubin2.biomath.nyu.edu/ | http://www.r-project.org/,4,http://www.biomath.nyu.edu/rna/analysis/rna_matrix.php,73.0,True,rna,"...aphs without length limitations on our web server http://www.biomath.nyu.edu/rna/analysis/rna_matrix.php . For example, a set of long viral RNAs (~1000 nt...",False,,Timeout,"[{""url"": ""http://www.biomath.nyu.edu/rna/analysis/rna_matrix.php"", ""score"": 73.0, ""title_match"": true, ""matched_keywords"": ""rna"", ""context"": ""...aphs without length limitations on our web server http://www.biomath.nyu.edu/rna/analysis/rna_matrix.php . For example, a set of long viral RNAs (~1000 nt...""}, {""url"": ""http://www.biomath.nyu.edu/rna"", ""score"": 63.0, ""title_match"": true, ""matched_keywords"": ""rna"", ""context"": ""...ogies, including existing and hypothetical motifs http://www.biomath.nyu.edu/rna [ 1 , 2 ]. RAG's construction was motivated by th...""}, {""url"": ""http://rubin2.biomath.nyu.edu/"", ""score"": 23.0, ""title_match"": false, ""matched_keywords"": """", ""context"": ""...ction in conjunction with our RAGPOOLS web server http://rubin2.biomath.nyu.edu/ to design new RNA pools with desired topologies [...""}, {""url"": ""http://www.r-project.org/"", ""score"": 5.0, ""title_match"": false, ""matched_keywords"": """", ""context"": ""...rlag The R Project for Statistical Computing 2004 http://www.r-project.org/ Pasquali S Gan HH Schlick T Modular RNA architect...""}]"
33921243,Fungal Genomic Resources for Strain Identification and Diversity Analysis of 1900 Fungal Species.,RESOURCE_NO_URL,True,PMC,49309,http://webtom.cabgrid.res.in/fungsatdb/ | https://fungidb.org/fungidb/app | http://www.ncbi.nlm.nih.gov/genome/ | https://www.ncbi.nlm.nih.gov/genome/genomes/707 | http://www.ncbi.nlm.nih.gov/genome/genomes/707 | https://mlst.mycologylab.org/,6,http://webtom.cabgrid.res.in/fungsatdb/,18.0,False,,"...source: FungSatDB FungSatDB, freely accessible at http://webtom.cabgrid.res.in/fungsatdb/ (accessed on 22 March 2020) is an exclusive datab...",False,,"Connection error: HTTPConnectionPool(host='webtom.cabgrid.res.in', p","[{""url"": ""http://webtom.cabgrid.res.in/fungsatdb/"", ""score"": 18.0, ""title_match"": false, ""matched_keywords"": """", ""context"": ""...source: FungSatDB FungSatDB, freely accessible at http://webtom.cabgrid.res.in/fungsatdb/ (accessed on 22 March 2020) is an exclusive datab...""}, {""url"": ""https://fungidb.org/fungidb/app"", ""score"": 16.0, ""title_match"": false, ""matched_keywords"": """", ""context"": ""...DB, a Fungal and Oomycete Information Resources ( https://fungidb.org/fungidb/app (accessed on 15 October 2020)) also have the info...""}, {""url"": ""http://www.ncbi.nlm.nih.gov/genome/"", ""score"": 13.0, ""title_match"": false, ""matched_keywords"": """", ""context"": ""...having more than 5000 fungal genome assemblies ( http://www.ncbi.nlm.nih.gov/genome/ (accessed on 15 October 2020)). Fungal assemblies...""}, {""url"": ""https://www.ncbi.nlm.nih.gov/genome/genomes/707"", ""score"": 13.0, ""title_match"": false, ""matched_keywords"": """", ""context"": ""...rium oxysporum. A total of 66 genome assemblies ( https://www.ncbi.nlm.nih.gov/genome/genomes/707 (accessed on 15 October 2020)) of different isola...""}, {""url"": ""http://www.ncbi.nlm.nih.gov/genome/genomes/707"", ""score"": 13.0, ""title_match"": false, ""matched_keywords"": """", ""context"": """"}, {""url"": ""https://mlst.mycologylab.org/"", ""score"": 5.0, ""title_match"": false, ""matched_keywords"": """", ""context"": ""...e developed in consortium for 10 fungal species ( https://mlst.mycologylab.org/ (accessed on 15 October 2020)) and FungiDB, a Fun...""}]"
30269990,An Open Resource for Non-human Primate Imaging.,RESOURCE_NO_URL,True,PMC,59268,http://www.primatebrainbank.org/ | http://fcon_1000.projects.nitrc.org/indi/indiPRIME.html | https://creativecommons.org/licenses/by-nc-sa/4.0/ | https://creativecommons.org/licenses/by/4.0/ | https://afni.nimh.nih.gov/pub/dist/atlases/macaque | https://afni.nimh.nih.gov/NMT | http://preprocessed-connectomes-project.org/quality-assessment-protocol/ | https://fsl.fmrib.ox.ac.uk/fsl/fslwiki | https://afni.nimh.nih.gov/ | https://surfer.nmr.mgh.harvard.edu/ | http://preprocessed-connectomes-project.org/quality-assessment-protocol/index.html | http://stnava.github.io/ANTs/,12,http://www.primatebrainbank.org/,55.0,True,primate,...nstitute of Neuroscience Primate Brain Bank (PBB; http://www.primatebrainbank.org/ ). No individuals were sacrificed for PBB brain i...,True,200.0,,"[{""url"": ""http://www.primatebrainbank.org/"", ""score"": 55.0, ""title_match"": true, ""matched_keywords"": ""primate"", ""context"": ""...nstitute of Neuroscience Primate Brain Bank (PBB; http://www.primatebrainbank.org/ ). No individuals were sacrificed for PBB brain i...""}, {""url"": ""http://fcon_1000.projects.nitrc.org/indi/indiPRIME.html"", ""score"": 15.0, ""title_match"": false, ""matched_keywords"": """", ""context"": ""...asets can be accessed through the PRIME-DE site ( http://fcon_1000.projects.nitrc.org/indi/indiPRIME.html ). Prior to downloading the data, users are requi...""}, {""url"": ""https://creativecommons.org/licenses/by-nc-sa/4.0/"", ""score"": 5.0, ""title_match"": false, ""matched_keywords"": """", ""context"": ""...bution-Non-Commercial Share Alike (CC-BY-NC-SA) ( https://creativecommons.org/licenses/by-nc-sa/4.0/ ). Standard INDI data sharing policy. Prohibits u...""}, {""url"": ""https://creativecommons.org/licenses/by/4.0/"", ""score"": 5.0, ""title_match"": false, ""matched_keywords"": """", ""context"": ""...ses. (2) Creative Commons \u2013 Attribution (CC-BY) ( https://creativecommons.org/licenses/by/4.0/ ). Least restrictive data sharing policy. (3) Cus...""}, {""url"": ""https://afni.nimh.nih.gov/pub/dist/atlases/macaque"", ""score"": 5.0, ""title_match"": false, ""matched_keywords"": """", ""context"": ""...e available for the single-subject D99 template ( https://afni.nimh.nih.gov/pub/dist/atlases/macaque ) and the recently published National Institute o...""}, {""url"": ""https://afni.nimh.nih.gov/NMT"", ""score"": 5.0, ""title_match"": false, ""matched_keywords"": """", ""context"": ""...h Macaque Template (NMT; Seidlitz et\u00a0al., 2018b ; https://afni.nimh.nih.gov/NMT ). The NMT is a high-resolution (0.25\u00a0mm isotropi...""}, {""url"": ""http://preprocessed-connectomes-project.org/quality-assessment-protocol/"", ""score"": 5.0, ""title_match"": false, ""matched_keywords"": """", ""context"": ""...t Quality Assurance Protocol Shehzad et\u00a0al., 2015 http://preprocessed-connectomes-project.org/quality-assessment-protocol/ FSL Smith et al., 2004 https://fsl.fmrib.ox.ac.uk...""}, {""url"": ""https://fsl.fmrib.ox.ac.uk/fsl/fslwiki"", ""score"": 5.0, ""title_match"": false, ""matched_keywords"": """", ""context"": ""...ality-assessment-protocol/ FSL Smith et al., 2004 https://fsl.fmrib.ox.ac.uk/fsl/fslwiki ; RRID: SCR_002823 AFNI Cox, 1996 https://afni.ni...""}, {""url"": ""https://afni.nimh.nih.gov/"", ""score"": 5.0, ""title_match"": false, ""matched_keywords"": """", ""context"": ""...e available for the single-subject D99 template ( https://afni.nimh.nih.gov/pub/dist/atlases/macaque ) and the recently publis...""}, {""url"": ""https://surfer.nmr.mgh.harvard.edu/"", ""score"": 5.0, ""title_match"": false, ""matched_keywords"": """", ""context"": ""...h.gov/ ; RRID: SCR_005927 FreeSurfer Fischl, 2012 https://surfer.nmr.mgh.harvard.edu/ ; RRID: SCR_001847 ANTs Avants et al., 2011 http:...""}]"
30545857,Comprehensive functional genomic resource and integrative model for the human brain.,RESOURCE_NO_URL,False,,0,,0,,0.0,False,,,False,,,
22211970,A knockout mouse resource for the biomedical research community.,RESOURCE_NO_URL,False,,0,,0,,0.0,False,,,False,,,
30894373,An Interactive Resource to Probe Genetic Diversity and Estimated Ancestry in Cancer Cell Lines.,RESOURCE_NO_URL,False,,0,,0,,0.0,False,,,False,,,
27193236,A curated and standardized adverse drug event resource to accelerate drug safety research.,RESOURCE_NO_URL,True,PMC,41310,http://www.healthdata.gov | http://www.apache.org/licenses/ | http://www.ohdsi.org/web/athena/ | http://www.hcup-us.ahrq.gov/reports/statbriefs/sb109.pdf | http://goo.gl/9Lcc65 | http://www.adverahealth.com | http://www.druglogic.com | http://www.fdable.com/information/faq | http://www.oracle.com/us/products/applications/health-sciences/pharmacovigilance/index.html | http://www.ubc.com/services/safety/risk-management-pharmacovigilance,10,http://www.healthdata.gov,16.0,False,,,True,200.0,,"[{""url"": ""http://www.healthdata.gov"", ""score"": 16.0, ""title_match"": false, ""matched_keywords"": """", ""context"": """"}, {""url"": ""http://www.apache.org/licenses/"", ""score"": 15.0, ""title_match"": false, ""matched_keywords"": """", ""context"": ""...available under the terms of the Apache License ( http://www.apache.org/licenses/ ). This code was developed and tested using: OHDS...""}, {""url"": ""http://www.ohdsi.org/web/athena/"", ""score"": 5.0, ""title_match"": false, ""matched_keywords"": """", ""context"": ""...ped and tested using: OHDSI standard vocabulary ( http://www.ohdsi.org/web/athena/ ) version v5.0 08-JUN-15, which includes: RxNorm...""}, {""url"": ""http://www.hcup-us.ahrq.gov/reports/statbriefs/sb109.pdf"", ""score"": 5.0, ""title_match"": false, ""matched_keywords"": """", ""context"": ""...hcare Research and Quality, Rockville, MD, USA) . http://www.hcup-us.ahrq.gov/reports/statbriefs/sb109.pdf ( April 2011 ). Haerian K. et al. Detection of Ph...""}, {""url"": ""http://goo.gl/9Lcc65"", ""score"": 0.0, ""title_match"": false, ""matched_keywords"": """", ""context"": ""...e as a quarterly downloads on the FDA\u2019s website ( http://goo.gl/9Lcc65 ), two formats: Extensible Markup Language (XML)...""}, {""url"": ""http://www.adverahealth.com"", ""score"": 0.0, ""title_match"": false, ""matched_keywords"": """", ""context"": ""...\u2013 i80 ( 2011 ). 21946238 Advera Health Analytics. http://www.adverahealth.com ( 2016 ). DrugLogic - Your Partner in Risk Manage...""}, {""url"": ""http://www.druglogic.com"", ""score"": 0.0, ""title_match"": false, ""matched_keywords"": """", ""context"": ""...6 ). DrugLogic - Your Partner in Risk Management. http://www.druglogic.com ( 2014 ). FDAble - Frequently Asked Questions. ht...""}, {""url"": ""http://www.fdable.com/information/faq"", ""score"": 0.0, ""title_match"": false, ""matched_keywords"": """", ""context"": ""...om ( 2014 ). FDAble - Frequently Asked Questions. http://www.fdable.com/information/faq ( 2016 ). Oracle Health Sciences Pharmacovigilanc...""}, {""url"": ""http://www.oracle.com/us/products/applications/health-sciences/pharmacovigilance/index.html"", ""score"": 0.0, ""title_match"": false, ""matched_keywords"": """", ""context"": ""...Pharmacovigilance and Risk Management Solutions. http://www.oracle.com/us/products/applications/health-sciences/pharmacovigilance/index.html ( 2016 ). UBC - Risk Management & Pharmacovigilan...""}, {""url"": ""http://www.ubc.com/services/safety/risk-management-pharmacovigilance"", ""score"": 0.0, ""title_match"": false, ""matched_keywords"": """", ""context"": ""...016 ). UBC - Risk Management & Pharmacovigilance. http://www.ubc.com/services/safety/risk-management-pharmacovigilance ( 2016 ). Hripcsak G. et al. Observational Health...""}]"
