pmid,title,issue_type,best_url,best_url_score,best_url_title_match,best_url_matched_keywords,issue_description
32542364,GTDB: an integrated resource for glycosyltransferase sequences and annotations.,DEAD_HIGH_SCORE,https://www.biosino.org/gtdb/,73.0,True,gtdb,Dead URL with high score (73.0) - may need investigation
31032842,The MACADAM database: a MetAboliC pAthways DAtabase for Microbial taxonomic groups for mining potential metabolic capacities of archaeal and bacterial taxonomic groups.,DEAD_HIGH_SCORE,http://macadam.toulouse.inra.fr,50.0,True,macadam,Dead URL with high score (50.0) - may need investigation
35088001,The GWAS-MAP platform for aggregation of results of genome-wide association studies and the GWAS-MAP|homo database of 70 billion genetic associations of human traits.,LOW_SCORE,http://www.ukbiobank.ac.uk/,13.0,False,,Low score (13.0) - URL may be incorrect
22139914,MOPED: Model Organism Protein Expression Database.,DEAD_HIGH_SCORE,http://moped.proteinspire.org,63.0,True,"moped, protein",Dead URL with high score (63.0) - may need investigation
26504853,FluKB: A Knowledge-Based System for Influenza Vaccine Target Discovery and Analysis of the Immunological Properties of Influenza Viruses.,DEAD_HIGH_SCORE,http://research4.dfci.harvard.edu/cvc/flukb/,65.0,True,flukb,Dead URL with high score (65.0) - may need investigation
34669691,RefPlantNLR is a comprehensive collection of experimentally validated plant disease resistance proteins from the NLR family.,LOW_SCORE,https://www.geneious.com,8.0,False,,Low score (8.0) - URL may be incorrect
26882984,RhesusBase PopGateway: Genome-Wide Population Genetics Atlas in Rhesus Macaque.,DEAD_HIGH_SCORE,http://www.rhesusbase.org/popGateway,55.0,True,"rhesusbase, popgateway, rhesus",Dead URL with high score (55.0) - may need investigation
23164068,Huvariome: a web server resource of whole genome next-generation sequencing allelic frequencies to aid in pathological candidate gene selection.,DEAD_HIGH_SCORE,http://huvariome.erasmusmc.nl,50.0,True,huvariome,Dead URL with high score (50.0) - may need investigation
30212910,Spfy: an integrated graph database for real-time prediction of bacterial phenotypes and downstream comparative analyses.,DEAD_HIGH_SCORE,https://lfz.corefacility.ca/superphy/spfy/,60.0,True,spfy,Dead URL with high score (60.0) - may need investigation
33066523,circ2GO: A Database Linking Circular RNAs to Gene Function.,DEAD_HIGH_SCORE,https://circ2GO.dkfz.de,60.0,True,circ2go,Dead URL with high score (60.0) - may need investigation
31286860,DAIRYdb: a manually curated reference database for improved taxonomy annotation of 16S rRNA gene sequences from dairy products.,LOW_SCORE,http://www.drive5.com/uchime/rdp_gold.fa,10.0,False,,Low score (10.0) - URL may be incorrect
31598718,SEAweb: the small RNA Expression Atlas web application.,LOW_SCORE,http://sea.ims.bio/,18.0,False,,Low score (18.0) - URL may be incorrect
30834332,RefSoil+: a Reference Database for Genes and Traits of Soil Plasmids.,FALSE_POSITIVE_URL,ftp://ftp.ncbi.nlm.nih.gov/refseq/release,13.0,False,,Reference URL detected () - likely not the announced database
30339215,MGH: a genome hub for the medicinal plant maca (Lepidium meyenii).,LOW_SCORE,http://ccdb.tau.ac.il/search/,11.0,False,,Low score (11.0) - URL may be incorrect
31169290,ResMarkerDB: a database of biomarkers of response to antibody therapy in breast and colorectal cancer.,DEAD_HIGH_SCORE,http://www.resmarkerdb.org,76.0,True,resmarkerdb,Dead URL with high score (76.0) - may need investigation
30793170,SuCComBase: a manually curated repository of plant sulfur-containing compounds.,LOW_SCORE,http://plant-scc.org,15.0,False,,Low score (15.0) - URL may be incorrect
34445647,ExpressHeart: Web Portal to Visualize Transcriptome Profiles of Non-Cardiomyocyte Cells.,DEAD_HIGH_SCORE,http://shiny.bios.unc.edu/expressheart/,63.0,True,expressheart,Dead URL with high score (63.0) - may need investigation
32024829,ProtCID: a data resource for structural information on protein interactions.,DEAD_HIGH_SCORE,http://dunbrack2.fccc.edu/ProtCiD/IPdbfam/PfamLigands.aspx?Ligand=HEM,73.0,True,protcid,Dead URL with high score (73.0) - may need investigation
29470400,RaMP: A Comprehensive Relational Database of Metabolomics Pathways for Pathway Enrichment Analysis of Genes and Metabolites.,FALSE_POSITIVE_URL,http://rest.kegg.jp/list/pathway/hsa,50.0,True,pathway,Reference URL detected (rest.kegg.jp) - likely not the announced database
23180770,ASGARD: an open-access database of annotated transcriptomes for emerging model arthropod species.,LOW_SCORE,http://arthropodgenomes.org/wiki/i5K,13.0,False,,Low score (13.0) - URL may be incorrect
31267133,piRDisease v1.0: a manually curated database for piRNA associated diseases.,LOW_SCORE,http://piwirna2disease.org/,15.0,False,,Low score (15.0) - URL may be incorrect
23660284,dbWFA: a web-based database for functional annotation of Triticum aestivum transcripts.,LOW_SCORE,http://avena.pw.usda.gov/genome/,13.0,False,,Low score (13.0) - URL may be incorrect
23134618,C²Maps: a network pharmacology database with comprehensive disease-gene-drug connectivity relationships.,LOW_SCORE,http://www.biomedcentral.com/bmcgenomics/supplements/13/S6,18.0,False,,Low score (18.0) - URL may be incorrect
21992002,The BioLexicon: a large-scale terminological resource for biomedical text mining.,FALSE_POSITIVE_URL,http://www.ebi.ac.uk/Rebholz-srv/BioLexicon/biolexicon.html,73.0,True,biolexicon,Reference URL detected (www.ebi.ac.uk) - likely not the announced database
29564396,A Reference Viral Database (RVDB) To Enhance Bioinformatics Analysis of High-Throughput Sequencing for Novel Virus Detection.,DEAD_HIGH_SCORE,https://hive.biochemistry.gwu.edu/rvdb,63.0,True,rvdb,Dead URL with high score (63.0) - may need investigation
31001319,FeatSNP: An Interactive Database for Brain-Specific Epigenetic Annotation of Human SNPs.,LOW_SCORE,http://www.roadmapepigenomics.org/,13.0,False,,Low score (13.0) - URL may be incorrect
34206969,PhaLP: A Database for the Study of Phage Lytic Proteins and Their Evolution.,DEAD_HIGH_SCORE,https://www.phalp.org/database,63.0,True,"database, phalp",Dead URL with high score (63.0) - may need investigation
30722041,The radish genome database (RadishGD): an integrated information resource for radish genomics.,DEAD_HIGH_SCORE,http://radish-genome.org,63.0,True,"radish, genome",Dead URL with high score (63.0) - may need investigation
22408426,Aggregating data for computational toxicology applications: The U.S. Environmental Protection Agency (EPA) Aggregated Computational Toxicology Resource (ACToR) System.,DEAD_HIGH_SCORE,http://actor.epa.gov/actor/faces/ToxCastDB/Home.jsp,73.0,True,"epa, actor",Dead URL with high score (73.0) - may need investigation
28556827,"""RiceAtlas, a spatial database of global rice calendars and production.""",LOW_SCORE,http://www.fao.org/faostat/en/#home,5.0,False,,Low score (5.0) - URL may be incorrect
26228432,"""OCDB: a database collecting genes, miRNAs and drugs for obsessive-compulsive disorder.""",DEAD_HIGH_SCORE,http://alpha.dmi.unict.it/ocdb/,58.0,True,ocdb,Dead URL with high score (58.0) - may need investigation
26425431,NanoE-Tox: New and in-depth database concerning ecotoxicity of nanomaterials.,DEAD_HIGH_SCORE,http://www.toxnet.nlm.nih.gov/newtoxnet/hsdb.htm,73.0,True,tox,Dead URL with high score (73.0) - may need investigation
32353048,Nutrimedia: A novel web-based resource for the general public that evaluates the veracity of nutrition claims using the GRADE approach.,DEAD_HIGH_SCORE,https://bestpractice.bmj.com/info/us/toolkit/learn-ebm/what-is-grade/,58.0,True,grade,Dead URL with high score (58.0) - may need investigation
30256987,AGD: Aneurysm Gene Database.,DEAD_HIGH_SCORE,http://www.ncbi.nih.gov/gene,63.0,True,gene,Dead URL with high score (63.0) - may need investigation
26297754,The INDEPTH Data Repository: An International Resource for Longitudinal Population and Health Data From Health and Demographic Surveillance Systems.,DEAD_HIGH_SCORE,http://www.indepth-ishare.org,55.0,True,indepth,Dead URL with high score (55.0) - may need investigation
30891576,LasDB: A collective database for laboratory animal strain resources.,LOW_SCORE,http://www.wanfangdata.com.cn,11.0,False,,Low score (11.0) - URL may be incorrect
30788499,FairBase: a comprehensive database of fungal A-to-I RNA editing.,LOW_SCORE,https://broadinstitute.github.io/picard,0.0,False,,Low score (0.0) - URL may be incorrect
29669592,GGDonto ontology as a knowledge-base for genetic diseases and disorders of glycan metabolism and their causative genes.,DEAD_HIGH_SCORE,http://jcggdb.jp/rdf/diseases/ggdonto-schema%23,61.0,True,ggdonto,Dead URL with high score (61.0) - may need investigation
24758335,EndoNet: an information resource about the intercellular signaling network.,DEAD_HIGH_SCORE,http://endonet.bioinf.med.uni-goettingen.de,68.0,True,endonet,Dead URL with high score (68.0) - may need investigation
28535294,HGVA: the Human Genome Variation Archive.,DEAD_HIGH_SCORE,http://docs.opencb.org/display/hgva/Datasets+and+Studies,73.0,True,hgva,Dead URL with high score (73.0) - may need investigation
25061374,"""CracidMex1: a comprehensive database of global occurrences of cracids (Aves, Galliformes) with distribution in Mexico.""",DEAD_HIGH_SCORE,http://www.bio-nica.info/biblioteca/ListaPatronAvesNicaragua2007.pdf,58.0,True,aves,Dead URL with high score (58.0) - may need investigation
29970001,Plant organelle RNA editing and its specificity factors: enhancements of analyses and new database features in PREPACT 3.0.,DEAD_HIGH_SCORE,ppr.plantenergy.uwa.edu.au,65.0,True,plant,Dead URL with high score (65.0) - may need investigation
21992659,MedEval - A Swedish medical test collection with doctors and patients user groups.,LOW_SCORE,http://www.jbiomedsem.com/supplements/2/S3,18.0,False,,Low score (18.0) - URL may be incorrect
33214792,ANSH: Multimodal Neuroimaging Database Including MR Spectroscopic Data From Each Continent to Advance Alzheimer's Disease Research.,LOW_SCORE,https://ida.loni.usc.edu,5.0,False,,Low score (5.0) - URL may be incorrect
32935014,A Pan-Canadian Data Resource for Monitoring Child Developmental Health: The Canadian Neighbourhoods and Early Child Development (CanNECD) Database.,LOW_SCORE,https://edi.offordcentre.com/resources/bibliography-of-the-edi/,18.0,False,,Low score (18.0) - URL may be incorrect
34316704,Cancer LncRNA Census 2 (CLC2): an enhanced resource reveals clinical features of cancer lncRNAs.,DEAD_HIGH_SCORE,http://biophy.dzu.edu.cn/EVLncRNAs/,63.0,True,lncrna,Dead URL with high score (63.0) - may need investigation
32719846,OPTIK: a database for understanding catchment areas to guide mobilization of cancer center assets.,LOW_SCORE,https://egems.academyhealth.org/articles/10.5334/egems.305/,5.0,False,,Low score (5.0) - URL may be incorrect
34132786,"""efam: an expanded, metaproteome-supported HMM profile database of viral protein families.""",LOW_SCORE,http://vogdb.org/,16.0,False,,Low score (16.0) - URL may be incorrect
34253812,DES-Tcell is a knowledgebase for exploring immunology-related literature.,DEAD_HIGH_SCORE,http://cbrc.kaust.edu.sa/des-tcell/,65.0,True,"des, tcell",Dead URL with high score (65.0) - may need investigation
29095940,ExpressionDB: An open source platform for distributing genome-scale datasets.,LOW_SCORE,https://www.rstudio.com/products/shiny/download-server/,18.0,False,,Low score (18.0) - URL may be incorrect
28981643,MareyMap Online: A User-Friendly Web Application and Database Service for Estimating Recombination Rates Using Physical and Genetic Maps.,FALSE_POSITIVE_URL,https://cran.r-project.org/web/packages/MareyMap/index.html,65.0,True,mareymap,Reference URL detected (cran.r-project.org) - likely not the announced database
33552471,Establishing the South Australian Macrobenthic Traits (SAMT) database: A trait classification for functional assessments.,LOW_SCORE,https://CRAN.R‐project.org/package=vegan,5.0,False,,Low score (5.0) - URL may be incorrect
28112271,"""SecretEPDB: A comprehensive web-based resource for secreted effector proteins of the bacterial types III, IV and VI secretion systems.""",DEAD_HIGH_SCORE,http://secretepdb.erc.monash.edu.au/submission.jsp,76.0,True,secretepdb,Dead URL with high score (76.0) - may need investigation
28127234,RAINBIO: a mega-database of tropical African vascular plants distributions.,DEAD_HIGH_SCORE,http://rainbio.cesab.org/,63.0,True,rainbio,Dead URL with high score (63.0) - may need investigation
31250015,MolMeDB: Molecules on Membranes Database.,DEAD_HIGH_SCORE,http://molmedb.upol.cz,71.0,True,molmedb,Dead URL with high score (71.0) - may need investigation
31529106,ApicoTFdb: the comprehensive web repository of apicomplexan transcription factors and transcription-associated co-factors.,LOW_SCORE,http://bioinfo.icgeb.res.in/PtDB/,8.0,False,,Low score (8.0) - URL may be incorrect
31819989,NeoPeptide: an immunoinformatic database of T-cell-defined neoantigens.,DEAD_HIGH_SCORE,http://www.neopeptide.cn,50.0,True,neopeptide,Dead URL with high score (50.0) - may need investigation
31820805,UPObase: an online database of unspecific peroxygenases.,DEAD_HIGH_SCORE,upobase.bioinformaticsreview.com,58.0,True,upobase,Dead URL with high score (58.0) - may need investigation
26704706,MycoBASE: expanding the functional annotation coverage of mycobacterial genomes.,DEAD_HIGH_SCORE,strong.ucdenver.edu/mycobase,65.0,True,mycobase,Dead URL with high score (65.0) - may need investigation
30944336,"""MarTurtSI, a global database of stable isotope analyses of marine turtles.""",LOW_SCORE,http://www.iucnredlist.org,5.0,False,,Low score (5.0) - URL may be incorrect
31073139,SLTChemDB: A database of chemical compounds present in Smokeless tobacco products.,LOW_SCORE,http://www.rdkit.org/,15.0,False,,Low score (15.0) - URL may be incorrect
25281234,CanvasDB: a local database infrastructure for analysis of targeted- and whole genome re-sequencing projects.,FALSE_POSITIVE_URL,ftp://ftp.1000genomes.ebi.ac.uk/vol1/ftp/release/20110521/,13.0,False,,Reference URL detected () - likely not the announced database
31650170,ProtMiscuity: a database of promiscuous proteins.,DEAD_HIGH_SCORE,http://ufq.unq.edu.ar/protmiscuity,55.0,True,protmiscuity,Dead URL with high score (55.0) - may need investigation
30030469,Circ2Disease: a manually curated database of experimentally validated circRNAs in human disease.,DEAD_HIGH_SCORE,http://bioinformatics.zju.edu.cn/Circ2Disease/circRNAgroup.html,63.0,True,circ2disease,Dead URL with high score (63.0) - may need investigation
28105316,CanVar: A resource for sharing germline variation in cancer patients.,DEAD_HIGH_SCORE,http://canvar.icr.ac.uk,65.0,True,canvar,Dead URL with high score (65.0) - may need investigation
25243218,VibrioBase: a model for next-generation genome and annotation database development.,LOW_SCORE,http://vibrio.um.edu.my,5.0,False,,Low score (5.0) - URL may be incorrect
25819073,BioXpress: an integrated RNA-seq-derived gene expression database for pan-cancer analysis.,DEAD_HIGH_SCORE,http://hive.biochemistry.gwu.edu/tools/bioxpress,63.0,True,bioxpress,Dead URL with high score (63.0) - may need investigation
33392435,PhyloGenes: An online phylogenetics and functional genomics resource for plant gene function inference.,DEAD_HIGH_SCORE,http://www.phylogenes.org/grafting,63.0,True,phylogenes,Dead URL with high score (63.0) - may need investigation
34698276,"""MicroSalmon: A Comprehensive, Searchable Resource of Predicted MicroRNA Targets and 3'UTR Cis-Regulatory Elements in the Full-Length Sequenced Atlantic Salmon Transcriptome.""",FALSE_POSITIVE_URL,https://www.ncbi.nlm.nih.gov/genome/annotation_euk/Salmo_salar/100/,13.0,False,,Reference URL detected (www.ncbi.nlm.nih.gov) - likely not the announced database
26078477,HCSD: the human cancer secretome database.,LOW_SCORE,http://www.mysql.com/,10.0,False,,Low score (10.0) - URL may be incorrect
27230105,ProCarDB: a database of bacterial carotenoids.,DEAD_HIGH_SCORE,http://bioinfo.imtech.res.in/servers/procardb/?c=aboutus&m=downloads,68.0,True,procardb,Dead URL with high score (68.0) - may need investigation
25712262,YPED: an integrated bioinformatics suite and database for mass spectrometry-based proteomics research.,DEAD_HIGH_SCORE,http://yped.med.yale.edu/yped_dist/,65.0,True,yped,Dead URL with high score (65.0) - may need investigation
24517501,SNPchiMp: a database to disentangle the SNPchip jungle in bovine livestock.,DEAD_HIGH_SCORE,http://bioinformatics.tecnoparco.org/SNPchimp,73.0,True,snpchimp,Dead URL with high score (73.0) - may need investigation
30219837,lncSLdb: a resource for long non-coding RNA subcellular localization.,DEAD_HIGH_SCORE,http://bioinformatics.xidian.edu.cn/lncSLdb,73.0,True,lncsldb,Dead URL with high score (73.0) - may need investigation
34592929,MetaGeneBank: a standardized database to study deep sequenced metagenomic data from human fecal specimen.,LOW_SCORE,http://tcm.zju.edu.cn/mgb,15.0,False,,Low score (15.0) - URL may be incorrect
34181736,CROssBAR: comprehensive resource of biomedical relations with knowledge graph representations.,FALSE_POSITIVE_URL,https://www.ebi.ac.uk/Tools/crossbar/swagger-ui.html,73.0,True,crossbar,Reference URL detected (www.ebi.ac.uk) - likely not the announced database
31608948,KOFFI and Anabel 2.0-a new binding kinetics database and its integration in an open-source binding analysis software.,DEAD_HIGH_SCORE,http://www.koffidb.org,66.0,True,koffi,Dead URL with high score (66.0) - may need investigation
23153247,PMRD: a curated database for genes and mutants involved in plant male reproduction.,DEAD_HIGH_SCORE,http://www.pmrd.org,55.0,True,pmrd,Dead URL with high score (55.0) - may need investigation
21605354,GPCR-SSFE: a comprehensive database of G-protein-coupled receptor template predictions and homology models.,DEAD_HIGH_SCORE,http://www.ssfa-7tmr.de/ssfe/,60.0,True,ssfe,Dead URL with high score (60.0) - may need investigation
25521507,cisMEP: an integrated repository of genomic epigenetic profiles and cis-regulatory modules in Drosophila.,DEAD_HIGH_SCORE,http://cosbi3.ee.ncku.edu.tw/cisMEP/,65.0,True,cismep,Dead URL with high score (65.0) - may need investigation
34688246,TAGOPSIN: collating taxa-specific gene and protein functional and structural information.,LOW_SCORE,https://biodbnet-abcc.ncifcrf.gov,13.0,False,,Low score (13.0) - URL may be incorrect
31696928,PCIR: a database of Plant Chloroplast Inverted Repeats.,DEAD_HIGH_SCORE,http://biodb.sdau.edu.cn/pcir/index.php,66.0,True,pcir,Dead URL with high score (66.0) - may need investigation
30147447,BioTIME: A database of biodiversity time series for the Anthropocene.,DEAD_HIGH_SCORE,https://data.noaa.gov/dataset/national-benthic-infaunal-database-nbid,76.0,True,database,Dead URL with high score (76.0) - may need investigation
30714190,Creation of a Curated Aquatic Toxicology Database: EnviroTox.,DEAD_HIGH_SCORE,http://www.EnviroToxdatabase.org,73.0,True,"database, envirotox",Dead URL with high score (73.0) - may need investigation
34297749,TREND database: Retinal images of healthy young subjects visualized by a portable digital non-mydriatic fundus camera.,DEAD_HIGH_SCORE,http://www.isi.uu.nl/Research/Databases/DRIVE/,68.0,True,database,Dead URL with high score (68.0) - may need investigation
33627669,"""OutFin, a multi-device and multi-modal dataset for outdoor localization based on the fingerprinting approach.""",LOW_SCORE,https://portal.3gpp.org/desktopmodules/Specifications/SpecificationDetails.aspx?specificationId=2427,16.0,False,,Low score (16.0) - URL may be incorrect
33767203,"""NLM-Chem, a new resource for chemical entity recognition in PubMed full text literature.""",FALSE_POSITIVE_URL,https://www.ncbi.nlm.nih.gov/research/bionlp/Data,73.0,True,nlm,Reference URL detected (www.ncbi.nlm.nih.gov) - likely not the announced database
31318422,IRAM: virus capsid database and analysis resource.,DEAD_HIGH_SCORE,https://iram.iau.edu.sa/,55.0,True,iram,Dead URL with high score (55.0) - may need investigation
32400867,Revenant: a database of resurrected proteins.,DEAD_HIGH_SCORE,http://revenant.inf.pucp.edu.pe/,55.0,True,revenant,Dead URL with high score (55.0) - may need investigation
22685450,ProMEX - a mass spectral reference database for plant proteomics.,DEAD_HIGH_SCORE,http://ProMEX.pph.univie.ac.at/ProMEX/,50.0,True,promex,Dead URL with high score (50.0) - may need investigation
28721381,Introducing SEARCHBreast: a virtual resource to facilitate sharing of surplus animal material developed for breast cancer research.,DEAD_HIGH_SCORE,https://searchbreast.org,65.0,True,searchbreast,Dead URL with high score (65.0) - may need investigation
23710289,NRF2-ome: an integrated web resource to discover protein interaction and regulatory networks of NRF2.,DEAD_HIGH_SCORE,http://nrf2.elte.hu/,50.0,True,nrf2,Dead URL with high score (50.0) - may need investigation
25797062,PTGBase: an integrated database to study tandem duplicated genes in plants.,DEAD_HIGH_SCORE,http://ocri-genomics.org/PTGBase/,63.0,True,ptgbase,Dead URL with high score (63.0) - may need investigation
26051157,WormGUIDES: an interactive single cell developmental atlas and tool for collaborative multidimensional data exploration.,DEAD_HIGH_SCORE,http://www.wormguides.org/open-source-software,65.0,True,wormguides,Dead URL with high score (65.0) - may need investigation
21487452,"""Existing data sources for clinical epidemiology: The clinical laboratory information system (LABKA) research database at Aarhus University, Denmark.""",LOW_SCORE,http://www.scandihealth.dk/Losninger/Laboratoriesystemer.htm,10.0,False,,Low score (10.0) - URL may be incorrect
27185890,QuadBase2: web server for multiplexed guanine quadruplex mining and visualization.,LOW_SCORE,quadbase.igib.res.in,18.0,False,,Low score (18.0) - URL may be incorrect
32074470,CoMPARA: Collaborative Modeling Project for Androgen Receptor Activity.,LOW_SCORE,https://comptox.epa.gov/dashboard/dsstoxdb/batch_search,13.0,False,,Low score (13.0) - URL may be incorrect
32661247,"""TAASRAD19, a high-resolution weather radar reflectivity dataset for precipitation nowcasting.""",LOW_SCORE,https://openradarscience.org/opendata/,13.0,False,,Low score (13.0) - URL may be incorrect
25422781,"""Remodeling Cildb, a popular database for cilia and links for ciliopathies.""",DEAD_HIGH_SCORE,http://cildb.cgm.cnrs-gif.fr/,61.0,True,cildb,Dead URL with high score (61.0) - may need investigation
32117445,CHG: A Systematically Integrated Database of Cancer Hallmark Genes.,DEAD_HIGH_SCORE,http://www.bio-bigdata.com/CHG/index.html,71.0,True,chg,Dead URL with high score (71.0) - may need investigation
28475590,Benchmarking desktop and mobile handwriting across COTS devices: The e-BioSign biometric database.,DEAD_HIGH_SCORE,https://atvs.ii.uam.es/atvs/eBioSign-DS1.html,68.0,True,biosign,Dead URL with high score (68.0) - may need investigation
34806976,A 3D adult zebrafish brain atlas (AZBA) for the digital age.,DEAD_HIGH_SCORE,azba.wayne.edu,55.0,True,azba,Dead URL with high score (55.0) - may need investigation
30644852,"""GFPLAIN250m, a global high-resolution dataset of Earth's floodplains.""",LOW_SCORE,http://srtm.csi.cgiar.org/,15.0,False,,Low score (15.0) - URL may be incorrect
31236561,SeQuery: an interactive graph database for visualizing the GPCR superfamily.,LOW_SCORE,http://cluster.phy.ntnu.edu.tw,5.0,False,,Low score (5.0) - URL may be incorrect
33543124,ConsHMM Atlas: conservation state annotations for major genomes and human genetic variation.,DEAD_HIGH_SCORE,https://ernstlab.biolchem.ucla.edu/ConsHMMAtlas/,63.0,True,conshmm,Dead URL with high score (63.0) - may need investigation
32844169,LAMP2: a major update of the database linking antimicrobial peptides.,DEAD_HIGH_SCORE,http://biotechlab.fudan.edu.cn/database/lamp/index.php,63.0,True,database,Dead URL with high score (63.0) - may need investigation
31169291,Endometriosis Knowledgebase: a gene-based resource on endometriosis.,LOW_SCORE,http://www.ek.bicnirrh.res.in,0.0,False,,Low score (0.0) - URL may be incorrect
33408850,"""<i>Vf</i>ODB: a comprehensive database of ESTs, EST-SSRs, mtSSRs, microRNA-target markers and genetic maps in <i>Vicia faba</i>.""",DEAD_HIGH_SCORE,http://vfodb.easyomics.org/,66.0,True,"vfodb, odb",Dead URL with high score (66.0) - may need investigation
29888049,"""CDISC SHARE, a Global, Cloud-based Resource of Machine-Readable CDISC Standards for Clinical and Translational Research.""",DEAD_HIGH_SCORE,https://www.cdisc.org/svstem/files/all/article/application/pdf/global_data_standards_in_chinafinal.pdf,73.0,True,"cdisc, global, standards",Dead URL with high score (73.0) - may need investigation
22639657,"""The Rice Proteogenomics Database OryzaPG-DB: Development, Expansion, and New Features.""",DEAD_HIGH_SCORE,http://oryzapg.iab.keio.ac.jp/,65.0,True,oryzapg,Dead URL with high score (65.0) - may need investigation
24966540,NeeMDB: Convenient Database for Neem Secondary Metabolites.,DEAD_HIGH_SCORE,http://www.vmsrfdatabase.org/index.php,63.0,True,database,Dead URL with high score (63.0) - may need investigation
34966754,IDbSV: An Open-Access Repository for Monitoring SARS-CoV-2 Variations and Evolution.,DEAD_HIGH_SCORE,http://IDbSV.medbiotech-lab.ma,68.0,True,idbsv,Dead URL with high score (68.0) - may need investigation
28079125,Establishment of a integrative multi-omics expression database CKDdb in the context of chronic kidney disease (CKD).,DEAD_HIGH_SCORE,http://www.padb.org/ckdbd,66.0,True,ckd,Dead URL with high score (66.0) - may need investigation
30531985,"""ZuCo, a simultaneous EEG and eye-tracking resource for natural sentence reading.""",LOW_SCORE,http://sccn.ucsd.edu/wiki/Plugin_list_process,5.0,False,,Low score (5.0) - URL may be incorrect
32405169,CpGDB : A Comprehensive Database of Chloroplast Genomes.,DEAD_HIGH_SCORE,http://www.gndu.ac.in/CpGDB,68.0,True,cpgdb,Dead URL with high score (68.0) - may need investigation
29531295,TryTransDB: A web-based resource for transport proteins in Trypanosomatidae.,LOW_SCORE,http://43.227.133.106/homePage.php,10.0,False,,Low score (10.0) - URL may be incorrect
30376049,RTPDB: a database providing associations between genetic variation or expression and cancer prognosis with radiotherapy-based treatment.,DEAD_HIGH_SCORE,http://www.rtpdb.com/,61.0,True,rtpdb,Dead URL with high score (61.0) - may need investigation
27163938,"""MycoDB, a global database of plant response to mycorrhizal fungi.""",LOW_SCORE,http://plants.usda.gov,5.0,False,,Low score (5.0) - URL may be incorrect
26549805,CSIOVDB: a microarray gene expression database of epithelial ovarian cancer subtype.,DEAD_HIGH_SCORE,http://csibio.nus.edu.sg/CSIOVDB/pages/CSIOVDB_CDH1.html,73.0,True,csiovdb,Dead URL with high score (73.0) - may need investigation
22576174,MicrobeDB: a locally maintainable database of microbial genomic sequences.,LOW_SCORE,http://biosql.org,13.0,False,,Low score (13.0) - URL may be incorrect
30053271,PharmacoDB: an integrative database for mining in vitro anticancer drug screening studies.,FALSE_POSITIVE_URL,http://web.expasy.org/cellosaurus/,5.0,False,,Reference URL detected (web.expasy.org) - likely not the announced database
30581775,MDAD: A Special Resource for Microbe-Drug Associations.,DEAD_HIGH_SCORE,http://chengroup.cumt.edu.cn/MDAD,65.0,True,mdad,Dead URL with high score (65.0) - may need investigation
24244550,C-PAmP: large scale analysis and database construction containing high scoring computationally predicted antimicrobial peptides for all the available plant species.,DEAD_HIGH_SCORE,http://bioserver-2.bioacademy.gr/Bioserver/C-PAmP/,68.0,True,pamp,Dead URL with high score (68.0) - may need investigation
30717653,MIGREW: database on molecular identification of genes for resistance in wheat.,LOW_SCORE,https://bmcbioinformatics.biomedcentral.com/articles/supplements/volume-20-supplement-1,18.0,False,,Low score (18.0) - URL may be incorrect
30722040,ZincBind-the database of zinc binding sites.,LOW_SCORE,http://www.sqlite.org,5.0,False,,Low score (5.0) - URL may be incorrect
32849792,MicroHapDB: A Portable and Extensible Database of All Published Microhaplotype Marker and Frequency Data.,LOW_SCORE,https://www.fbi.gov/services/laboratory/biometric-analysis/codis,13.0,False,,Low score (13.0) - URL may be incorrect
34278269,SISTEMA: A large and standardized collection of transcriptome data sets for human pluripotent stem cell research.,DEAD_HIGH_SCORE,http://sistema.ens-lyon.fr/Echantillons.php,60.0,True,sistema,Dead URL with high score (60.0) - may need investigation
25833954,CHOPIN: a web resource for the structural and functional proteome of Mycobacterium tuberculosis.,DEAD_HIGH_SCORE,http://structure.bioc.cam.ac.uk/chopin/,73.0,True,chopin,Dead URL with high score (73.0) - may need investigation
34720783,TuLeD (Tupían lexical database): introducing a database of a South American language family.,DEAD_HIGH_SCORE,https://tuled.org/,65.0,True,tuled,Dead URL with high score (65.0) - may need investigation
31032837,PlantMP: a database for moonlighting plant proteins.,DEAD_HIGH_SCORE,https://www.plantmp.com/api/species?species=Arabidopsis,50.0,True,plantmp,Dead URL with high score (50.0) - may need investigation
24205506,CpGislandEVO: a database and genome browser for comparative evolutionary genomics of CpG islands.,DEAD_HIGH_SCORE,http://bioinfo2.ugr.es/CpGcluster/CpGcluster.zip,68.0,True,cpg,Dead URL with high score (68.0) - may need investigation
33216895,GPCR-PEnDB: a database of protein sequences and derived features to facilitate prediction and classification of G protein-coupled receptors.,DEAD_HIGH_SCORE,gpcr.utep.edu/database,63.0,True,"database, gpcr",Dead URL with high score (63.0) - may need investigation
32142370,OncoMX: A Knowledgebase for Exploring Cancer Biomarkers in the Context of Related Cancer and Healthy Data.,DEAD_HIGH_SCORE,https://data.oncomx.org,76.0,True,oncomx,Dead URL with high score (76.0) - may need investigation
31249436,MAPKDB: A MAP kinase database for signal transduction element identification.,LOW_SCORE,https://phytozome.jgi.doe.gov/pz/portal.html,13.0,False,,Low score (13.0) - URL may be incorrect
28596516,mTFkb: a knowledgebase for fundamental annotation of mouse transcription factors.,DEAD_HIGH_SCORE,http://sunlab.cpy.cuhk.edu.hk/mTFkb/,65.0,True,mtfkb,Dead URL with high score (65.0) - may need investigation
33758194,"""WOODIV, a database of occurrences, functional traits, and phylogenetic data for all Euro-Mediterranean trees.""",LOW_SCORE,http://data.kew.org/sid/,16.0,False,,Low score (16.0) - URL may be incorrect
22545727,T3DB: an integrated database for bacterial type III secretion system.,DEAD_HIGH_SCORE,http://biocomputer.bio.cuhk.edu.hk/T3DB/browse,63.0,True,t3db,Dead URL with high score (63.0) - may need investigation
26187044,CoagVDb: a comprehensive database for coagulation factors and their associated SAPs.,DEAD_HIGH_SCORE,http://www.info.vit.ac.in/CoagVdb/index.html,68.0,True,coagvdb,Dead URL with high score (68.0) - may need investigation
31160582,"""CFTI5Med, the new release of the catalogue of strong earthquakes in Italy and in the Mediterranean area.""",LOW_SCORE,https://emidius.mi.ingv.it/CPTI15-DBMI15/index_en.htm,8.0,False,,Low score (8.0) - URL may be incorrect
31839973,MGeND: an integrated database for Japanese clinical and genomic information.,DEAD_HIGH_SCORE,https://mgend.med.kyoto-u.ac.jp,65.0,True,mgend,Dead URL with high score (65.0) - may need investigation
24303294,SysBioCube: A Data Warehouse and Integrative Data Analysis Platform Facilitating Systems Biology Studies of Disorders of Military Relevance.,LOW_SCORE,http://www.canvasxpress.org,5.0,False,,Low score (5.0) - URL may be incorrect
30219838,"""WaspBase: a genomic resource for the interactions among parasitic wasps, insect hosts and plants.""",DEAD_HIGH_SCORE,http://www.insect-genome.com/waspbase/,58.0,True,waspbase,Dead URL with high score (58.0) - may need investigation
22768184,BiofOmics: a Web platform for the systematic and standardized collection of high-throughput biofilm data.,DEAD_HIGH_SCORE,http://biofomics.org,63.0,True,biofomics,Dead URL with high score (63.0) - may need investigation
22233419,MetRxn: a knowledgebase of metabolites and reactions spanning metabolic models and databases.,DEAD_HIGH_SCORE,http://metrxn.che.psu.edu,55.0,True,metrxn,Dead URL with high score (55.0) - may need investigation
26601758,"""VenomKB, a new knowledge base for facilitating the validation of putative venom therapies.""",DEAD_HIGH_SCORE,http://venomkb.tatonettilab.org,55.0,True,venomkb,Dead URL with high score (55.0) - may need investigation
34677393,MSCAT: A Machine Learning Assisted Catalog of Metabolomics Software Tools.,LOW_SCORE,https://www.postgresql.org/,5.0,False,,Low score (5.0) - URL may be incorrect
32082621,FibroAtlas: A Database for the Exploration of Fibrotic Diseases and Their Genes.,DEAD_HIGH_SCORE,http://biokb.ncpsb.org/fibroatlas/,63.0,True,fibroatlas,Dead URL with high score (63.0) - may need investigation
28186632,NorWood: a gene expression resource for evo-devo studies of conifer wood development.,DEAD_HIGH_SCORE,http://NorWood.ConGenIE.org,55.0,True,norwood,Dead URL with high score (55.0) - may need investigation
26543854,OperomeDB: A Database of Condition-Specific Transcription Units in Prokaryotic Genomes.,DEAD_HIGH_SCORE,http://sysbio.informatics.iupui.edu/operomeDB/#/,63.0,True,operomedb,Dead URL with high score (63.0) - may need investigation
33241205,scREAD: A Single-Cell RNA-Seq Database for Alzheimer's Disease.,DEAD_HIGH_SCORE,https://bmbls.bmi.osumc.edu/scread/,65.0,True,scread,Dead URL with high score (65.0) - may need investigation
31414118,PICEAdatabase: a web database for Picea omics and phenotypic information.,DEAD_HIGH_SCORE,http://www.piceadb.com/,61.0,True,picea,Dead URL with high score (61.0) - may need investigation
27114494,CoReCG: a comprehensive database of genes associated with colon-rectal cancer.,DEAD_HIGH_SCORE,http://www.lms.snu.edu.in/CoReCG/,55.0,True,corecg,Dead URL with high score (55.0) - may need investigation
30558550,DAWN: a resource for yielding insights into the diversity among wheat genomes.,DEAD_HIGH_SCORE,http://crobiad.agwine.adelaide.edu.au/dawn/,65.0,True,dawn,Dead URL with high score (65.0) - may need investigation
34895295,ChemTables: a dataset for semantic classification on tables in chemical patents.,LOW_SCORE,http://webdatacommons.org/webtables/,13.0,False,,Low score (13.0) - URL may be incorrect
34764987,GeneMarkeR: A Database and User Interface for scRNA-seq Marker Genes.,DEAD_HIGH_SCORE,https://shiny.ph.iu.edu/GeneMarkeR/,73.0,True,"genemarker, marker",Dead URL with high score (73.0) - may need investigation
25009514,Food-pics: an image database for experimental research on eating and appetite.,DEAD_HIGH_SCORE,http://www.food-pics.sbg.ac.at,50.0,True,"food, pics",Dead URL with high score (50.0) - may need investigation
31608376,RumimiR: a detailed microRNA database focused on ruminant species.,DEAD_HIGH_SCORE,http://rumimir.sigenae.org/,65.0,True,rumimir,Dead URL with high score (65.0) - may need investigation
29574976,Database for High Throughput Screening Hits (dHITS): a simple tool to retrieve gene specific phenotypes from systematic screens done in yeast.,DEAD_HIGH_SCORE,https://www.dhitsmayalab.tk/firstPage.php,50.0,True,"hits, dhits",Dead URL with high score (50.0) - may need investigation
29533392,"""GlobTherm, a global database on thermal tolerances for aquatic and terrestrial organisms.""",LOW_SCORE,http://www.catalogueoflife.org/annual-checklist/2016,13.0,False,,Low score (13.0) - URL may be incorrect
32611382,Loqusdb: added value of an observations database of local genomic variation.,LOW_SCORE,http://zzz.bwh.harvard.edu/plink/data.shtml#ped,13.0,False,,Low score (13.0) - URL may be incorrect
24199845,SPIEDw: a searchable platform-independent expression database web tool.,LOW_SCORE,http://www.spied.org.uk,15.0,False,,Low score (15.0) - URL may be incorrect
23368899,SymGRASS: a database of sugarcane orthologous genes involved in arbuscular mycorrhiza and root nodule symbiosis.,DEAD_HIGH_SCORE,http://symgrass.dyndns.org,65.0,True,symgrass,Dead URL with high score (65.0) - may need investigation
21466708,dbOGAP - an integrated bioinformatics resource for protein O-GlcNAcylation.,FALSE_POSITIVE_URL,http://httpd.apache.org/,15.0,False,,Reference URL detected (httpd.apache.org) - likely not the announced database
30246068,"""PhytoMolecularTasteDB: An integrative database on the """"molecular taste"""" of Indian medicinal plants.""",LOW_SCORE,http://foodb.ca/,11.0,False,,Low score (11.0) - URL may be incorrect
34720637,"""Biovera-Epi: A new database on species diversity, community composition and leaf functional traits of vascular epiphytes along gradients of elevation and forest-use intensity in Mexico.""",LOW_SCORE,https://binary.pensoft.net/file/568751,0.0,False,,Low score (0.0) - URL may be incorrect
31628326,"""QM-sym, a symmetrized quantum chemistry database of 135 kilo molecules.""",LOW_SCORE,http://www.jmol.org,5.0,False,,Low score (5.0) - URL may be incorrect
33318981,iSignDB: A database for smartphone signature biometrics.,LOW_SCORE,https://apps.apple.com/us/app/matlab-mobile/id370976661,0.0,False,,Low score (0.0) - URL may be incorrect
21959866,3DSwap: curated knowledgebase of proteins involved in 3D domain swapping.,DEAD_HIGH_SCORE,http://caps.ncbs.res.in/3dswap,50.0,True,3dswap,Dead URL with high score (50.0) - may need investigation
23091487,"""CMD: A Database to Store the Bonding States of Cysteine Motifs with Secondary Structures.""",DEAD_HIGH_SCORE,http://birg4.fbb.utm.my/cmd,60.0,True,cmd,Dead URL with high score (60.0) - may need investigation
30781586,"""CVm6A: A Visualization and Exploration Database for m⁶As in Cell Lines.""",DEAD_HIGH_SCORE,http://gb.whu.edu.cn:8080/CVm6A,55.0,True,cvm6a,Dead URL with high score (55.0) - may need investigation
30624596,"""OTUX: V-region specific OTU database for improved 16S rRNA OTU picking and efficient cross-study taxonomic comparison of microbiomes.""",DEAD_HIGH_SCORE,https://web.rniapps.net/otux/,60.0,True,"otux, otu",Dead URL with high score (60.0) - may need investigation
31902976,"""BioDADPep: A Bioinformatics database for anti diabetic peptides.""",DEAD_HIGH_SCORE,http://omicsbase.com/BioDADPep/,58.0,True,biodadpep,Dead URL with high score (58.0) - may need investigation
33060804,"""Construction of TUATinsecta database that integrated plant and insect database for screening phytophagous insect metabolic products with medicinal potential.""",LOW_SCORE,https://togodb.org/db/tuat_insecta,16.0,False,,Low score (16.0) - URL may be incorrect
29688221,"""DataTri, a database of American triatomine species occurrence.""",LOW_SCORE,http://www.splink.org.br/,5.0,False,,Low score (5.0) - URL may be incorrect
30239678,"""THE-DB: a threading model database for comparative protein structure analysis of the E. coli K12 and human proteomes.""",LOW_SCORE,https://zhanglab.ccmb.med.umich.edu/THE-DB/,13.0,False,,Low score (13.0) - URL may be incorrect
25643023,"""PRIMED: PRIMEr database for deleting and tagging all fission and budding yeast genes developed using the open-source genome retrieval script (GRS).""",LOW_SCORE,http://www.sanger.ac.uk/research/projects/genomeinformatics/sgrp.html,13.0,False,,Low score (13.0) - URL may be incorrect
33172432,"""Ophthatome™: an integrated knowledgebase of ophthalmic diseases for translating vision research into the clinic.""",DEAD_HIGH_SCORE,https://demo.ophthatome.com/,50.0,True,ophthatome,Dead URL with high score (50.0) - may need investigation
32850476,"""TickSialoFam (TSFam): A Database That Helps to Classify Tick Salivary Proteins, a Review on Tick Salivary Protein Function and Evolution, With Considerations on the Tick Sialome Switching Phenomenon.""",FALSE_POSITIVE_URL,ftp://ftp.ncbi.nlm.nih.gov/blast/executables/legacy.NOTSUPPORTED/2.2.26/,15.0,False,,Reference URL detected () - likely not the announced database
30204154,"""The eICU Collaborative Research Database, a freely available multi-center database for critical care research.""",LOW_SCORE,https://www.gpo.gov/fdsys/pkg/PLAW-104publ191/html/PLAW-104publ191.htm,5.0,False,,Low score (5.0) - URL may be incorrect
33034563,"""Interactive Web-Based Resource for Annotation of Genetic Variants Causing Hereditary Angioedema (HADA): Database Development, Implementation, and Validation.""",DEAD_HIGH_SCORE,http://hada.hpc.iter.es/,50.0,True,hada,Dead URL with high score (50.0) - may need investigation
31260041,"""Oomycete Gene Table: an online database for comparative genomic analyses of the oomycete microorganisms.""",LOW_SCORE,http://www.sbi.kmutt.ac.th/cgi-bin/gt/viewer?organism=oomycetes&build=190208,10.0,False,,Low score (10.0) - URL may be incorrect
28872632,"""AmphiBIO, a global database for amphibian ecological traits.""",LOW_SCORE,http://www.auburn.edu/academic/science_math/cosam/collections/reptiles_amphibians/projects/vertbodysize.htm,15.0,False,,Low score (15.0) - URL may be incorrect
32548639,"""MaizeCUBIC: a comprehensive variation database for a maize synthetic population.""",LOW_SCORE,http://modem.hzau.edu.cn/,5.0,False,,Low score (5.0) - URL may be incorrect
25723810,"""Avianbase: a community resource for bird genomics.""",DEAD_HIGH_SCORE,http://avianbase.narf.ac.uk,65.0,True,avianbase,Dead URL with high score (65.0) - may need investigation
25274737,"""RiceVarMap: a comprehensive database of rice genomic variations.""",LOW_SCORE,http://oryzasnp.plantbiology.msu.edu,13.0,False,,Low score (13.0) - URL may be incorrect
30649297,RRMdb-an evolutionary-oriented database of RNA recognition motif sequences.,LOW_SCORE,http://iimcb.genesilico.pl/rrm,18.0,False,,Low score (18.0) - URL may be incorrect
29547394,BIOPYDB: A Dynamic Human Cell Specific Biochemical Pathway Database with Advanced Computational Analyses Platform.,DEAD_HIGH_SCORE,http://biopydb.ncl.res.in/biopydb/index.php,71.0,True,biopydb,Dead URL with high score (71.0) - may need investigation
32901023,"""InvaCost, a public database of the economic costs of biological invasions worldwide.""",LOW_SCORE,https://data.worldbank.org/indicator/PA.NUS.FCRF?end=2017&start=1960,16.0,False,,Low score (16.0) - URL may be incorrect
31008162,FASSEG: A FAce semantic SEGmentation repository for face image analysis.,DEAD_HIGH_SCORE,http://cbcl.mit.edu/software-datasets/FaceData2.html,63.0,True,face,Dead URL with high score (63.0) - may need investigation
31608947,PopTargs: a database for studying population evolutionary genetics of human microRNA target sites.,DEAD_HIGH_SCORE,https://poptargs.essex.ac.uk/,55.0,True,poptargs,Dead URL with high score (55.0) - may need investigation
30200613,Dme-Hsa Disease Database (DHDD): Conserved Human Disease-Related miRNA and Their Targeting Genes in <i>Drosophila melanogaster</i>.,DEAD_HIGH_SCORE,http://bioinf.njnu.edu.cn/dhdd/home.php,63.0,True,dhdd,Dead URL with high score (63.0) - may need investigation
26130660,SInCRe-structural interactome computational resource for Mycobacterium tuberculosis.,DEAD_HIGH_SCORE,http://proline.biochem.iisc.ernet.in/sincre,58.0,True,sincre,Dead URL with high score (58.0) - may need investigation
30624647,"""TP53LNC-DB, the database of lncRNAs in the p53 signalling network.""",DEAD_HIGH_SCORE,http://www.trihpph.net/TP53LNC/index.php,50.0,True,tp53lnc,Dead URL with high score (50.0) - may need investigation
34440019,agReg-SNPdb: A Database of Regulatory SNPs for Agricultural Animal Species.,DEAD_HIGH_SCORE,https://azifi.tz.agrar.uni-goettingen.de/agreg-snpdb,58.0,True,"snpdb, agreg",Dead URL with high score (58.0) - may need investigation
33770143,"""TBDBT: A TB DataBase Template for collection of harmonized TB clinical research data in REDCap, facilitating data standardisation for inter-study comparison and meta-analyses.""",LOW_SCORE,https://www.reportinternational.org/case-report-forms,5.0,False,,Low score (5.0) - URL may be incorrect
32188014,"""Grape-RNA: A Database for the Collection, Evaluation, Treatment, and Data Sharing of Grape RNA-Seq Datasets.""",DEAD_HIGH_SCORE,http://www.grapeworld.cn/gt/transcriptome.html,58.0,True,grape,Dead URL with high score (58.0) - may need investigation
31601051,"""miR2Diabetes: A Literature-Curated Database of microRNA Expression Patterns, in Diabetic Microvascular Complications.""",DEAD_HIGH_SCORE,http://mir2diabetes.yoonlab.or.kr,50.0,True,mir2diabetes,Dead URL with high score (50.0) - may need investigation
31752429,HSF1Base: A Comprehensive Database of HSF1 (Heat Shock Factor 1) Target Genes.,LOW_SCORE,http://PANTHERdb.org/,16.0,False,,Low score (16.0) - URL may be incorrect
34502531,OGT Protein Interaction Network (OGT-PIN): A Curated Database of Experimentally Identified Interaction Proteins of OGT.,DEAD_HIGH_SCORE,https://oglcnac.org/ogt-pin/,55.0,True,"ogt, pin",Dead URL with high score (55.0) - may need investigation
32601290,"""The BenBioDen database, a global database for meio-, macro- and megabenthic biomass and densities.""",LOW_SCORE,http://data.eol.ucar.edu/,16.0,False,,Low score (16.0) - URL may be incorrect
24993547,BigMouth: a multi-institutional dental data repository.,LOW_SCORE,http://www.adea.org/publications/library/otherresources/Pages/2007DistributionofDentistsintheUnitedStatesbyRegionandState%28December2009%29.aspx,13.0,False,,Low score (13.0) - URL may be incorrect
25849067,NexGenEx-Tom: a gene expression platform to investigate the functionalities of the tomato genome.,DEAD_HIGH_SCORE,http://www.cab.unina.it/NexGenEx-Tom,68.0,True,"nexgenex, tom",Dead URL with high score (68.0) - may need investigation
27140145,DABAM: an open-source database of X-ray mirrors metrology.,DEAD_HIGH_SCORE,http://ftp.esrf.eu/pub/scisoft/dabam/readme.html,60.0,True,dabam,Dead URL with high score (60.0) - may need investigation
30335154,ZFLNC: a comprehensive and well-annotated database for zebrafish lncRNA.,DEAD_HIGH_SCORE,http://zflnc.org,55.0,True,zflnc,Dead URL with high score (55.0) - may need investigation
23590173,CamMedNP: building the Cameroonian 3D structural natural products database for virtual screening.,LOW_SCORE,http://www.biomedcentral.com/1472-6882/13/88/prepub,18.0,False,,Low score (18.0) - URL may be incorrect
33575627,aYChr-DB: a database of ancient human Y haplogroups.,LOW_SCORE,https://www.oagr.org.au,5.0,False,,Low score (5.0) - URL may be incorrect
32707870,miRTil: An Extensive Repository for Nile Tilapia microRNA Next Generation Sequencing Data.,DEAD_HIGH_SCORE,https://www.lbbc.ibb.unesp.br/mirtil,60.0,True,mirtil,Dead URL with high score (60.0) - may need investigation
30615482,INDEX-db: The Indian Exome Reference Database (Phase I).,DEAD_HIGH_SCORE,http://indexdb.ncbs.res.in,71.0,True,index,Dead URL with high score (71.0) - may need investigation
28205556,HRGFish: A database of hypoxia responsive genes in fishes.,DEAD_HIGH_SCORE,http://mail.nbfgr.res.in/HRGFish,60.0,True,hrgfish,Dead URL with high score (60.0) - may need investigation
21914200,CastorDB: a comprehensive knowledge base for Ricinus communis.,DEAD_HIGH_SCORE,http://CastorDB.msubiotech.ac.in,71.0,True,castordb,Dead URL with high score (71.0) - may need investigation
22883983,sRNAdb: a small non-coding RNA database for gram-positive bacteria.,DEAD_HIGH_SCORE,http://bioinfo.mikrobio.med.uni-giessen.de/sRNAdb,58.0,True,"srnadb, rna",Dead URL with high score (58.0) - may need investigation
33051443,"""GalliForm, a database of Galliformes occurrence records from the Indo-Malay and Palaearctic, 1800-2008.""",LOW_SCORE,https://www.iucnredlist.org/resources/spatial-data-download,13.0,False,,Low score (13.0) - URL may be incorrect
31147679,VigSatDB: genome-wide microsatellite DNA marker database of three species of Vigna for germplasm characterization and improvement.,DEAD_HIGH_SCORE,http://webtom.cabgrid.res.in/vigna_ssr/,50.0,True,vigna,Dead URL with high score (50.0) - may need investigation
28096900,"""MS_HistoneDB, a manually curated resource for proteomic analysis of human and mouse histones.""",FALSE_POSITIVE_URL,https://CRAN.R-project.org/package=pheatmap,5.0,False,,Reference URL detected (CRAN.R-project.org) - likely not the announced database
22583976,miRFANs: an integrated database for Arabidopsis thaliana microRNA function annotations.,DEAD_HIGH_SCORE,http://www.cassava-genome.cn/mirfans,68.0,True,mirfans,Dead URL with high score (68.0) - may need investigation
32792559,"""ACDC, a global database of amphibian cytochrome-b sequences using reproducible curation for GenBank records.""",FALSE_POSITIVE_URL,http://www.ncbi.nlm.nih.gov/genbank,55.0,True,genbank,Reference URL detected (www.ncbi.nlm.nih.gov) - likely not the announced database
31639057,HMNPPID-human malignant neoplasm protein-protein interaction database.,DEAD_HIGH_SCORE,http://202.118.75.18:8082/HMNPPID.asp,50.0,True,hmnppid,Dead URL with high score (50.0) - may need investigation
31228650,RedoxiBase: A database for ROS homeostasis regulated proteins.,LOW_SCORE,http://bioinfo.genopole-toulouse.prd.fr,8.0,False,,Low score (8.0) - URL may be incorrect
31290951,MycoResistance: a curated resource of drug resistance molecules in Mycobacteria.,DEAD_HIGH_SCORE,http://www.hmulinglab.org/MycoResistance/,55.0,True,mycoresistance,Dead URL with high score (55.0) - may need investigation
30765729,DeepWeeds: A Multiclass Weed Species Image Dataset for Deep Learning.,LOW_SCORE,https://www.tensorflow.org,5.0,False,,Low score (5.0) - URL may be incorrect
33026137,COSORE: A community database for continuous soil respiration and other soil-atmosphere greenhouse gas flux data.,LOW_SCORE,https://www.dataone.org,13.0,False,,Low score (13.0) - URL may be incorrect
33917533,"""MetaTREE, a novel database focused on metabolic trees, predicts an important detoxification mechanism: the glutathione conjugation.""",LOW_SCORE,http://scikit-learn.org/0.21/documentation.html,5.0,False,,Low score (5.0) - URL may be incorrect
26373861,The International Mouse Strain Resource (IMSR): cataloging worldwide mouse and ES cell line resources.,FALSE_POSITIVE_URL,http://lucene.apache.org,15.0,False,,Reference URL detected (lucene.apache.org) - likely not the announced database
29364988,Socio-affective touch expression database.,LOW_SCORE,https://osf.io/8j74m/,10.0,False,,Low score (10.0) - URL may be incorrect
33904142,"""The Croatian psycholinguistic database: Estimates for 6000 nouns, verbs, adjectives and adverbs.""",LOW_SCORE,https://repozitorij.ffzg.unizg.hr/islandora/object/ffzg%3A833/datastream/DATASET1/view,18.0,False,,Low score (18.0) - URL may be incorrect
28229023,ToxGen: an improved reference database for the identification of type B-trichothecene genotypes in <i>Fusarium</i>.,DEAD_HIGH_SCORE,http://www.fusariumdb.org/index.php,66.0,True,fusarium,Dead URL with high score (66.0) - may need investigation
21291543,GCOD - GeneChip Oncology Database.,DEAD_HIGH_SCORE,http://compbio.dfci.harvard.edu/gcod,73.0,True,gcod,Dead URL with high score (73.0) - may need investigation
30106392,"""The HAM10000 dataset, a large collection of multi-source dermatoscopic images of common pigmented skin lesions.""",LOW_SCORE,https://isic-archive.com/,8.0,False,,Low score (8.0) - URL may be incorrect
30733625,SAliBASE: A Database of Simulated Protein Alignments.,DEAD_HIGH_SCORE,http://www.salibasepak.com,60.0,True,salibase,Dead URL with high score (60.0) - may need investigation
26220923,Curcumin Resource Database.,LOW_SCORE,http://www.crdb.in,11.0,False,,Low score (11.0) - URL may be incorrect
22540288,CDKD: a clinical database of kidney diseases.,DEAD_HIGH_SCORE,http://www.cdkd.org,65.0,True,cdkd,Dead URL with high score (65.0) - may need investigation
30353151,The Medical Genome Reference Bank: a whole-genome data resource of 4000 healthy elderly individuals. Rationale and cohort design.,DEAD_HIGH_SCORE,https://www.genome.one/discovery-genomics,58.0,True,genome,Dead URL with high score (58.0) - may need investigation
29053868,LAGOS-NE: a multi-scaled geospatial and temporal database of lake ecological context and water quality for thousands of US lakes.,DEAD_HIGH_SCORE,https://soranno.github.io/LAGOS_GIS_Toolbox/,58.0,True,lagos,Dead URL with high score (58.0) - may need investigation
26751762,"""USBombus, a database of contemporary survey data for North American Bumble Bees (Hymenoptera, Apidae, Bombus) distributed in the United States.""",DEAD_HIGH_SCORE,http://www.xerces.org/wp-content/uploads/2013/01/Bombus-affinis-petition.pdf,55.0,True,bombus,Dead URL with high score (55.0) - may need investigation
24731071,MUBII-TB-DB: a database of mutations associated with antibiotic resistance in Mycobacterium tuberculosis.,DEAD_HIGH_SCORE,http://umr5558-bibiserv.univ-lyon1.fr/mubii/mubii-select.cgi,60.0,True,mubii,Dead URL with high score (60.0) - may need investigation
26210853,Database of RNA binding protein expression and disease dynamics (READ DB).,LOW_SCORE,http://darwin.soic.iupui.edu/,15.0,False,,Low score (15.0) - URL may be incorrect
27822119,The Danish Ventral Hernia Database - a valuable tool for quality assessment and research.,DEAD_HIGH_SCORE,http://www.herniedatabasen.dk/index.php/downloads/litteraturliste/,58.0,True,database,Dead URL with high score (58.0) - may need investigation
33024111,"""VOLCORE, a global database of visible tephra layers sampled by ocean drilling.""",LOW_SCORE,http://www.deepseadrilling.org/31/volume/dsdp31_01.pdf,5.0,False,,Low score (5.0) - URL may be incorrect
31636516,Recent developments in the Inorganic Crystal Structure Database: theoretical crystal structure data and related features.,LOW_SCORE,http://openmaterialsdb.se/,11.0,False,,Low score (11.0) - URL may be incorrect
30040077,"""MANTA2, update of the Mongo database for the analysis of transcription factor binding site alterations.""",DEAD_HIGH_SCORE,http://manta.cmmt.ubc.ca/manta2,60.0,True,manta2,Dead URL with high score (60.0) - may need investigation
25883147,The ReproGenomics Viewer: an integrative cross-species toolbox for the reproductive science community.,LOW_SCORE,http://rgv.genouest.org,15.0,False,,Low score (15.0) - URL may be incorrect
32936830,The Twitter parliamentarian database: Analyzing Twitter politics across 26 countries.,DEAD_HIGH_SCORE,twitterpoliticians.org,65.0,True,twitter,Dead URL with high score (65.0) - may need investigation
31647030,Comparison of cytosine base editors and development of the BEable-GPS database for targeting pathogenic SNVs.,DEAD_HIGH_SCORE,http://www.picb.ac.cn/rnomics/BEable-GPS,63.0,True,"beable, gps",Dead URL with high score (63.0) - may need investigation
22522342,ScreenTroll: a searchable database to compare genome-wide yeast screens.,DEAD_HIGH_SCORE,http://www.rothsteinlab.com/tools/apps/screenTroll,68.0,True,screentroll,Dead URL with high score (68.0) - may need investigation
29989589,"""FRY, a global database of fire patch functional traits derived from space-borne burned area products.""",FALSE_POSITIVE_URL,https://CRAN.R-project.org/package=SDMTools,13.0,False,,Reference URL detected (CRAN.R-project.org) - likely not the announced database
21930505,Neisseria Base: a comparative genomics database for Neisseria meningitidis.,FALSE_POSITIVE_URL,http://apache.org,15.0,False,,Reference URL detected (apache.org) - likely not the announced database
26238452,SerpentinaDB: a database of plant-derived molecules of Rauvolfia serpentina.,DEAD_HIGH_SCORE,http://home.iitj.ac.in/~bagler/webservers/SerpentinaDB/,68.0,True,serpentinadb,Dead URL with high score (68.0) - may need investigation
33479245,The human O-GlcNAcome database and meta-analysis.,LOW_SCORE,https://data.glygen.org/GLY_000517,16.0,False,,Low score (16.0) - URL may be incorrect
34039271,Lantern: an integrative repository of functional annotations for lncRNAs in the human genome.,DEAD_HIGH_SCORE,sysbio.lab.iupui.edu/lantern,73.0,True,lantern,Dead URL with high score (73.0) - may need investigation
31267134,Phytochelatin database: a resource for phytochelatin complexes of nutritional and environmental metals.,DEAD_HIGH_SCORE,https://s3.amazonaws.com/phytochelatindatabase/full_version_PyCDB_20180821.csv,58.0,True,"database, phytochelatin",Dead URL with high score (58.0) - may need investigation
31344828,Animal Images Database: Validation of 120 Images for Human-Animal Studies.,LOW_SCORE,https://osf.io/mdpt6/,10.0,False,,Low score (10.0) - URL may be incorrect
27932923,"""India Biodiversity Portal: An integrated, interactive and participatory biodiversity informatics platform.""",DEAD_HIGH_SCORE,http://indiabiodiversity.org,63.0,True,"india, biodiversity",Dead URL with high score (63.0) - may need investigation
27190508,Ebolavirus Database: Gene and Protein Information Resource for Ebolaviruses.,LOW_SCORE,http://bioserver1.physics.iisc.ernet.in/EDB/,18.0,False,,Low score (18.0) - URL may be incorrect
32303685,High resolution temporal profiles in the Emissions Database for Global Atmospheric Research.,LOW_SCORE,https://data.giss.nasa.gov/ch4_fung/,16.0,False,,Low score (16.0) - URL may be incorrect
24047532,FishMicrosat: a microsatellite database of commercially important fishes and shellfishes of the Indian subcontinent.,DEAD_HIGH_SCORE,http://mail.nbfgr.res.in/fishmicrosat/,60.0,True,fishmicrosat,Dead URL with high score (60.0) - may need investigation
24882917,"""Expansion of the Ligand Knowledge Base for Chelating P,P-Donor Ligands (LKB-PP).""",LOW_SCORE,http://pubs.acs.org,5.0,False,,Low score (5.0) - URL may be incorrect
22551073,LDGIdb: a database of gene interactions inferred from long-range strong linkage disequilibrium between pairs of SNPs.,DEAD_HIGH_SCORE,http://LDGIdb.genomics.sinica.edu.tw,76.0,True,ldgidb,Dead URL with high score (76.0) - may need investigation
29051230,iPhemap: an atlas of phenotype to genotype relationships of human iPSC models of neurological diseases.,DEAD_HIGH_SCORE,http://www.iPhemap.org,55.0,True,iphemap,Dead URL with high score (55.0) - may need investigation
24069606,SeedSeq: off-target transcriptome database.,DEAD_HIGH_SCORE,http://rnaiatlas.ethz.ch/index/seedseq,58.0,True,seedseq,Dead URL with high score (58.0) - may need investigation
23679342,LIPS database with LIPService: a microscopic image database of intracellular structures in Arabidopsis guard cells.,DEAD_HIGH_SCORE,http://hasezawa.ib.k.u-tokyo.ac.jp/lips/images.html,65.0,True,lips,Dead URL with high score (65.0) - may need investigation
21930507,BioMart Central Portal: an open database network for the biological community.,DEAD_HIGH_SCORE,http://germplasmdb.cip.cgiar.org/biomart/martview,66.0,True,biomart,Dead URL with high score (66.0) - may need investigation
33067440,Harmonised LUCAS in-situ land cover and use database for field surveys from 2006 to 2018 in the European Union.,DEAD_HIGH_SCORE,https://ec.europa.eu/eurostat/en/web/lucas/data/primary-data/2006,58.0,True,lucas,Dead URL with high score (58.0) - may need investigation
32994893,ATP7A Clinical Genetics Resource - A comprehensive clinically annotated database and resource for genetic variants in ATP7A gene.,LOW_SCORE,https://variantvalidator.org/,5.0,False,,Low score (5.0) - URL may be incorrect
28775673,The Image Data Resource: A Bioimage Data Integration and Publication Platform.,DEAD_HIGH_SCORE,http://www.phenoimageshare.org/search/?term=&hostName=Image+Data+Repository+(IDR,63.0,True,image,Dead URL with high score (63.0) - may need investigation
26578576,EMDataBank unified data resource for 3DEM.,DEAD_HIGH_SCORE,http://emdatabank.org/deposit.html,73.0,True,emdatabank,Dead URL with high score (73.0) - may need investigation
31219564,"""AmyloWiki: an integrated database for Bacillus velezensis FZB42, the model strain for plant growth-promoting Bacilli.""",DEAD_HIGH_SCORE,http://amylowiki.top/reference.php,50.0,True,amylowiki,Dead URL with high score (50.0) - may need investigation
28158609,An update on the Enzyme Portal: an integrative approach for exploring enzyme knowledge.,FALSE_POSITIVE_URL,http://www.ebi.ac.uk/enzymeportal/,63.0,True,"enzyme, portal",Reference URL detected (www.ebi.ac.uk) - likely not the announced database
30219839,Drug Target Commons 2.0: a community platform for systematic analysis of drug-target interaction profiles.,DEAD_HIGH_SCORE,http://drugtargetcommons.fimm.fi/static/Excell_files/DTC_data.csv,58.0,True,"drug, target, commons",Dead URL with high score (58.0) - may need investigation
29149267,Taiwan Biobank: making cross-database convergence possible in the Big Data era.,DEAD_HIGH_SCORE,http://www.biopharm.org.tw/bio/2017/images/incentives/Taiwan%20Biomedical%20Industry%20brochure%20(BIIP%20&%20BPIPO,63.0,True,taiwan,Dead URL with high score (63.0) - may need investigation
37645130,"""Promoting citizen science in the energy sector: Generation Solar, an open database of small-scale solar photovoltaic installations.""",DEAD_HIGH_SCORE,https://generationsolar.ies.upm.es,68.0,True,"generation, solar",Dead URL with high score (68.0) - may need investigation
21818249,The Barcode of Life Data Portal: bridging the biodiversity informatics divide for DNA barcoding.,LOW_SCORE,http://bol.uvm.edu/about.php,15.0,False,,Low score (15.0) - URL may be incorrect
34721190,Baby's Online Live Database: An Open Platform for Developmental Science.,LOW_SCORE,https://doshisha-akachan.sona-systems.com/,10.0,False,,Low score (10.0) - URL may be incorrect
28476106,Geminivirus data warehouse: a database enriched with machine learning approaches.,DEAD_HIGH_SCORE,http://geminivirus.org:8080/geminivirusdw/discoveryGeminivirus.jsp,65.0,True,geminivirus,Dead URL with high score (65.0) - may need investigation
33776581,Freshwater insects CONUS: A database of freshwater insect occurrences and traits for the contiguous United States.,LOW_SCORE,https://www.waterqualitydata.us,11.0,False,,Low score (11.0) - URL may be incorrect
24220210,The virtual skeleton database: an open access repository for biomedical research and collaboration.,LOW_SCORE,http://www.dspace.org/,5.0,False,,Low score (5.0) - URL may be incorrect
30094953,Coral microbiome database: Integration of sequences reveals high diversity and relatedness of coral-associated microbes.,LOW_SCORE,https://www.bco-dmo.org/dataset/724355,13.0,False,,Low score (13.0) - URL may be incorrect
29134625,"""The Pharmacogene Variation (PharmVar) Consortium: Incorporation of the Human Cytochrome P450 (CYP) Allele Nomenclature Database.""",DEAD_HIGH_SCORE,http://www.pgrn.org/pharmvar.html,55.0,True,pharmvar,Dead URL with high score (55.0) - may need investigation
34554823,"""My Cancer Genome: Coevolution of Precision Oncology and a Molecular Oncology Knowledgebase.""",DEAD_HIGH_SCORE,https://www.MyCancerGenome.org,63.0,True,"cancer, genome",Dead URL with high score (63.0) - may need investigation
24864230,"""Syn-lethality: an integrative knowledge base of synthetic lethality towards discovery of selective anticancer therapies.""",DEAD_HIGH_SCORE,http://www.ntu.edu.sg/home/zhengjie/software/Syn-Lethality/,55.0,True,"syn, lethality",Dead URL with high score (55.0) - may need investigation
34294731,"""resistancebank.org, an open-access repository for surveys of antimicrobial resistance in animals.""",LOW_SCORE,https://datahelpdesk.worldbank.org/knowledgebase/articles/906519,13.0,False,,Low score (13.0) - URL may be incorrect
34183675,"""Triton, a new species-level database of Cenozoic planktonic foraminiferal occurrences.""",LOW_SCORE,http://ipt.vliz.be/eurobis/resource?r=pangaea_2747,8.0,False,,Low score (8.0) - URL may be incorrect
25682754,"""The Scalable Brain Atlas: Instant Web-Based Access to Public Brain Atlases and Related Content.""",DEAD_HIGH_SCORE,http://scalablebrainatlas.incf.org,65.0,True,"scalable, brain",Dead URL with high score (65.0) - may need investigation
26255307,"""Phytochemica: a platform to explore phytochemicals of medicinal plants.""",FALSE_POSITIVE_URL,http://www.ncbi.nlm.nih.gov/pubmed,5.0,False,,Reference URL detected (www.ncbi.nlm.nih.gov) - likely not the announced database
26045719,"""Repbase Update, a database of repetitive elements in eukaryotic genomes.""",DEAD_HIGH_SCORE,http://girinst.org/server/RepBase/index.php,73.0,True,repbase,Dead URL with high score (73.0) - may need investigation
33681131,"""Development of a Multi-Study Repository to Support Research on Veteran Health: The VA Cooperative Studies Program Epidemiology Center-Durham (CSPEC-Durham) Data and Specimen Repository.""",DEAD_HIGH_SCORE,https://www.research.va.gov/programs/csp/cspec/default.cfm,65.0,True,"program, cspec",Dead URL with high score (65.0) - may need investigation
24467778,"""Production of a reference transcriptome and transcriptomic database (EdwardsiellaBase) for the lined sea anemone, Edwardsiella lineata, a parasitic cnidarian.""",DEAD_HIGH_SCORE,http://edwardsiellabase.org,65.0,True,"edwardsiellabase, edwardsiella",Dead URL with high score (65.0) - may need investigation
27023900,"""The Coral Trait Database, a curated database of trait information for coral species from the global oceans.""",DEAD_HIGH_SCORE,https://coraltraits.org/releases/ctdb_1.1.1.zip,63.0,True,"coral, trait",Dead URL with high score (63.0) - may need investigation
30590250,"""EDEn-Electroceutical Design Environment: Ion Channel Tissue Expression Database with Small Molecule Modulators.""",DEAD_HIGH_SCORE,http://eden.pharmamatrix.ca,60.0,True,eden,Dead URL with high score (60.0) - may need investigation
23481679,"""The CHROMEVALOA database: a resource for the evaluation of Okadaic Acid contamination in the marine environment based on the chromatin-associated transcriptome of the mussel Mytilus galloprovincialis.""",DEAD_HIGH_SCORE,http://chromevaloa.udc.es,50.0,True,chromevaloa,Dead URL with high score (50.0) - may need investigation
33927237,"""OxCOVID19 Database, a multimodal data repository for better understanding the global impact of COVID-19.""",DEAD_HIGH_SCORE,https://metdatasa.blob.core.windows.net/covid19-response/README_data_processing.pdf,58.0,True,covid,Dead URL with high score (58.0) - may need investigation
32982062,"""anti-HCoV: A web resource to collect natural compounds against human coronaviruses.""",DEAD_HIGH_SCORE,https://bigdatainhealth.org/letsbe/anti-HCoV.php,73.0,True,"hcov, anti",Dead URL with high score (73.0) - may need investigation
22737123,"""SynProt: A Database for Proteins of Detergent-Resistant Synaptic Protein Preparations.""",FALSE_POSITIVE_URL,http://www.uniprot.org,5.0,False,,Reference URL detected (www.uniprot.org) - likely not the announced database
33514754,An Indo-Pacific coral spawning database.,LOW_SCORE,https://www.esrl.noaa.gov/gmd/grad/solcalc/calcdetails.html,5.0,False,,Low score (5.0) - URL may be incorrect
28350387,"""The global avian invasions atlas, a database of alien bird distributions worldwide.""",LOW_SCORE,http://www.cbd.int/decision/cop/default.shtml?id=7197,10.0,False,,Low score (10.0) - URL may be incorrect
34253739,The 2021 update of the EPA's adverse outcome pathway database.,DEAD_HIGH_SCORE,https://aopdb.epa.gov/,66.0,True,epa,Dead URL with high score (66.0) - may need investigation
34112812,"""Cric searchable image database as a public platform for conventional pap smear cytology data.""",DEAD_HIGH_SCORE,https://cric-database.stoplight.io/docs/searchable-image-database-nodejs/reference/cric.v2.yaml,68.0,True,"database, cric",Dead URL with high score (68.0) - may need investigation
32572035,"""The Fire and Tree Mortality Database, for empirical modeling of individual tree mortality after fire.""",LOW_SCORE,https://www.mtbs.gov,5.0,False,,Low score (5.0) - URL may be incorrect
28972978,"""EWET: Data collection and interface for the genetic analysis of Echinococcus multilocularis based on EmsB microsatellite.""",DEAD_HIGH_SCORE,https://ewet-db.univ-fcomte.fr,61.0,True,ewet,Dead URL with high score (61.0) - may need investigation
33258967,"""ncVarDB: a manually curated database for pathogenic non-coding variants and benign controls.""",FALSE_POSITIVE_URL,https://www.omim.org/,5.0,False,,Reference URL detected (www.omim.org) - likely not the announced database
26156871,"""TM-MC: a database of medicinal materials and chemical compounds in Northeast Asian traditional medicine.""",FALSE_POSITIVE_URL,http://www.ncbi.nlm.nih.gov/pmc/tools/ftp,13.0,False,,Reference URL detected (www.ncbi.nlm.nih.gov) - likely not the announced database
31664032,"""The SCOC database, a large, open, and global database with sediment community oxygen consumption rates.""",LOW_SCORE,http://data.eol.ucar.edu/,16.0,False,,Low score (16.0) - URL may be incorrect
29276046,Drug Target Commons: A Community Effort to Build a Consensus Knowledge Base for Drug-Target Interactions.,DEAD_HIGH_SCORE,http://drugtargetcommons.fimm.fi,60.0,True,"drug, target, commons",Dead URL with high score (60.0) - may need investigation
24316577,"""The NHGRI GWAS Catalog, a curated resource of SNP-trait associations.""",FALSE_POSITIVE_URL,http://www.ebi.ac.uk/fgpt/gwas/#curationtab,55.0,True,gwas,Reference URL detected (www.ebi.ac.uk) - likely not the announced database
25333954,"""The Complex Emergency Database: a global repository of small-scale surveys on nutrition, health and mortality.""",LOW_SCORE,http://www.nejm.org/doi/full/10.1056/NEJMra1109877,5.0,False,,Low score (5.0) - URL may be incorrect
21836824,S66: A Well-balanced Database of Benchmark Interaction Energies Relevant to Biomolecular Structures.,LOW_SCORE,http://www.begdb.com,11.0,False,,Low score (11.0) - URL may be incorrect
28858850,MortalityPredictors.org: a manually-curated database of published biomarkers of human all-cause mortality.,LOW_SCORE,http://edrn.nci.nih.gov/biomarkers,13.0,False,,Low score (13.0) - URL may be incorrect
31932593,"""The Database of Cross-Linguistic Colexifications, reproducible analysis of cross-linguistic polysemies.""",LOW_SCORE,https://clics.clld.org/,15.0,False,,Low score (15.0) - URL may be incorrect
21854560,Immunome database for marsupials and monotremes.,LOW_SCORE,http://hp580.angis.org.au/tagbase/gutentag/,15.0,False,,Low score (15.0) - URL may be incorrect
32256158,The InBIO Barcoding Initiative Database: DNA barcodes of Portuguese Diptera 01.,DEAD_HIGH_SCORE,https://git.metabarcoding.org/obitools/obitools,63.0,True,barcoding,Dead URL with high score (63.0) - may need investigation
27830061,<i>mouseTube</i> - a database to collaboratively unravel mouse ultrasonic communication.,LOW_SCORE,http://mousetube.pasteur.fr,10.0,False,,Low score (10.0) - URL may be incorrect
21659040,The Environmental Polymorphism Registry: a unique resource that facilitates translational research of environmental disease.,FALSE_POSITIVE_URL,http://hapmap.ncbi.nlm.nih.gov/,5.0,False,,Reference URL detected (hapmap.ncbi.nlm.nih.gov) - likely not the announced database
23180363,"""Tet-Transgenic Rodents: a comprehensive, up-to date database.""",DEAD_HIGH_SCORE,http://www.tetsystems.com/fileadmin/tettransgenicrodents.pdf,60.0,True,"tet, transgenic, rodents",Dead URL with high score (60.0) - may need investigation
34690515,"""The InBIO Barcoding Initiative Database: DNA barcodes of Portuguese Diptera 02 - Limoniidae, Pediciidae and Tipulidae.""",DEAD_HIGH_SCORE,https://git.metabarcoding.org/obitools/obitools,63.0,True,barcoding,Dead URL with high score (63.0) - may need investigation
28053117,GB3.0: a platform for plant bio-design that connects functional DNA elements with associated biological data.,LOW_SCORE,https://gbcloning.upv.es/,0.0,False,,Low score (0.0) - URL may be incorrect
26055098,An Ebola virus-centered knowledge base.,DEAD_HIGH_SCORE,http://ebola.semanticscience.org/,65.0,True,ebola,Dead URL with high score (65.0) - may need investigation
32167667,Arachis hypogaea gene expression atlas for fastigiata subspecies of cultivated groundnut to accelerate functional and translational genomics applications.,LOW_SCORE,https://www.bioinformatics.babraham.ac.uk/projects/fastqc/,13.0,False,,Low score (13.0) - URL may be incorrect
31845400,"""Metabolite database for root, tuber, and banana crops to facilitate modern breeding in understudied crops.""",LOW_SCORE,http://www.fao.org/faostat,15.0,False,,Low score (15.0) - URL may be incorrect
33085189,The AD Knowledge Portal: A Repository for Multi-Omic Data on Alzheimer's Disease and Aging.,DEAD_HIGH_SCORE,http://adknowledgeportal.synpase.org/,76.0,True,portal,Dead URL with high score (76.0) - may need investigation
33024126,A salmon diet database for the North Pacific Ocean.,LOW_SCORE,https://npafc.org/inpfc/,5.0,False,,Low score (5.0) - URL may be incorrect
33010087,PlantSPEAD: a web resource towards comparatively analysing stress-responsive expression of splicing-related proteins in plant.,DEAD_HIGH_SCORE,http://chemyang.ccnu.edu.cn/ccb/database/PlantSPEAD,73.0,True,plantspead,Dead URL with high score (73.0) - may need investigation
34260132,BnTIR: an online transcriptome platform for exploring RNA-seq libraries for oil crop Brassica napus.,DEAD_HIGH_SCORE,http://brassicadb.org/brad/index.php,66.0,True,brassica,Dead URL with high score (66.0) - may need investigation
23136506,"""DaizuBase, an integrated soybean genome database including BAC-based physical maps.""",LOW_SCORE,http://www.phytozome.net/soybean,10.0,False,,Low score (10.0) - URL may be incorrect
29049286,DenvInt: A database of protein-protein interactions between dengue virus and its hosts.,DEAD_HIGH_SCORE,https://denvint.000webhostapp.com,60.0,True,denvint,Dead URL with high score (60.0) - may need investigation
31304213,OakEcol: A database of Oak-associated biodiversity within the UK.,LOW_SCORE,http://webarchive.nationalarchives.gov.uk/20140711133551/http://www.naturalengland.org.uk/ourwork/conservation/biodiversity/protectandmanage/habsandspeciesimportance.aspx,13.0,False,,Low score (13.0) - URL may be incorrect
22720753,The M5nr: a novel non-redundant database containing protein sequences and annotations from multiple sources and associated tools.,DEAD_HIGH_SCORE,http://blog.metagenomics.anl.gov/m5tools-pl-the-m5nr-database-command-line-tool/,73.0,True,"database, m5nr",Dead URL with high score (73.0) - may need investigation
25786060,mHealthApps: A Repository and Database of Mobile Health Apps.,DEAD_HIGH_SCORE,http://mhealtheconomics.com/mhealth-developer-economics-report/,58.0,True,health,Dead URL with high score (58.0) - may need investigation
30015806,"""Leukocyte Tracking Database, a collection of immune cell tracks from intravital 2-photon microscopy videos.""",LOW_SCORE,http://www.ltdb.info/downloads/,11.0,False,,Low score (11.0) - URL may be incorrect
22323062,dbPTB: a database for preterm birth.,DEAD_HIGH_SCORE,http://ptbdb.cs.brown.edu/dbPTBv1.php,66.0,True,dbptb,Dead URL with high score (66.0) - may need investigation
32533075,"""CIDO, a community-based ontology for coronavirus disease knowledge and data integration, sharing, and analysis.""",LOW_SCORE,https://www.iso.org/standard/74572.html,5.0,False,,Low score (5.0) - URL may be incorrect
31551423,"""PalmTraits 1.0, a species-level functional trait database of palms worldwide.""",LOW_SCORE,https://www.try-db.org/,16.0,False,,Low score (16.0) - URL may be incorrect
21824409,"""BKM-react, an integrated biochemical reaction database.""",DEAD_HIGH_SCORE,http://bkm-react.tu-bs.de/,50.0,True,bkm,Dead URL with high score (50.0) - may need investigation
32500918,"""RGPDB: database of root-associated genes and promoters in maize, soybean, and sorghum.""",DEAD_HIGH_SCORE,https://crri.unl.edu/databases,73.0,True,database,Dead URL with high score (73.0) - may need investigation
34583740,FP-ADMET: a compendium of fingerprint-based ADMET prediction models.,LOW_SCORE,https://www.R-project.org/,5.0,False,,Low score (5.0) - URL may be incorrect
33462958,CannabisGDB: a comprehensive genomic database for Cannabis Sativa L.,LOW_SCORE,https://gdb.supercann.net,11.0,False,,Low score (11.0) - URL may be incorrect
28829434,"""ForCenS, a curated database of planktonic foraminifera census counts in marine surface sediment samples.""",LOW_SCORE,https://www.ncdc.noaa.gov/paleo-search/study/5908,5.0,False,,Low score (5.0) - URL may be incorrect
28008688,The Clinical Next-Generation Sequencing Database: A Tool for the Unified Management of Clinical Information and Genetic Variants to Accelerate Variant Pathogenicity Classification.,DEAD_HIGH_SCORE,http://www.shinshu-jibi.jp/clinicalngsdb.html,68.0,True,clinical,Dead URL with high score (68.0) - may need investigation
33433310,ActDES - a curated Actinobacterial Database for Evolutionary Studies.,LOW_SCORE,http://tree.bio.ed.ac.uk/software/ﬁgtree/,13.0,False,,Low score (13.0) - URL may be incorrect
32386297,HotSpotAnnotations-a database for hotspot mutations and annotations in cancer.,DEAD_HIGH_SCORE,http://bioinformatica.mty.itesm.mx/HotSpotAnnotations,58.0,True,hotspotannotations,Dead URL with high score (58.0) - may need investigation
25925571,GenoLIB: a database of biological parts derived from a library of common plasmid features.,LOW_SCORE,http://www.insdc.org/documents/feature-table,15.0,False,,Low score (15.0) - URL may be incorrect
34301277,The LORIS MyeliNeuroGene rare disease database for natural history studies and clinical trial readiness.,LOW_SCORE,https://www.fda.gov/media/122425/download,15.0,False,,Low score (15.0) - URL may be incorrect
28611359,Chloroplast Genomic Resource of Paris for Species Discrimination.,LOW_SCORE,http://pgrc.ipk-gatersleben.de/misa/,0.0,False,,Low score (0.0) - URL may be incorrect
26110065,A TEX₈₆ surface sediment database and extended Bayesian calibration.,LOW_SCORE,http://www.whoi.edu/bayspar,15.0,False,,Low score (15.0) - URL may be incorrect
26264559,leBIBIQBPP: a set of databases and a webtool for automatic phylogenetic analysis of prokaryotic sequences.,LOW_SCORE,http://umr5558-bibiserv.univ-lyon1.fr/lebibi/lebibi.cgi,10.0,False,,Low score (10.0) - URL may be incorrect
32733138,Frozen Zoo: a collection of permafrost samples containing viable protists and their viruses.,LOW_SCORE,https://www.gbif.org/dataset/e11d99cb-4a96-4e9d-847e-d078cfd59f6c,13.0,False,,Low score (13.0) - URL may be incorrect
29134013,"""Southern Ocean Echinoids database - An updated version of Antarctic, Sub-Antarctic and cold temperate echinoid database.""",DEAD_HIGH_SCORE,https://data.aad.gov.au/metadata/records/Environmental_data_Southern_Ocean,66.0,True,"southern, ocean",Dead URL with high score (66.0) - may need investigation
30416602,"""An illustrated catalogue of Rudolf Sturany's type specimens in the Naturhistorisches Museum Wien, Austria (NHMW): deep-sea Eastern Mediterranean molluscs.""",FALSE_POSITIVE_URL,https://CRAN.R-project.org/package=oceanmap,5.0,False,,Reference URL detected (CRAN.R-project.org) - likely not the announced database
24966527,Diaretinopathy database -A Gene database for diabetic retinopathy.,DEAD_HIGH_SCORE,http://diaretinopathydatabase.com/,68.0,True,"database, diaretinopathy",Dead URL with high score (68.0) - may need investigation
32954379,Multiple Sclerosis Atlas: A Molecular Map of Brain Lesion Stages in Progressive Multiple Sclerosis.,FALSE_POSITIVE_URL,https://bioconductor.org/packages/org.Hs.eg.db,23.0,False,,Reference URL detected (bioconductor.org) - likely not the announced database
34001121,Pragmatic MDR: a metadata repository with bottom-up standardization of medical metadata through reuse.,DEAD_HIGH_SCORE,https://medical-data-models.org/MDR/,63.0,True,mdr,Dead URL with high score (63.0) - may need investigation
32859911,Ion mobility collision cross-section atlas for known and unknown metabolite annotation in untargeted metabolomics.,LOW_SCORE,https://metabolomics.pnnl.gov/ccs/,13.0,False,,Low score (13.0) - URL may be incorrect
25169797,The medical schools outcomes database project: Australian medical student characteristics.,DEAD_HIGH_SCORE,http://www.medicaldeans.org.au/msod,55.0,True,medical,Dead URL with high score (55.0) - may need investigation
34762696,A resource for improved predictions of Trypanosoma and Leishmania protein three-dimensional structure.,FALSE_POSITIVE_URL,https://www.ncbi.nlm.nih.gov/genome/,13.0,False,,Reference URL detected (www.ncbi.nlm.nih.gov) - likely not the announced database
33227425,A collaborative resource platform for non-human primate neuroimaging.,LOW_SCORE,https://macatools.github.io/macapype,11.0,False,,Low score (11.0) - URL may be incorrect
31882773,Database of adverse events associated with drugs and drug combinations.,LOW_SCORE,https://www.accessdata.fda.gov/scripts/cder/ob/,16.0,False,,Low score (16.0) - URL may be incorrect
32733141,Fungal literature records database of the Northern West Siberia (Russia).,LOW_SCORE,https://www.gbif.org/en/data-papers,13.0,False,,Low score (13.0) - URL may be incorrect
31913312,"""A global database for metacommunity ecology, integrating species, traits, environment and space.""",LOW_SCORE,https://idata.idiv.de/,11.0,False,,Low score (11.0) - URL may be incorrect
23984222,The age-phenome database.,LOW_SCORE,http://age-phenome-wiki.med.ad.bgu.ac.il/index.php?title=Main_Page,10.0,False,,Low score (10.0) - URL may be incorrect
32255760,Accelerating surveillance and research of antimicrobial resistance - an online repository for sharing of antimicrobial susceptibility data associated with whole-genome sequences.,FALSE_POSITIVE_URL,https://www.ebi.ac.uk/ena/pathogens/datahubs,13.0,False,,Reference URL detected (www.ebi.ac.uk) - likely not the announced database
33580343,Introduction to the standard reference data of electron energy loss spectra and their database: eel.geri.re.kr.,LOW_SCORE,http://eel.geri.re.kr,0.0,False,,Low score (0.0) - URL may be incorrect
26018427,The human transmembrane proteome.,LOW_SCORE,http://bioinfogp.cnb.csic.es/tools/venny/index.html,18.0,False,,Low score (18.0) - URL may be incorrect
27531214,Cross-species Conservation of context-specific networks.,LOW_SCORE,http://services.bio.ifi.lmu.de/croco-web,18.0,False,,Low score (18.0) - URL may be incorrect
24453546,"""A Tenebrionid beetle's dataset (Coleoptera, Tenebrionidae) from Peninsula Valdés (Chubut, Argentina).""",LOW_SCORE,http://data.gbif.org/datasets/resource/14669/,16.0,False,,Low score (16.0) - URL may be incorrect
32859947,A relational database to identify differentially expressed genes in the endometrium and endometriosis lesions.,FALSE_POSITIVE_URL,ftp://ftp.ebi.ac.uk/pub/databases/genenames/new/tsv/,63.0,True,database,Reference URL detected () - likely not the announced database
30356876,A Web Resource for Designing Subunit Vaccine Against Major Pathogenic Species of Bacteria.,LOW_SCORE,http://webs.iiitd.edu.in/raghava/vactarbac/,15.0,False,,Low score (15.0) - URL may be incorrect
32946464,An interactive retrieval system for clinical trial studies with context-dependent protocol elements.,LOW_SCORE,https://corus.kaist.edu/clips,15.0,False,,Low score (15.0) - URL may be incorrect
29202689,Explorative visual analytics on interval-based genomic data and their metadata.,LOW_SCORE,http://www.bioinformatics.deib.polimi.it/GeMSE/,18.0,False,,Low score (18.0) - URL may be incorrect
26982336,An Approach to Function Annotation for Proteins of Unknown Function (PUFs) in the Transcriptome of Indian Mulberry.,FALSE_POSITIVE_URL,http://string-db.org/,16.0,False,,Reference URL detected (string-db.org) - likely not the announced database
31819066,A global database of historic and real-time flood events based on social media.,LOW_SCORE,http://www.globalfloodmonitor.org,5.0,False,,Low score (5.0) - URL may be incorrect
29106641,The MAR databases: development and implementation of databases specific for marine metagenomics.,DEAD_HIGH_SCORE,https://mmp.sfb.uit.no/databases/,58.0,True,databases,Dead URL with high score (58.0) - may need investigation
29722888,Applying graph theory to protein structures: an Atlas of coiled coils.,LOW_SCORE,http://coiledcoils.chm.bris.ac.uk/atlas/app,15.0,False,,Low score (15.0) - URL may be incorrect
23163954,Identification and profiling of novel microRNAs in the Brassica rapa genome based on small RNA deep sequencing.,DEAD_HIGH_SCORE,http://bramrs.rna.kr,60.0,True,rna,Dead URL with high score (60.0) - may need investigation
21974739,New resources for functional analysis of omics data for the genus Aspergillus.,LOW_SCORE,http://www.broadinstitute.org/fetgoat/index.html,5.0,False,,Low score (5.0) - URL may be incorrect
33083684,First plant cell atlas workshop report.,LOW_SCORE,http://www.plantcellatlas.org/,5.0,False,,Low score (5.0) - URL may be incorrect
24985530,Bridging islands of information to establish an integrated knowledge base of drugs and health outcomes of interest.,LOW_SCORE,http://ohdsi.org,5.0,False,,Low score (5.0) - URL may be incorrect
28291243,A standard database for drug repositioning.,DEAD_HIGH_SCORE,https://www.ctti-clinicaltrials.org/aact-database,63.0,True,database,Dead URL with high score (63.0) - may need investigation
27230384,Crowdsourcing the nodulation gene network discovery environment.,LOW_SCORE,http://crowd.bioops.info/,18.0,False,,Low score (18.0) - URL may be incorrect
21649883,"""A comprehensive gene expression atlas of sex- and tissue-specificity in the malaria vector, Anopheles gambiae.""",LOW_SCORE,http://www.tissue-atlas.org,5.0,False,,Low score (5.0) - URL may be incorrect
27199606,A database on the distribution of butterflies (Lepidoptera) in northern Belgium (Flanders and the Brussels Capital Region).,LOW_SCORE,http://www.gbif.org/dataset/7888f666-f59e-4534-8478-3a10a3bfee45,13.0,False,,Low score (13.0) - URL may be incorrect
23061897,"""Sifting through genomes with iterative-sequence clustering produces a large, phylogenetically diverse protein-family resource.""",DEAD_HIGH_SCORE,http://edhar.genomecenter.ucdavis.edu/sifting_families/,63.0,True,sifting,Dead URL with high score (63.0) - may need investigation
27833382,Polymorphisms and resistance mutations of hepatitis C virus on sequences in the European hepatitis C virus database.,LOW_SCORE,http://s2as02.genes.nig.ac.jp,13.0,False,,Low score (13.0) - URL may be incorrect
33551658,"""The Insect database in Dokdo, Korea: An updated version in 2020.""",LOW_SCORE,https://www.gbif.org/dataset/eb47a0de-862f-44c0-be42-0e300abaaab4,13.0,False,,Low score (13.0) - URL may be incorrect
34519429,"""SARS-CoV-2 structural coverage map reveals viral protein assembly, mimicry, and hijacking mechanisms.""",DEAD_HIGH_SCORE,https://aquaria.ws/covid,50.0,True,cov,Dead URL with high score (50.0) - may need investigation
31223358,[An online dynamic knowledge base in multiple languages on general medicine and primary care].,LOW_SCORE,http://3cgp.docpatient.net/,0.0,False,,Low score (0.0) - URL may be incorrect
