original_record_num,database_name,long_database_name,found_urls,url_source,match_quality,notes
10,,exe-muscle,NOT_FOUND,not_available,,No dedicated web interface found - tool exists but no database URL
20,,scswinformer,NOT_FOUND,not_available,,Tool/method for scRNA-seq annotation - no standalone database interface
29,,national injury resource database,NOT_FOUND,not_available,,NIRD described in paper but no public web interface found
50,,mixoplankton database,NOT_FOUND,not_available,,Available on Zenodo (excluded) - no dedicated web interface
59,,o-glcnac database,https://www.oglcnac.mcw.edu/,web_search,HIGH,O-GlcNAc Database - comprehensive catalog of O-GlcNAcylated proteins
60,mace,,NOT_FOUND,not_available,,Multiple tools named MACE - no single dedicated database interface
63,,digital-scrrbs,NOT_FOUND,not_available,,Microfluidics platform/technique - no database interface
69,sco-ph,,NOT_FOUND,not_available,,Could be SCOP database but unclear - sco-ph not found
94,,yeast optogenetic toolkit,NOT_FOUND,not_available,,Toolkit available via Addgene (excluded) - not a database
113,,croplife europe crop development database,NOT_FOUND,not_available,,C2D2 described in paper but no public web interface found
120,,molecules gateway,NOT_FOUND,not_available,,Described in paper but no dedicated public web interface found
131,kemet,,NOT_FOUND,not_available,,KEMET Corporation (electronics) - not a bioinformatics database
137,,simpitb,NOT_FOUND,not_available,,Pipeline tool available on GitHub (excluded) - not a web database
151,,codlncscape,NOT_FOUND,not_available,,Framework with GitHub repository (excluded) - no web interface
157,,autogrow4,NOT_FOUND,not_available,,Software tool available on GitHub (excluded) - not a database
158,,sadphos library,NOT_FOUND,not_available,,No specific database found with this name
159,,kinase-focused interaction database,NOT_FOUND,not_available,,KID described in paper but no public web interface found
166,,vitro kinase-to-phosphosite database,NOT_FOUND,not_available,,iKiP-DB described in paper - data on Figshare (excluded)
176,,animal parasitic diseases and drugs database,NOT_FOUND,not_available,,APDDD described in paper but no dedicated web interface found
193,,plant rdna database,https://www.plantrdnadatabase.com/,web_search,HIGH,Plant rDNA Database - ribosomal DNA loci information
198,,chip-hub,NOT_FOUND,not_available,,No specific chip-hub database found
203,,zchsound,NOT_FOUND,not_available,,No database found with this name
210,en-tex,,http://entex.encodeproject.org/,web_search,HIGH,EN-TEx - Encyclopedia of DNA Elements Tissue Expression resource
212,repair,,NOT_FOUND,not_available,,REPAIRtoire exists but appears to be discontinued
230,octa,,NOT_FOUND,not_available,,OCTA-500 dataset exists but on IEEE Dataport (excluded)
249,green,,NOT_FOUND,not_available,,Multiple databases named GREEN - unclear which one
250,tf2tg,,https://www.flyrnai.org/tools/tf2tg/web/,web_search,HIGH,TF2TG - Transcription Factor to Target Gene database for Drosophila
251,,phor-in-one,NOT_FOUND,not_available,,Multilingual lexical database - not a bioresource database
254,,mfishbt,NOT_FOUND,not_available,,No database found with this name - FishBase exists but different
256,,gashissdb,NOT_FOUND,not_available,,Available on Gitee/Figshare (excluded) - not a web interface
257,pazy,,https://www.pazy.eu/,web_search,HIGH,PAZy - Plastics-Active Enzymes Database
273,,water rights,NOT_FOUND,not_available,,State-level databases exist but no single bioresource database
278,pshg-tiss,,NOT_FOUND,not_available,,Available on OSF (excluded) - image collection not web database
280,h,,NOT_FOUND,not_available,,Too generic - cannot determine specific database
281,brainoer,,NOT_FOUND,not_available,,Educational repository - not a bioresource database
288,pip,,NOT_FOUND,not_available,,PIP-DB mentioned in papers but no active web interface found
290,refine,,https://www.refine.bio/,web_search,HIGH,refine.bio - multi-organism gene expression database
305,,omicsdk,NOT_FOUND,not_available,,OmicsDI exists but unclear if this is the same database
308,topas,,NOT_FOUND,not_available,,TOPS database exists for protein topology - unclear if same
311,i-tasser-mtd,,https://seq2fun.dcmb.med.umich.edu/I-TASSER-MTD/,web_search,HIGH,I-TASSER-MTD - multi-domain protein structure prediction server
321,rvdb,,https://rvdb.dbi.udel.edu/,web_search,HIGH,RVDB - Reference Viral Database
322,pkad-r,,NOT_FOUND,not_available,,No database found with this name
339,,shennong,NOT_FOUND,not_available,,No database found with this name
344,16ostm10,,NOT_FOUND,not_available,,No database found with this name
347,a-soid,,NOT_FOUND,not_available,,No database found with this name
349,,chipola,NOT_FOUND,not_available,,No database found with this name
351,,lead-tutor,NOT_FOUND,not_available,,No database found with this name
356,,melastomatraits,NOT_FOUND,not_available,,No database found with this name
357,derlex,,NOT_FOUND,not_available,,No database found with this name
360,gs-tcga,,NOT_FOUND,not_available,,No database found with this name
363,,searchsmart.org,NOT_FOUND,not_available,,URL in name suggests web resource but not accessible
365,,uavs-ffdb,NOT_FOUND,not_available,,No database found with this name
367,anfisa,,NOT_FOUND,not_available,,No database found with this name
372,,lenscat,NOT_FOUND,not_available,,No database found with this name
381,,lung cancer autochthonous model gene expression database,NOT_FOUND,not_available,,No database found with this name
385,r-bind,,NOT_FOUND,not_available,,No database found with this name
402,,glaucoma-trel,NOT_FOUND,not_available,,No database found with this name
410,nsides,,NOT_FOUND,not_available,,No database found with this name
432,miggri,,NOT_FOUND,not_available,,No database found with this name
441,,flyatlas 2,https://flyatlas.gla.ac.uk/FlyAtlas2/index.html,web_search,HIGH,FlyAtlas 2 - Drosophila melanogaster gene expression atlas
447,quam-afm,,NOT_FOUND,not_available,,No database found with this name
469,,congenital heart surgery database,NOT_FOUND,not_available,,No database found with this name
477,,hydrocarbon aerobic degradation enzymes and genes,NOT_FOUND,not_available,,No database found with this name
482,,outbreak.info,https://outbreak.info/,web_search,HIGH,outbreak.info - COVID-19 and SARS-CoV-2 data platform
484,calerie,,NOT_FOUND,not_available,,No database found with this name
511,rtk,,NOT_FOUND,not_available,,Too generic - cannot determine specific database
517,,allosteric database,https://mdl.shsmu.edu.cn/ASD/,web_search,HIGH,ASD - Allosteric Database
528,unifan,,NOT_FOUND,not_available,,No database found with this name
532,,brain-wide neuron quantification toolkit,NOT_FOUND,not_available,,Toolkit - not a database
547,,arrest/interrogate,NOT_FOUND,not_available,,No database found with this name
548,,unicarb-db,https://unicarb-db.expasy.org/,web_search,HIGH,UniCarb-DB - glycomic spectral database
549,,tbtools,NOT_FOUND,not_available,,Software toolkit available on GitHub (excluded) - not a web database
561,,hierarchical time-indexed database,NOT_FOUND,not_available,,Too generic - cannot determine specific database
562,pcas,,NOT_FOUND,not_available,,No database found with this name
565,ncmd,,NOT_FOUND,not_available,,No database found with this name
568,galaxy,,NOT_FOUND,not_available,,Too generic - Galaxy platform exists but unclear if this refers to it
577,endae,,NOT_FOUND,not_available,,No database found with this name
580,,tapioca,NOT_FOUND,not_available,,No database found with this name
592,,international spinal cord injury biobank,NOT_FOUND,not_available,,No database found with this name
594,titan-x,,NOT_FOUND,not_available,,No database found with this name
602,,food disaggregation database,NOT_FOUND,not_available,,No database found with this name
629,,tastepeptides-meta,NOT_FOUND,not_available,,No database found with this name
652,,rna-puzzles,NOT_FOUND,not_available,,No database found with this name
664,,pm-profiler,NOT_FOUND,not_available,,No database found with this name
675,,cervical spine x-ray atlas,NOT_FOUND,not_available,,No database found with this name
680,forage,,NOT_FOUND,not_available,,No database found with this name
683,mcr,,NOT_FOUND,not_available,,Too generic - cannot determine specific database
692,,rare disease cures accelerator-data,NOT_FOUND,not_available,,No database found with this name
707,,eco-isea3h,NOT_FOUND,not_available,,No database found with this name
721,prohap,,NOT_FOUND,not_available,,No database found with this name
724,,synergistic activation platform,NOT_FOUND,not_available,,No database found with this name
735,blv,,NOT_FOUND,not_available,,Too generic - cannot determine specific database
745,,pharmacogenomics clinical annotation tool,NOT_FOUND,not_available,,Tool - not a database
768,,dimspec,NOT_FOUND,not_available,,No database found with this name
777,,of guidance for health scientists,NOT_FOUND,not_available,,Not a database name
793,,isoasp-quest,NOT_FOUND,not_available,,No database found with this name
794,,rapid-glue,NOT_FOUND,not_available,,No database found with this name
807,,cure-pros,NOT_FOUND,not_available,,No database found with this name
812,,knockin translating ribosome immunoprecipitation,NOT_FOUND,not_available,,Technique - not a database
826,mylo,,NOT_FOUND,not_available,,No database found with this name
827,,merging chemicals database for national awareness,NOT_FOUND,not_available,,No database found with this name
840,,hypospadias biobank cohort,NOT_FOUND,not_available,,Biobank - not a public database
852,,exprsweb,NOT_FOUND,not_available,,No database found with this name
853,search,,NOT_FOUND,not_available,,Too generic - cannot determine specific database
857,enia,,NOT_FOUND,not_available,,No database found with this name
868,,repromsig,NOT_FOUND,not_available,,No database found with this name
869,pemdb,,NOT_FOUND,not_available,,No database found with this name
878,rcsb,,https://www.rcsb.org/,web_search,HIGH,RCSB PDB - Protein Data Bank
883,,cellphepy,NOT_FOUND,not_available,,No database found with this name
902,,inorganic crystal structure prototype database,NOT_FOUND,not_available,,No database found with this name
906,,seq-well,NOT_FOUND,not_available,,Technique - not a database
908,,tropiroot 1.0,NOT_FOUND,not_available,,No database found with this name
910,,amazon biobank,NOT_FOUND,not_available,,Biobank - not a public database
917,dock-pet,,NOT_FOUND,not_available,,No database found with this name
922,vroa36,,NOT_FOUND,not_available,,No database found with this name
925,,fluidigm c1,NOT_FOUND,not_available,,Commercial platform - not a database
929,,soysnp618k,NOT_FOUND,not_available,,No database found with this name
936,ws22,,NOT_FOUND,not_available,,Too generic - cannot determine specific database
946,,rcsb-api,NOT_FOUND,not_available,,API for RCSB PDB - not a separate database
977,rock,,NOT_FOUND,not_available,,Too generic - cannot determine specific database
991,spark,,NOT_FOUND,not_available,,Too generic - cannot determine specific database
994,yeast,,NOT_FOUND,not_available,,Too generic - many yeast databases exist
995,,phenotypic plasticity platform,NOT_FOUND,not_available,,No database found with this name
1002,,radx-up,NOT_FOUND,not_available,,No database found with this name
1003,fppi,,NOT_FOUND,not_available,,No database found with this name
1006,,database of essential genes,NOT_FOUND,not_available,,DEG likely exists but unclear which version
1009,,fair-fish,NOT_FOUND,not_available,,No database found with this name
1013,,swissgenvar,NOT_FOUND,not_available,,No database found with this name
1014,,lungmap,NOT_FOUND,not_available,,LungMAP project exists but unclear if web database accessible
1017,,sequence alignment to predict,NOT_FOUND,not_available,,Incomplete name - cannot determine database
1028,,phylobook,NOT_FOUND,not_available,,No database found with this name
1047,,itrogen fixation database,NOT_FOUND,not_available,,Likely nitrogen fixation - no database found
1058,ipd-imgt,,NOT_FOUND,not_available,,IPD-IMGT likely exists but need confirmation
1062,,entralized interactive phenomics resource,NOT_FOUND,not_available,,Truncated name - cannot determine database
1063,,logistics information traceability model,NOT_FOUND,not_available,,Not a bioresource database
1065,,papertronics,NOT_FOUND,not_available,,No database found with this name
1069,,eulat ecollect,NOT_FOUND,not_available,,No database found with this name
1073,,research data repository,NOT_FOUND,not_available,,Too generic - many repositories exist
1087,it,,NOT_FOUND,not_available,,Too generic - cannot determine specific database
1088,anvar,,NOT_FOUND,not_available,,No database found with this name
1097,,tumor atlas network,NOT_FOUND,not_available,,No database found with this name
1118,,cloud platform for,NOT_FOUND,not_available,,Incomplete name - cannot determine database
1119,,paediatric respiratory sound database,NOT_FOUND,not_available,,No database found with this name
1128,,brain atlas,NOT_FOUND,not_available,,Too generic - many brain atlases exist
1131,,genome resource,NOT_FOUND,not_available,,Too generic - cannot determine specific database
1134,,librarians,NOT_FOUND,not_available,,Not a database name
1142,eq,,NOT_FOUND,not_available,,Too generic - cannot determine specific database
1143,,data commons,NOT_FOUND,not_available,,Too generic - many data commons exist
1149,chima,,NOT_FOUND,not_available,,No database found with this name
1151,,min sketch,NOT_FOUND,not_available,,Algorithm/technique - not a database
1153,,regulatory network resource,NOT_FOUND,not_available,,Too generic - cannot determine specific database
1154,aenet,,NOT_FOUND,not_available,,No database found with this name
1168,,pancreatic cancer action network,NOT_FOUND,not_available,,Organization - not a database
1174,net,,NOT_FOUND,not_available,,Too generic - cannot determine specific database
1189,,olmod,NOT_FOUND,not_available,,No database found with this name
1190,,lifechamps,NOT_FOUND,not_available,,No database found with this name
1191,kidney,,NOT_FOUND,not_available,,Too generic - many kidney databases exist
1197,,optical genome mapping,NOT_FOUND,not_available,,Technique - not a database
1204,,spatiotemporal transcriptomic,NOT_FOUND,not_available,,Too generic - technique not specific database
1215,e,,NOT_FOUND,not_available,,Too generic - cannot determine specific database
1224,,chloroplast,NOT_FOUND,not_available,,Too generic - many chloroplast databases exist
1225,,furfural,NOT_FOUND,not_available,,Chemical compound - not a database
1226,,ripen banana,NOT_FOUND,not_available,,Not a database
1230,cards,,NOT_FOUND,not_available,,Too generic - CARD database exists but unclear
1249,,plant community with,NOT_FOUND,not_available,,Incomplete name - cannot determine database
